player_id,player_display_name,position,season,recent_team,games,attempts,passing_yards,passing_tds,passing_interceptions,passing_2pt_conversions,carries,rushing_yards,rushing_tds,rushing_2pt_conversions,targets,receptions,receiving_yards,receiving_tds,receiving_2pt_conversions,fumbles_lost_total,sack_fumbles_lost,rushing_fumbles_lost,receiving_fumbles_lost,special_teams_tds,target_share,air_yards_share,wopr,fantasy_points,fantasy_points_ppr,calculated_fantasy_points_ppr
00-0019596,Tom Brady,QB,2016,NE,12,432,3554,28,2,1,28,64,0,0,0,0,0,0,0,0,0,0,0,0,0.0,0.0,0.0,258.56,258.56,258.56
00-0020337,Steve Smith,WR,2016,BAL,14,0,0,0,0,0,0,0,0,0,101,70,799,5,2,0,0,0,0,0,0.1518796992481203,0.17314557715192383,0.34902145287852715,113.9,183.9,183.9
00-0020531,Drew Brees,QB,2016,NO,16,673,5208,37,15,0,23,20,2,0,0,0,0,0,0,4,4,0,0,0,0.0,0.0,0.0,332.32,332.32,332.32
00-0020679,Shaun Hill,QB,2016,MIN,3,35,242,0,0,0,5,5,0,0,0,0,0,0,0,0,0,0,0,0,0.0,0.0,0.0,10.18,10.18,10.18
00-0021206,Josh McCown,QB,2016,CLE,5,165,1100,6,6,1,7,21,0,0,0,0,0,0,0,4,4,0,0,0,0.0,0.0,0.0,52.1,52.1,52.1
00-0021429,Carson Palmer,QB,2016,ARI,15,597,4233,26,14,1,14,38,0,0,0,0,0,0,0,4,3,1,0,0,0.0,0.0,0.0,243.12,243.12,243.12
00-0021547,Antonio Gates,TE,2016,LAC,13,0,0,0,0,0,0,0,0,0,93,53,548,7,0,1,0,0,1,0,0.16489361702127658,0.1565235090576023,0.35690688187223646,94.80000000000001,147.8,147.8
00-0021678,Tony Romo,QB,2016,DAL,1,4,29,1,0,0,0,0,0,0,0,0,0,0,0,0,0,0,0,0,0.0,0.0,0.0,5.16,5.16,5.16
00-0022044,Andre Johnson,WR,2016,TEN,6,0,0,0,0,0,0,0,0,0,23,9,85,2,0,0,0,0,0,0,0.04693877551020408,0.05642105263157895,0.10990290010741138,20.5,29.5,29.5
00-0022084,Anquan Boldin,WR,2016,DET,16,0,0,0,0,0,0,0,0,0,95,67,584,8,0,0,0,0,0,0,0.16379310344827586,0.12350147025559828,0.3321406843513326,106.4,173.4,173.4
00-0022127,Jason Witten,TE,2016,DAL,15,0,0,0,0,0,0,0,0,0,95,69,673,3,0,1,0,0,1,0,0.19832985386221294,0.15372710858911529,0.4051037568057001,83.3,152.3,152.3
00-0022787,Matt Schaub,QB,2016,ATL,3,3,16,0,0,0,2,-2,0,0,0,0,0,0,0,0,0,0,0,0,0.0,0.0,0.0,0.44,0.44,0.44
00-0022803,Eli Manning,QB,2016,NYG,16,598,4027,26,16,0,21,-9,0,0,0,0,0,0,0,4,4,0,0,0,0.0,0.0,0.0,224.18000000000004,224.18000000000004,224.18000000000004
00-0022921,Larry Fitzgerald,WR,2016,ARI,16,1,0,0,0,0,2,5,0,0,150,107,1023,6,0,1,0,0,1,0,0.2358490566037736,0.18536428110896197,0.4835285816819337,136.8,243.8,243.8
00-0022924,Ben Roethlisberger,QB,2016,PIT,14,509,3819,29,13,3,16,14,1,0,0,0,0,0,0,2,2,0,0,0,0.0,0.0,0.0,252.15999999999997,252.15999999999997,252.15999999999997
00-0022942,Philip Rivers,QB,2016,LAC,16,578,4386,33,21,0,14,35,0,0,0,0,0,0,0,5,5,0,0,0,0.0,0.0,0.0,258.94,258.94,258.94
00-0023436,Alex Smith,QB,2016,KC,15,489,3502,15,8,2,48,134,5,0,1,1,3,0,0,4,3,1,0,0,0.0018656716417910447,0.0,0.002798507462686567,223.78,224.78,224.78000000000003
00-0023459,Aaron Rodgers,QB,2016,GB,16,610,4428,40,7,1,67,369,4,1,0,0,0,0,0,4,2,2,0,0,0.0,0.0,0.0,380.02,380.02,380.02
00-0023496,Vincent Jackson,WR,2016,TB,5,0,0,0,0,0,0,0,0,0,32,15,173,0,0,0,0,0,0,0,0.05604203152364273,0.07475511256229593,0.13639162607907124,17.3,32.3,32.3
00-0023500,Frank Gore,RB,2016,IND,16,0,0,0,0,0,263,1025,4,0,47,38,277,4,0,1,0,1,0,0,0.08216783216783216,0.00020622808826562179,0.12339610791353417,176.20000000000002,214.20000000000002,214.2
00-0023564,Darren Sproles,RB,2016,PHI,15,0,0,0,0,0,94,438,2,0,71,52,427,2,0,0,0,0,0,0,0.11754966887417219,0.007688927943760984,0.18170675287189098,110.5,162.5,162.5
00-0023645,Derek Anderson,QB,2016,CAR,4,53,453,2,5,1,1,4,0,0,0,0,0,0,0,1,0,1,0,0,0.0,0.0,0.0,16.52,16.52,16.52
00-0023662,Matt Cassel,QB,2016,TEN,4,51,284,2,2,0,4,3,0,0,0,0,0,0,0,0,0,0,0,0,0.0,0.0,0.0,15.66,15.66,15.66
00-0023682,Ryan Fitzpatrick,QB,2016,NYJ,14,403,2710,12,17,0,33,130,0,0,0,0,0,0,0,1,1,0,0,0,0.0,0.0,0.0,133.4,133.4,133.4
00-0024217,Reggie Bush,RB,2016,BUF,10,0,0,0,0,0,12,-3,1,0,10,7,90,0,1,0,0,0,0,0,0.02178649237472767,0.016517857142857143,0.0442422385620915,16.700000000000003,23.700000000000003,23.7
00-0024221,Vernon Davis,TE,2016,WAS,15,0,0,0,0,0,0,0,0,0,59,44,583,2,0,0,0,0,0,0,0.09949409780775717,0.09911270530488955,0.21862004042505842,70.30000000000001,114.30000000000001,114.30000000000001
00-0024226,Jay Cutler,QB,2016,CHI,5,137,1059,4,5,0,5,24,0,0,0,0,0,0,0,2,2,0,0,0,0.0,0.0,0.0,46.76,46.76,46.76
00-0024242,DeAngelo Williams,RB,2016,PIT,8,0,0,0,0,0,98,343,4,0,27,18,118,2,0,0,0,0,0,0,0.04576271186440678,-0.003861003861003861,0.06594136509390747,82.1,100.1,100.10000000000001
00-0024243,Marcedes Lewis,TE,2016,JAX,10,0,0,0,0,0,0,0,0,0,30,20,169,1,0,0,0,0,0,0,0.048154093097913325,0.02696411251212415,0.0911060184053569,22.900000000000002,42.900000000000006,42.900000000000006
00-0024264,Kellen Clemens,QB,2016,LAC,1,1,0,0,0,0,2,-1,0,0,0,0,0,0,0,0,0,0,0,0,0.0,0.0,0.0,-0.1,-0.1,-0.1
00-0024268,Anthony Fasano,TE,2016,TEN,12,0,0,0,0,0,0,0,0,0,14,8,83,2,0,0,0,0,0,0,0.02857142857142857,0.022105263157894735,0.05833082706766917,20.3,28.3,28.3
00-0024272,Devin Hester,WR,2016,BAL,12,0,0,0,0,0,0,0,0,0,0,0,0,0,0,1,0,0,0,0,0.0,0.0,0.0,0.0,0.0,0.0
00-0024296,Charlie Whitehurst,QB,2016,CLE,1,24,182,1,1,0,2,1,0,0,0,0,0,0,0,0,0,0,0,0,0.0,0.0,0.0,9.38,9.38,9.38
00-0024334,Brandon Marshall,WR,2016,NYJ,15,0,0,0,0,0,0,0,0,0,128,59,788,3,0,0,0,0,0,0,0.23443223443223443,0.3268053855569155,0.5804121215381924,96.80000000000001,155.8,155.8
00-0024389,Delanie Walker,TE,2016,TEN,15,0,0,0,0,0,2,11,0,0,102,65,800,7,0,0,0,0,0,0,0.20816326530612245,0.2033684210526316,0.45460279269602577,123.10000000000001,188.10000000000002,188.1
00-0024535,Eric Weems,WR,2016,ATL,16,0,0,0,0,0,0,0,0,0,0,0,0,0,0,0,0,0,0,0,0.0,0.0,0.0,0.0,0.0,0.0
00-0025394,Adrian Peterson,RB,2016,MIN,3,0,0,0,0,0,37,72,0,0,6,3,8,0,0,1,0,1,0,0,0.010256410256410256,0.0005162622612287042,0.01574599896747548,6.0,9.0,9.0
00-0025396,Ted Ginn,WR,2016,CAR,16,0,0,0,0,0,14,98,0,0,95,54,752,4,0,2,0,0,0,0,0.1717902350813743,0.20469269830152337,0.40097024143312787,109.0,163.0,163.0
00-0025418,Greg Olsen,TE,2016,CAR,16,0,0,0,0,0,0,0,0,0,129,80,1073,3,1,0,0,0,0,0,0.2332730560578662,0.24619156014708457,0.5222436761897584,127.30000000000001,207.3,207.3
00-0025430,Drew Stanton,QB,2016,ARI,5,48,192,2,3,0,3,-3,0,0,0,0,0,0,0,0,0,0,0,0,0.0,0.0,0.0,9.379999999999999,9.379999999999999,9.379999999999999
00-0025549,Brent Celek,TE,2016,PHI,10,0,0,0,0,0,0,0,0,0,19,14,155,0,0,0,0,0,0,0,0.03145695364238411,0.02592267135325132,0.06533130041085208,15.5,29.5,29.5
00-0025708,Matt Moore,QB,2016,MIA,4,87,721,8,3,0,1,-1,0,0,0,0,0,0,0,0,0,0,0,0,0.0,0.0,0.0,54.74,54.74,54.74
00-0026008,Matthew Mulligan,TE,2016,DET,1,0,0,0,0,0,0,0,0,0,1,1,8,0,0,0,0,0,0,0,0.0017241379310344827,0.00022619316896629722,0.0027445421148281322,0.8,1.8,1.8
00-0026019,Danny Woodhead,RB,2016,LAC,2,0,0,0,0,0,19,116,0,0,8,6,35,1,0,0,0,0,0,0,0.014184397163120567,0.0028495827396702628,0.023271303662450032,21.1,27.1,27.1
00-0026035,Danny Amendola,WR,2016,NE,12,0,0,0,0,0,0,0,0,0,29,23,243,4,0,1,0,0,1,0,0.05311355311355311,0.05983106522759268,0.12155207532964454,46.3,69.3,69.3
00-0026143,Matt Ryan,QB,2016,ATL,16,534,4944,38,7,1,35,117,0,1,0,0,0,0,0,2,2,0,0,0,0.0,0.0,0.0,347.46,347.46,347.46
00-0026144,Darren McFadden,RB,2016,DAL,3,0,0,0,0,0,24,87,0,0,5,3,17,0,0,0,0,0,0,0,0.010438413361169102,-0.0025793139025019345,0.013852100310002299,10.4,13.4,13.400000000000002
00-0026153,Jonathan Stewart,RB,2016,CAR,13,0,0,0,0,0,218,824,9,0,21,8,60,0,0,2,0,2,0,0,0.0379746835443038,0.004552617755209245,0.06014885774510217,138.4,146.4,146.4
00-0026158,Joe Flacco,QB,2016,BAL,16,672,4317,20,15,4,21,58,2,0,0,0,0,0,0,3,2,1,0,0,0.0,0.0,0.0,242.48000000000002,242.48000000000002,242.48000000000002
00-0026164,Chris Johnson,RB,2016,ARI,4,0,0,0,0,0,25,95,1,0,1,0,0,0,0,0,0,0,0,0,0.0015723270440251573,0.0003223726627981947,0.0025841514299964723,15.5,15.5,15.5
00-0026176,Jordy Nelson,WR,2016,GB,16,0,0,0,0,0,0,0,0,0,152,97,1257,14,0,1,0,0,1,0,0.247557003257329,0.345646927789122,0.6132883543383789,207.7,304.7,304.7
00-0026182,Eddie Royal,WR,2016,CHI,9,0,0,0,0,0,0,0,0,0,43,33,369,2,0,0,0,0,0,1,0.07818181818181819,0.050067921599068504,0.15232027239207524,54.9,87.9,87.9
00-0026184,Matt Forte,RB,2016,NYJ,14,0,0,0,0,0,218,813,7,0,43,30,263,1,0,1,0,1,0,0,0.07875457875457875,-0.0055079559363525096,0.11427629897642137,153.60000000000002,183.60000000000002,183.60000000000002
00-0026189,DeSean Jackson,WR,2016,WAS,15,0,0,0,0,0,0,0,0,0,100,56,1005,4,0,0,0,0,0,0,0.16863406408094436,0.28110251085520105,0.44972285372005727,124.5,180.5,180.5
00-0026197,Chad Henne,QB,2016,JAX,1,0,0,0,0,0,1,-2,0,0,0,0,0,0,0,0,0,0,0,0,0.0,0.0,0.0,-0.2,-0.2,-0.2
00-0026201,Martellus Bennett,TE,2016,NE,16,0,0,0,0,0,2,10,0,0,73,55,701,7,0,0,0,0,0,0,0.1336996336996337,0.09056780854059127,0.26394691652786445,113.10000000000001,168.10000000000002,168.10000000000002
00-0026213,Jamaal Charles,RB,2016,KC,3,0,0,0,0,0,12,40,1,0,3,2,14,0,0,0,0,0,0,0,0.005597014925373134,-0.0018756698821007502,0.007082553470589176,11.4,13.4,13.4
00-0026224,Harry Douglas,WR,2016,TEN,8,0,0,0,0,0,0,0,0,0,22,15,210,0,0,0,0,0,0,0,0.044897959183673466,0.048210526315789475,0.10109430719656284,21.0,36.0,36.0
00-0026267,Jacob Tamme,TE,2016,ATL,8,0,0,0,0,0,0,0,0,0,31,22,210,3,0,0,0,0,0,0,0.05849056603773585,0.04119042484364891,0.11656914644715802,39.0,61.0,61.0
00-0026281,Gary Barnidge,TE,2016,CLE,16,0,0,0,0,0,0,0,0,0,82,55,612,2,1,0,0,0,0,0,0.14695340501792115,0.11830173124484748,0.3032413193982749,75.2,130.2,130.2
00-0026289,Tim Hightower,RB,2016,NO,16,0,0,0,0,0,133,548,4,0,26,22,200,1,0,0,0,0,0,0,0.0391566265060241,-0.0026987751712684244,0.05684579713914825,104.8,126.8,126.80000000000001
00-0026293,Matthew Slater,WR,2016,NE,7,0,0,0,0,0,1,5,0,0,1,0,0,0,0,1,0,0,0,0,0.0018315018315018315,0.011496949788831534,0.010795117599434821,0.5,0.5,0.5
00-0026298,Kellen Davis,TE,2016,NYJ,5,0,0,0,0,0,0,0,0,0,1,0,0,0,0,0,0,0,0,0,0.0018315018315018315,0.0008159934720522236,0.0033184481776893033,0.0,0.0,0.0
00-0026345,Pierre Garcon,WR,2016,WAS,16,0,0,0,0,0,0,0,0,0,114,79,1041,3,0,0,0,0,0,0,0.19224283305227655,0.22220124598829527,0.4439051217702215,122.10000000000001,201.10000000000002,201.10000000000002
00-0026373,Justin Forsett,RB,2016,DEN,9,0,0,0,0,0,87,291,1,0,27,20,85,0,0,1,0,1,0,0,0.0406015037593985,0.001388337961126537,0.061874092211886327,41.6,61.6,61.6
00-0026498,Matthew Stafford,QB,2016,DET,16,594,4327,24,10,1,37,207,2,0,0,0,0,0,0,2,2,0,0,0,0.0,0.0,0.0,279.78000000000003,279.78000000000003,279.78000000000003
00-0026544,Chase Daniel,QB,2016,PHI,1,1,16,0,0,0,0,0,0,0,0,0,0,0,0,0,0,0,0,0,0.0,0.0,0.0,0.64,0.64,0.64
00-0026625,Brian Hoyer,QB,2016,CHI,6,200,1445,6,0,0,7,-2,0,0,0,0,0,0,0,1,1,0,0,0,0.0,0.0,0.0,79.60000000000001,79.60000000000001,79.60000000000001
00-0026739,Jordan Norwood,WR,2016,DEN,14,0,0,0,0,0,1,0,0,0,35,21,232,1,0,3,0,0,1,0,0.06294964028776978,0.05675459632294165,0.13415267785771381,27.200000000000003,48.2,48.2
00-0026796,Arian Foster,RB,2016,MIA,4,0,0,0,0,0,22,55,0,0,10,6,78,0,0,0,0,0,0,0,0.021413276231263382,0.01025236593059937,0.039296570498314636,13.3,19.3,19.3
00-0026855,Antone Smith,RB,2016,TB,3,0,0,0,0,0,10,47,0,0,9,6,77,0,0,1,0,1,0,0,0.01576182136602452,0.006014779171678982,0.027853077469212065,10.4,16.4,16.4
00-0026898,Mark Sanchez,QB,2016,DAL,2,18,93,0,2,0,4,-2,0,0,0,0,0,0,0,0,0,0,0,0,0.0,0.0,0.0,-0.4799999999999998,-0.4799999999999998,-0.4799999999999998
00-0026901,Mike Wallace,WR,2016,BAL,16,0,0,0,0,0,5,31,0,0,116,72,1017,4,1,0,0,0,0,0,0.17443609022556392,0.2804442681475605,0.4579651230416382,130.8,202.8,202.8
00-0026932,Cedric Peerman,RB,2016,CIN,4,0,0,0,0,0,6,15,0,0,1,0,0,0,0,0,0,0,0,0,0.0018450184501845018,0.0,0.0027675276752767526,1.5,1.5,1.5
00-0026957,David Johnson,TE,2016,PIT,11,0,0,0,0,0,0,0,0,0,11,7,80,0,1,0,0,0,0,0,0.01864406779661017,0.011003861003861004,0.03566880439761796,10.0,17.0,17.0
00-0026983,Darrius Heyward-Bey,WR,2016,PIT,7,0,0,0,0,0,1,60,1,0,19,6,114,2,0,0,0,0,0,0,0.03220338983050847,0.0749034749034749,0.10073751717819515,35.400000000000006,41.400000000000006,41.4
00-0026986,Michael Crabtree,WR,2016,LV,16,0,0,0,0,0,0,0,0,0,145,89,1003,8,1,0,0,0,0,0,0.2461799660441426,0.32956029603831083,0.5999621562930315,150.3,239.3,239.3
00-0026995,Jeremy Maclin,WR,2016,KC,12,1,0,0,0,0,1,-1,0,0,76,44,536,2,0,0,0,0,0,0,0.1417910447761194,0.21891747052518756,0.36592879653181043,65.5,109.5,109.5
00-0026998,Percy Harvin,WR,2016,BUF,1,0,0,0,0,0,1,11,0,0,4,2,6,0,0,0,0,0,0,0,0.008714596949891068,0.0017857142857142857,0.014321895424836603,1.7000000000000002,3.7,3.7
00-0027006,Kenny Britt,WR,2016,LA,15,0,0,0,0,0,0,0,0,0,111,68,1002,5,0,1,0,0,1,0,0.20943396226415095,0.3237778346557461,0.5407954276552487,128.2,196.2,196.2
00-0027029,LeSean McCoy,RB,2016,BUF,15,0,0,0,0,0,234,1267,13,1,57,50,356,1,0,0,0,0,0,0,0.12418300653594772,-0.00625,0.18189950980392158,248.3,298.3,298.29999999999995
00-0027057,Brandon Tate,WR,2016,BUF,15,0,0,0,0,0,3,48,0,0,11,8,117,0,0,0,0,0,0,0,0.023965141612200435,0.018973214285714284,0.049228962418300645,16.5,24.5,24.5
00-0027061,Jared Cook,TE,2016,GB,10,0,0,0,0,0,0,0,0,0,51,30,377,1,0,1,0,0,1,0,0.08306188925081433,0.0933729348431409,0.18995388826642012,41.7,71.7,71.7
00-0027125,Zach Miller,TE,2016,CHI,10,0,0,0,0,0,0,0,0,0,64,47,486,4,0,0,0,0,0,0,0.11636363636363636,0.08286435086357462,0.2325505001499568,72.6,119.6,119.6
00-0027135,Brandon Myers,TE,2016,TB,10,0,0,0,0,0,0,0,0,0,14,7,59,1,1,0,0,0,0,0,0.024518388791593695,0.019934696683278914,0.050731870865685785,13.9,20.9,20.9
00-0027139,John Phillips,TE,2016,NO,9,0,0,0,0,0,0,0,0,0,15,10,72,1,0,0,0,0,0,0,0.02697841726618705,0.014588329336530776,0.05067945643485212,13.2,23.2,23.2
00-0027150,Julian Edelman,WR,2016,NE,16,0,0,0,0,0,12,57,0,0,159,98,1106,3,1,2,0,0,1,0,0.29120879120879123,0.3334115438761145,0.6702012675264669,134.3,232.3,232.3
00-0027155,Rashad Jennings,RB,2016,NYG,13,0,0,0,0,0,181,593,3,0,42,35,201,1,0,0,0,0,0,0,0.07035175879396985,-0.018290089323692044,0.09272457566437034,103.4,138.4,138.4
00-0027215,Logan Paulsen,TE,2016,CHI,10,0,0,0,0,0,0,0,0,0,10,3,15,0,0,0,0,0,0,0,0.01818181818181818,0.009314962157966233,0.03379320078330363,1.5,4.5,4.5
00-0027218,Joique Bell,RB,2016,DET,3,0,0,0,0,0,3,6,0,0,1,1,-2,0,0,0,0,0,0,0,0.0018181818181818182,-0.00038812342324859306,0.0024555863309987124,0.4,1.4,1.4000000000000001
00-0027265,Victor Cruz,WR,2016,NYG,14,0,0,0,0,0,0,0,0,0,72,39,586,1,0,1,0,0,1,0,0.12060301507537688,0.1831135686941727,0.3090840206989862,62.599999999999994,101.6,101.6
00-0027325,LeGarrette Blount,RB,2016,NE,16,0,0,0,0,0,299,1161,18,0,8,7,38,0,0,1,0,1,0,0,0.014652014652014652,-0.0009385265133740028,0.021321053418660176,225.9,232.9,232.90000000000003
00-0027531,Chris Ivory,RB,2016,JAX,11,0,0,0,0,0,117,439,3,0,28,20,186,0,0,3,0,3,0,0,0.0449438202247191,-0.00019398642095053346,0.06727993984241327,74.5,94.5,94.5
00-0027595,Bryan Walters,WR,2016,JAX,10,0,0,0,0,0,1,4,0,0,34,24,231,2,0,1,0,0,0,0,0.05457463884430177,0.041125121241513095,0.11064954313551181,35.5,59.5,59.5
00-0027651,Dexter McCluster,WR,2016,LAC,6,0,0,0,0,0,3,2,0,0,11,7,36,0,0,0,0,0,0,0,0.01950354609929078,0.0034602076124567475,0.031677464477655896,3.8000000000000003,10.8,10.8
00-0027654,Arrelious Benn,WR,2016,JAX,12,0,0,0,0,0,0,0,0,0,10,5,116,1,0,0,0,0,0,0,0.016051364365971106,0.021920465567410282,0.039421372446143854,17.6,22.6,22.6
00-0027656,Rob Gronkowski,TE,2016,NE,8,0,0,0,0,0,0,0,0,0,38,25,540,3,0,0,0,0,0,0,0.0695970695970696,0.12412013139371188,0.1912796963712027,72.0,97.0,97.0
00-0027675,Ed Dickson,TE,2016,CAR,13,0,0,0,0,0,0,0,0,0,19,10,134,1,0,0,0,0,0,0,0.034358047016274866,0.02941691472596743,0.07212891083258949,19.4,29.4,29.4
00-0027681,Brandon LaFell,WR,2016,CIN,16,0,0,0,0,0,1,-2,0,0,107,64,862,6,0,0,0,0,0,0,0.1974169741697417,0.2425271739130435,0.465894482993743,122.0,186.0,186.0
00-0027685,Emmanuel Sanders,WR,2016,DEN,15,0,0,0,0,0,1,4,0,0,137,79,1032,5,0,0,0,0,0,0,0.24640287769784172,0.3363309352517986,0.6050359712230216,133.60000000000002,212.60000000000002,212.60000000000002
00-0027690,Eric Decker,WR,2016,NYJ,3,0,0,0,0,0,0,0,0,0,21,9,194,2,0,0,0,0,0,0,0.038461538461538464,0.06793145654834762,0.10524432727615102,31.400000000000002,40.400000000000006,40.400000000000006
00-0027691,Andre Roberts,WR,2016,DET,16,0,0,0,0,0,0,0,0,0,25,14,188,1,0,1,0,0,0,2,0.04310344827586207,0.08120334765890071,0.1214975157750236,36.8,50.8,50.8
00-0027696,Jimmy Graham,TE,2016,SEA,16,0,0,0,0,0,1,0,0,0,95,65,923,6,0,2,0,0,2,0,0.17335766423357665,0.18230563002680966,0.38765043736913174,124.30000000000001,189.3,189.3
00-0027714,Dennis Pitta,TE,2016,BAL,16,0,0,0,0,0,0,0,0,0,121,86,729,2,0,1,0,0,1,0,0.18195488721804512,0.14775882586275288,0.3763635089309947,82.9,168.9,168.9
00-0027725,Clay Harbor,TE,2016,DET,4,0,0,0,0,0,0,0,0,0,3,3,19,0,0,0,0,0,0,0,0.005172413793103448,0.0009047726758651889,0.008391961562760805,1.9000000000000001,4.9,4.9
00-0027791,James Starks,RB,2016,GB,9,0,0,0,0,0,63,145,0,0,25,19,134,2,0,0,0,0,0,0,0.04071661237785016,-0.005940226471134212,0.0569167600369813,39.900000000000006,58.900000000000006,58.9
00-0027793,Antonio Brown,WR,2016,PIT,15,0,0,0,0,0,3,9,0,0,154,106,1284,12,0,0,0,0,0,0,0.26101694915254237,0.30579150579150577,0.6055794777828676,201.3,307.3,307.3
00-0027796,Joe Webb,QB,2016,CAR,9,0,0,0,0,0,0,0,0,0,3,1,3,0,0,0,0,0,0,0,0.0054249547920434,0.004727718438101909,0.011446835094736436,0.30000000000000004,1.3,1.3
00-0027816,Marc Mariani,WR,2016,TEN,16,0,0,0,0,0,1,15,0,0,0,0,0,0,0,0,0,0,0,0,0.0,0.0,0.0,1.5,1.5,1.5
00-0027854,Sam Bradford,QB,2016,MIN,15,552,3877,20,5,0,20,53,0,0,1,1,5,0,0,5,5,0,0,0,0.0017094017094017094,0.0,0.002564102564102564,220.88000000000002,221.88000000000002,221.88000000000002
00-0027861,C.J. Spiller,RB,2016,NYJ,6,0,0,0,0,0,6,18,0,0,13,6,50,1,0,0,0,0,0,0,0.023722627737226276,0.015673334708187256,0.04655527590157049,12.8,18.8,18.8
00-0027864,Ryan Mathews,RB,2016,PHI,13,0,0,0,0,0,155,661,8,2,14,13,115,1,0,2,0,2,0,0,0.023178807947019868,0.0021968365553602814,0.036305997509282,131.60000000000002,144.60000000000002,144.60000000000002
00-0027873,Jermaine Gresham,TE,2016,ARI,16,0,0,0,0,0,0,0,0,0,61,37,391,2,0,0,0,0,0,0,0.0959119496855346,0.07285622179239201,0.1948672797829763,51.1,88.1,88.1
00-0027874,Demaryius Thomas,WR,2016,DEN,16,0,0,0,0,0,0,0,0,0,144,90,1083,5,1,2,0,0,2,0,0.2589928057553957,0.2959632294164668,0.5956634692246203,136.3,226.3,226.3
00-0027891,Golden Tate,WR,2016,DET,16,0,0,0,0,0,10,4,0,0,135,91,1077,4,1,1,0,1,0,0,0.23275862068965517,0.24587197466636507,0.5212483133009382,132.10000000000002,223.10000000000002,223.10000000000002
00-0027902,Dez Bryant,WR,2016,DAL,13,1,10,1,0,0,0,0,0,0,96,50,796,8,0,1,0,0,1,0,0.20041753653444677,0.3574929068867681,0.5508713396224079,130.0,180.0,180.0
00-0027918,Andrew Hawkins,WR,2016,CLE,16,0,0,0,0,0,2,0,0,0,54,33,324,3,0,0,0,0,0,0,0.0967741935483871,0.08862324814509481,0.207197564024147,50.4,83.4,83.4
00-0027939,Cam Newton,QB,2016,CAR,15,510,3509,19,14,1,90,359,5,1,0,0,0,0,0,2,2,0,0,0,0.0,0.0,0.0,254.26,254.26,254.26
00-0027942,A.J. Green,WR,2016,CIN,10,0,0,0,0,0,0,0,0,0,100,66,964,4,0,0,0,0,0,0,0.18450184501845018,0.2798913043478261,0.47267668057115353,120.4,186.4,186.4
00-0027944,Julio Jones,WR,2016,ATL,14,0,0,0,0,0,0,0,0,0,129,83,1409,6,0,0,0,0,0,0,0.24339622641509434,0.39271080439939615,0.6399919027022187,176.9,259.9,259.9
00-0027948,Blaine Gabbert,QB,2016,SF,6,160,925,5,6,0,40,173,2,0,1,1,-16,0,0,0,0,0,0,0,0.002053388090349076,-0.00299028158484924,0.0009868850261291464,72.7,73.7,73.7
00-0027966,Mark Ingram,RB,2016,NO,16,0,0,0,0,0,205,1043,6,2,58,46,319,4,0,2,0,2,0,0,0.08734939759036145,0.0018683828108781398,0.1323319643531569,196.20000000000002,242.20000000000002,242.20000000000002
00-0027973,Andy Dalton,QB,2016,CIN,16,563,4206,18,8,0,46,184,4,0,0,0,0,0,0,3,1,2,0,0,0.0,0.0,0.0,260.64,260.64,260.64
00-0027974,Colin Kaepernick,QB,2016,SF,11,331,2241,16,4,0,69,468,2,1,0,0,0,0,0,3,1,2,0,0,0.0,0.0,0.0,200.44,200.44,200.44
00-0027981,Kyle Rudolph,TE,2016,MIN,16,0,0,0,0,0,0,0,0,0,132,83,840,7,0,0,0,0,0,0,0.22564102564102564,0.22096024780588538,0.49313371192565825,126.0,209.0,209.0
00-0027985,Lance Kendricks,TE,2016,LA,16,0,0,0,0,0,0,0,0,0,87,50,499,2,0,1,0,0,1,0,0.1641509433962264,0.11082672126951626,0.323805119983001,59.900000000000006,109.9,109.9
00-0027994,Shane Vereen,RB,2016,NYG,5,0,0,0,0,0,33,158,1,0,19,11,94,0,0,2,0,1,1,0,0.031825795644891124,0.009995746490854955,0.05473571601093515,27.200000000000003,38.2,38.2
00-0027996,Torrey Smith,WR,2016,SF,12,0,0,0,0,0,0,0,0,0,49,20,267,3,0,0,0,0,0,0,0.10061601642710473,0.1644654871667082,0.26604986565735284,44.7,64.7,64.7
00-0028002,Randall Cobb,WR,2016,GB,13,0,0,0,0,0,10,33,0,0,84,60,610,4,0,0,0,0,0,0,0.13680781758957655,0.09857063300538332,0.2742111694881332,88.3,148.3,148.3
00-0028009,DeMarco Murray,RB,2016,TEN,16,2,10,1,0,0,293,1287,9,0,67,53,377,3,0,1,0,1,0,0,0.13673469387755102,0.012421052631578947,0.2137967776584318,240.8,293.8,293.8
00-0028011,Stevan Ridley,RB,2016,ATL,1,0,0,0,0,0,3,7,0,0,0,0,0,0,0,0,0,0,0,0,0.0,0.0,0.0,0.7000000000000001,0.7000000000000001,0.7000000000000001
00-0028012,Ryan Mallett,QB,2016,BAL,4,6,26,0,1,0,5,-6,0,0,0,0,0,0,0,0,0,0,0,0,0.0,0.0,0.0,-1.56,-1.56,-1.56
00-0028040,Jordan Cameron,TE,2016,MIA,3,0,0,0,0,0,0,0,0,0,11,8,60,1,0,0,0,0,0,0,0.023554603854389723,0.022870662460567823,0.05134136950398206,12.0,20.0,20.0
00-0028042,Luke Stocker,TE,2016,TB,6,0,0,0,0,0,0,0,0,0,8,5,23,0,0,0,0,0,0,0,0.014010507880910683,0.0020622100017185082,0.02245930882256898,2.3000000000000003,7.300000000000001,7.300000000000001
00-0028050,Greg Salas,WR,2016,BUF,2,0,0,0,0,0,0,0,0,0,6,4,89,1,0,0,0,0,0,0,0.013071895424836602,0.02075892857142857,0.0341390931372549,14.9,18.9,18.9
00-0028052,Cecil Shorts,WR,2016,TB,7,0,0,0,0,0,0,0,0,0,27,11,152,0,0,0,0,0,0,0,0.047285464098073555,0.06753737755628114,0.11820436043650713,15.200000000000001,26.200000000000003,26.200000000000003
00-0028063,Taiwan Jones,RB,2016,LV,10,0,0,0,0,0,1,-8,0,0,4,4,43,0,0,0,0,0,0,0,0.006791171477079796,-0.0034828036569438396,0.007748794655759006,3.5,7.5,7.5
00-0028064,Bilal Powell,RB,2016,NYJ,16,0,0,0,0,0,131,722,3,0,74,58,388,2,0,1,0,0,1,0,0.13553113553113552,-0.006731946144430845,0.1985843409956017,139.0,197.0,197.0
00-0028067,Julius Thomas,TE,2016,JAX,9,0,0,0,0,0,0,0,0,0,51,30,281,4,0,0,0,0,0,0,0.08186195826645265,0.07041707080504364,0.1720848869632095,52.1,82.1,82.1
00-0028083,Jacquizz Rodgers,RB,2016,TB,10,0,0,0,0,0,129,560,2,0,16,13,98,0,0,0,0,0,0,0,0.028021015761821366,0.00017185083347654237,0.04215181922616563,77.8,90.8,90.8
00-0028087,Dion Lewis,RB,2016,NE,7,0,0,0,0,0,64,283,0,0,24,17,94,0,0,0,0,0,0,0,0.04395604395604396,0.02041295166588456,0.08022313210018513,37.7,54.7,54.7
00-0028091,Jeremy Kerley,WR,2016,SF,16,0,0,0,0,0,0,0,0,0,115,64,667,3,0,1,0,0,0,0,0.23613963039014374,0.24619985048592075,0.5265493409253601,84.7,148.7,148.7
00-0028093,Niles Paul,TE,2016,WAS,4,0,0,0,0,0,0,0,0,0,2,2,27,0,0,0,0,0,0,0,0.003372681281618887,0.00018878610534264677,0.005191172196168183,2.7,4.7,4.7
00-0028097,Lee Smith,TE,2016,LV,4,0,0,0,0,0,0,0,0,0,6,6,29,0,0,0,0,0,0,0,0.010186757215619695,-0.00065302568567697,0.014823017843455664,2.9000000000000004,8.9,8.9
00-0028112,Charles Clay,TE,2016,BUF,15,0,0,0,0,0,0,0,0,0,87,57,552,4,0,0,0,0,0,0,0.1895424836601307,0.1549107142857143,0.39275122549019603,79.2,136.2,136.2
00-0028114,Dwayne Harris,WR,2016,NYG,16,0,0,0,0,0,0,0,0,0,1,1,13,1,0,1,0,0,0,0,0.0016750418760469012,0.00276478094427903,0.0044479094750656725,7.3,8.3,8.3
00-0028116,Aldrick Robinson,WR,2016,ATL,13,0,0,0,0,0,0,0,0,0,32,20,323,2,0,0,0,0,0,0,0.06037735849056604,0.08604701315505715,0.15079894694438906,44.300000000000004,64.30000000000001,64.30000000000001
00-0028118,Tyrod Taylor,QB,2016,BUF,15,436,3023,17,6,1,95,580,6,1,0,0,0,0,0,2,1,1,0,0,0.0,0.0,0.0,270.92,270.92,270.92
00-0028121,Jordan Todman,RB,2016,IND,13,0,0,0,0,0,9,59,0,0,1,0,0,0,0,0,0,0,0,1,0.0017482517482517483,-0.00041245617653124357,0.002333658298805752,11.9,11.9,11.9
00-0028142,Virgil Green,TE,2016,DEN,10,0,0,0,0,0,0,0,0,0,37,22,237,1,0,0,0,0,0,0,0.06654676258992806,0.05075939248601119,0.13535171862509993,29.700000000000003,51.7,51.7
00-0028198,Matt Asiata,RB,2016,MIN,16,0,0,0,0,0,121,402,6,0,38,32,263,0,0,1,0,1,0,0,0.06495726495726496,0.005937016004130098,0.10159180863878851,100.5,132.5,132.5
00-0028202,Shaun Draughn,RB,2016,SF,15,0,0,0,0,0,74,196,4,0,39,29,263,2,0,1,0,0,1,0,0.08008213552361396,0.0348866184899078,0.1445438362283564,79.9,108.9,108.9
00-0028237,Chris Hogan,WR,2016,NE,15,0,0,0,0,0,3,9,0,0,58,38,680,4,0,1,0,0,1,0,0.10622710622710622,0.18770530267480057,0.2907343712130197,90.9,128.9,128.9
00-0028249,Jeremy Ross,WR,2016,ARI,5,0,0,0,0,0,0,0,0,0,4,4,37,1,0,0,0,0,0,0,0.007326007326007326,0.006119951040391677,0.015272976717285162,9.7,13.7,13.7
00-0028263,Andre Holmes,WR,2016,LV,16,0,0,0,0,0,0,0,0,0,25,14,126,3,0,0,0,0,0,0,0.042444821731748725,0.046147148454505876,0.09597023651577719,30.6,44.6,44.6
00-0028409,DuJuan Harris,RB,2016,SF,8,0,0,0,0,0,38,138,0,0,9,8,115,1,0,2,0,1,1,0,0.018480492813141684,-0.00099676052828308,0.02702300684991437,27.3,35.3,35.3
00-0028411,Dontrelle Inman,WR,2016,LAC,16,0,0,0,0,0,0,0,0,0,97,58,810,4,0,0,0,0,0,0,0.17198581560283688,0.21616120496641564,0.40929156688074625,105.0,163.0,163.0
00-0028434,Doug Baldwin,WR,2016,SEA,16,1,15,1,0,0,3,2,0,0,125,94,1128,7,0,0,0,0,0,0,0.2281021897810219,0.22891317797484018,0.502392509253921,159.6,253.6,253.60000000000002
00-0028497,Kamar Aiken,WR,2016,BAL,16,0,0,0,0,0,0,0,0,0,50,29,328,1,0,0,0,0,0,0,0.07518796992481203,0.11225704085680285,0.19136188348698002,38.800000000000004,67.80000000000001,67.80000000000001
00-0028581,Patrick DiMarco,RB,2016,ATL,10,0,0,0,0,0,0,0,0,0,10,7,52,1,0,0,0,0,0,0,0.018867924528301886,0.004744446840629717,0.03162299958089363,11.2,18.2,18.2
00-0028595,Scott Tolzien,QB,2016,IND,2,37,216,1,2,0,6,3,0,0,0,0,0,0,0,0,0,0,0,0,0.0,0.0,0.0,8.940000000000001,8.940000000000001,8.940000000000001
00-0028795,Chase Reynolds,RB,2016,LA,11,0,0,0,0,0,0,0,0,0,1,1,4,0,0,0,0,0,0,0,0.0018867924528301887,0.0007678525723061172,0.0033676854798595653,0.4,1.4,1.4
00-0028825,Terrelle Pryor,WR,2016,CLE,16,9,41,0,0,0,8,21,1,0,140,77,1007,4,1,0,0,0,0,0,0.25089605734767023,0.40560593569661996,0.6602682410091394,136.44,213.44,213.44
00-0028838,Larry Donnell,TE,2016,NYG,7,0,0,0,0,0,0,0,0,0,22,15,92,1,0,1,0,0,1,0,0.03685092127303183,0.021692896639727774,0.07046140955735718,13.200000000000001,28.200000000000003,28.200000000000003
00-0028903,Garrett Celek,TE,2016,SF,14,0,0,0,0,0,0,0,0,0,50,29,350,3,0,1,0,0,1,0,0.1026694045174538,0.1153750311487665,0.23476662858031727,51.0,80.0,80.0
00-0028958,Cory Harkey,TE,2016,LA,1,0,0,0,0,0,0,0,0,0,0,0,0,0,0,0,0,0,0,0,0.0,0.0,0.0,0.0,0.0,0.0
00-0028986,Case Keenum,QB,2016,LA,10,322,2201,9,11,0,20,51,1,0,0,0,0,0,0,1,1,0,0,0,0.0,0.0,0.0,111.14,111.14,111.14
00-0028987,Phillip Supernaw,TE,2016,TEN,7,0,0,0,0,0,0,0,0,0,5,4,62,0,0,0,0,0,0,0,0.01020408163265306,0.004,0.018106122448979592,6.2,10.2,10.2
00-0028994,Dominique Jones,TE,2016,MIA,5,0,0,0,0,0,0,0,0,0,10,7,61,1,0,0,0,0,0,0,0.021413276231263382,0.007360672975814932,0.03727238542996553,12.100000000000001,19.1,19.1
00-0029000,Cole Beasley,WR,2016,DAL,16,1,0,0,0,0,1,7,0,0,98,75,833,5,0,0,0,0,0,0,0.2045929018789144,0.15372710858911529,0.41449832883075227,114.0,189.0,189.0
00-0029004,Lance Dunbar,RB,2016,DAL,12,0,0,0,0,0,9,31,1,0,24,16,122,0,0,0,0,0,0,0,0.05010438413361169,0.014186226463760639,0.08508693472505,21.3,37.3,37.3
00-0029033,Griff Whalen,WR,2016,LAC,4,0,0,0,0,0,0,0,0,0,4,2,22,0,0,0,0,0,0,0,0.0070921985815602835,0.0018318746183594546,0.011920610105192044,2.2,4.2,4.2
00-0029048,Joe Banyard,RB,2016,JAX,1,0,0,0,0,0,2,7,0,0,0,0,0,0,0,0,0,0,0,0,0.0,0.0,0.0,0.7000000000000001,0.7000000000000001,0.7000000000000001
00-0029091,Bradley Sowell,TE,2016,SEA,4,0,0,0,0,0,0,0,0,0,0,0,0,0,0,0,0,0,0,0,0.0,0.0,0.0,0.0,0.0,0.0
00-0029119,Derek Carrier,TE,2016,WAS,3,0,0,0,0,0,0,0,0,0,2,2,10,0,0,0,0,0,0,0,0.003372681281618887,0.0015102888427411742,0.006116224112347152,1.0,3.0,3.0
00-0029129,Rod Streater,WR,2016,SF,14,0,0,0,0,0,0,0,0,0,27,18,191,2,0,0,0,0,0,0,0.055441478439425054,0.05806130077248941,0.12380512819988018,31.1,49.1,49.1
00-0029137,Alshon Jeffery,WR,2016,CHI,12,0,0,0,0,0,0,0,0,0,94,52,821,2,0,0,0,0,0,0,0.1709090909090909,0.2464583737628566,0.42888449799763595,94.10000000000001,146.10000000000002,146.10000000000002
00-0029141,Alfred Morris,RB,2016,DAL,14,0,0,0,0,0,69,243,2,0,6,3,11,0,0,0,0,0,0,0,0.012526096033402923,-0.0033531080732525148,0.016441968398827625,37.400000000000006,40.400000000000006,40.4
00-0029159,Jermaine Kearse,WR,2016,SEA,16,0,0,0,0,0,0,0,0,0,89,41,510,1,0,0,0,0,0,0,0.1624087591240876,0.21468343988451227,0.39389154660528997,57.0,98.0,98.0
00-0029205,Travaris Cadet,RB,2016,NO,15,0,0,0,0,0,4,19,0,0,54,40,281,4,0,0,0,0,0,0,0.08132530120481928,0.03965123520863608,0.14974381645327417,54.0,94.0,94.0
00-0029239,Brandon Bolden,RB,2016,NE,6,0,0,0,0,0,1,4,0,0,4,2,15,0,0,0,0,0,0,0,0.007326007326007326,0.0077428437353355235,0.016409001603745855,1.9000000000000001,3.9000000000000004,3.9
00-0029263,Russell Wilson,QB,2016,SEA,16,546,4219,21,11,1,72,259,1,0,2,2,14,1,0,2,0,2,0,0,0.0036496350364963502,0.0012373685295937306,0.006340610525460137,268.06,270.06,270.05999999999995
00-0029269,Travis Benjamin,WR,2016,LAC,14,1,0,0,0,0,2,-3,0,0,75,47,677,4,0,3,0,0,2,0,0.13297872340425532,0.20293099938937512,0.34151978467894556,87.4,134.4,134.4
00-0029273,Robert Turbin,RB,2016,IND,15,0,0,0,0,0,47,164,7,0,35,26,179,1,0,0,0,0,0,0,0.06118881118881119,-0.009074035883687359,0.08543139166463563,82.30000000000001,108.30000000000001,108.30000000000001
00-0029275,Ladarius Green,TE,2016,PIT,6,0,0,0,0,0,0,0,0,0,34,18,304,1,0,0,0,0,0,0,0.0576271186440678,0.07528957528957529,0.13914338066880438,36.400000000000006,54.400000000000006,54.400000000000006
00-0029293,Marvin Jones,WR,2016,DET,15,0,0,0,0,0,1,3,0,0,103,55,930,4,0,0,0,0,0,0,0.17758620689655172,0.32390861795973763,0.49311534291664394,117.30000000000001,172.3,172.3
00-0029319,Josh Bellamy,WR,2016,CHI,13,0,0,0,0,0,4,37,0,0,38,19,282,1,0,0,0,0,0,0,0.06909090909090909,0.11915389093731807,0.18704408729248628,37.900000000000006,56.900000000000006,56.900000000000006
00-0029336,Brittan Golden,WR,2016,ARI,12,0,0,0,0,0,0,0,0,0,14,8,82,1,0,1,0,0,1,0,0.0220125786163522,0.029013539651837523,0.05332834568081457,12.200000000000001,20.200000000000003,20.200000000000003
00-0029384,Bobby Rainey,RB,2016,NYG,11,0,0,0,0,0,17,63,0,0,25,20,153,0,0,1,0,0,0,0,0.04187604690117253,-0.004678860059549128,0.05953886831007441,21.6,41.6,41.6
00-0029388,Deonte Thompson,WR,2016,CHI,15,0,0,0,0,0,0,0,0,0,36,22,249,2,0,1,0,0,0,0,0.06545454545454546,0.09101494275179507,0.16189227810807472,36.900000000000006,58.900000000000006,58.900000000000006
00-0029391,Sean McGrath,TE,2016,LAC,9,0,0,0,0,0,0,0,0,0,2,2,25,0,0,0,0,0,0,0,0.0035460992907801418,0.0008141664970486464,0.005889065484104265,2.5,4.5,4.5
00-0029394,Brenton Bersin,WR,2016,CAR,2,0,0,0,0,0,0,0,0,0,6,2,17,0,0,0,0,0,0,0,0.0108499095840868,0.012432148485379093,0.024977368315895566,1.7000000000000002,3.7,3.7
00-0029414,Orson Charles,TE,2016,DET,1,0,0,0,0,0,0,0,0,0,0,0,0,0,0,0,0,0,0,0,0.0,0.0,0.0,0.0,0.0,0.0
00-0029415,Keshawn Martin,WR,2016,SF,1,0,0,0,0,0,0,0,0,0,0,0,0,0,0,1,0,0,0,0,0.0,0.0,0.0,0.0,0.0,0.0
00-0029492,Jamize Olawale,RB,2016,LV,13,0,0,0,0,0,17,47,2,0,14,12,227,1,0,0,0,0,0,0,0.023769100169779286,0.015019590770570308,0.04616736379406814,45.400000000000006,57.400000000000006,57.400000000000006
00-0029510,Jonathan Grimes,RB,2016,HOU,10,0,0,0,0,0,23,105,0,0,18,13,94,0,0,0,0,0,0,0,0.03119584055459272,0.004422999597909127,0.04988986055042547,19.900000000000002,32.900000000000006,32.9
00-0029567,Nick Foles,QB,2016,KC,2,55,410,3,0,0,4,-4,0,0,0,0,0,0,0,0,0,0,0,0,0.0,0.0,0.0,28.0,28.0,28.0
00-0029572,Jarius Wright,WR,2016,MIN,4,0,0,0,0,0,0,0,0,0,14,11,67,1,0,0,0,0,0,0,0.023931623931623933,0.014455343314403717,0.0460161762175185,12.7,23.7,23.7
00-0029580,Rishard Matthews,WR,2016,TEN,16,0,0,0,0,0,0,0,0,0,108,65,945,9,0,1,0,0,1,0,0.22040816326530613,0.3004210526315789,0.5409069817400645,146.5,211.5,211.5
00-0029587,Rhett Ellison,TE,2016,MIN,11,0,0,0,0,0,1,1,1,0,14,9,57,0,0,0,0,0,0,0,0.023931623931623933,0.010841507485802787,0.04348649113749785,11.8,20.8,20.8
00-0029601,Brandon Bostick,TE,2016,NYJ,9,0,0,0,0,0,0,0,0,0,11,8,63,0,0,0,0,0,0,0,0.020146520146520148,0.0055079559363525096,0.03407534937522698,6.300000000000001,14.3,14.3
00-0029604,Kirk Cousins,QB,2016,WAS,16,606,4917,25,12,0,34,96,4,0,0,0,0,0,0,3,2,1,0,0,0.0,0.0,0.0,300.28000000000003,300.28000000000003,300.28000000000003
00-0029608,T.Y. Hilton,WR,2016,IND,16,0,0,0,0,0,0,0,0,0,155,91,1448,6,1,0,0,0,0,0,0.270979020979021,0.3914209115281501,0.6804631695382366,182.8,273.8,273.8
00-0029612,Daryl Richardson,RB,2016,PIT,2,0,0,0,0,0,2,7,0,0,0,0,0,0,0,0,0,0,0,0,0.0,0.0,0.0,0.7000000000000001,0.7000000000000001,0.7000000000000001
00-0029613,Doug Martin,RB,2016,TB,8,0,0,0,0,0,144,421,3,0,16,14,134,0,0,1,0,1,0,0,0.028021015761821366,0.004811823337343186,0.04539979997887228,71.5,85.5,85.5
00-0029615,Lamar Miller,RB,2016,HOU,14,0,0,0,0,0,268,1073,5,0,39,31,188,1,0,1,0,1,0,0,0.06759098786828423,0.0038198632891033374,0.10406038610479869,160.10000000000002,191.10000000000002,191.10000000000002
00-0029626,Isaiah Pead,RB,2016,MIA,2,0,0,0,0,0,8,22,0,0,1,1,6,0,0,0,0,0,0,0,0.0021413276231263384,-0.0005257623554153522,0.002843957785898761,2.8000000000000003,3.8000000000000003,3.8000000000000003
00-0029632,Mohamed Sanu,WR,2016,ATL,15,0,0,0,0,0,1,5,0,0,81,59,653,4,1,1,0,0,1,0,0.15283018867924528,0.1384515850765581,0.3261613925724586,89.8,148.8,148.8
00-0029638,Michael Floyd,WR,2016,NE,14,0,0,0,0,0,0,0,0,0,76,37,488,5,0,0,0,0,0,0,0.11949685534591195,0.17891682785299806,0.3044870625159666,78.80000000000001,115.80000000000001,115.80000000000001
00-0029640,Brian Quick,WR,2016,LA,16,0,0,0,0,0,0,0,0,0,77,41,564,3,0,0,0,0,0,0,0.14528301886792452,0.2290760174046583,0.3782777404851476,74.4,115.4,115.4
00-0029665,Robert Griffin III,QB,2016,CLE,5,147,886,2,3,0,31,190,2,0,0,0,0,0,0,1,0,1,0,0,0.0,0.0,0.0,66.44,66.44,66.44
00-0029668,Andrew Luck,QB,2016,IND,15,545,4240,31,13,2,64,341,2,0,0,0,0,0,0,5,3,2,0,0,0.0,0.0,0.0,307.70000000000005,307.70000000000005,307.70000000000005
00-0029682,Brock Osweiler,QB,2016,HOU,15,510,2957,15,16,0,30,131,2,0,1,1,-14,0,0,1,1,0,0,0,0.0017331022530329288,-0.0012062726176115801,0.001755262547221287,167.98,168.98,168.98
00-0029683,Ronnie Hillman,RB,2016,LAC,8,0,0,0,0,0,41,131,0,0,15,7,93,0,0,0,0,0,0,0,0.02564102564102564,-0.002581311306143521,0.036654620547238,22.400000000000002,29.400000000000002,29.400000000000002
00-0029689,Dwayne Allen,TE,2016,IND,14,0,0,0,0,0,0,0,0,0,52,35,406,6,1,0,0,0,0,0,0.09090909090909091,0.09651474530831099,0.20392395807945404,78.6,113.6,113.6
00-0029697,Coby Fleener,TE,2016,NO,16,0,0,0,0,0,1,2,1,0,81,50,631,3,0,0,0,0,0,0,0.12198795180722892,0.15694415611376375,0.292842836990478,87.30000000000001,137.3,137.3
00-0029701,Ryan Tannehill,QB,2016,MIA,13,389,2995,19,12,1,39,164,1,0,0,0,0,0,0,3,2,1,0,0,0.0,0.0,0.0,190.20000000000002,190.20000000000002,190.20000000000002
00-0029708,Kendall Wright,WR,2016,TEN,11,0,0,0,0,0,1,15,0,0,43,29,416,3,0,0,0,0,0,0,0.08775510204081632,0.09157894736842105,0.19573791621911923,61.1,90.1,90.1
00-0029731,Fozzy Whittaker,RB,2016,CAR,16,0,0,0,0,0,57,265,0,0,33,25,226,0,0,1,0,1,0,0,0.059674502712477394,0.004902819120994572,0.09294372745341228,47.1,72.1,72.1
00-0029738,Darren Fells,TE,2016,ARI,9,0,0,0,0,0,0,0,0,0,18,14,154,1,0,0,0,0,0,0,0.02830188679245283,0.01708575112830432,0.05441285597849227,21.4,35.4,35.4
00-0029740,Ifeanyi Momah,TE,2016,ARI,5,0,0,0,0,0,0,0,0,0,4,2,50,0,0,0,0,0,0,0,0.006289308176100629,0.007253384912959381,0.01451133170322251,5.0,7.0,7.0
00-0029793,Brandon Williams,TE,2016,SEA,6,0,0,0,0,0,0,0,0,0,3,2,36,0,0,0,0,0,0,0,0.005474452554744526,0.00701175500103114,0.013119907332838587,3.6,5.6,5.6
00-0029795,Benny Cunningham,RB,2016,LA,11,0,0,0,0,0,21,101,0,0,21,16,91,0,0,0,0,0,0,0,0.03962264150943396,0.0053749680061428206,0.06319643986845092,19.200000000000003,35.2,35.2
00-0029848,Nick Williams,WR,2016,ATL,2,0,0,0,0,0,0,0,0,0,7,5,59,0,0,0,0,0,0,0,0.013207547169811321,0.007979296959240888,0.025396828626185607,5.9,10.9,10.9
00-0029854,C.J. Anderson,RB,2016,DEN,7,0,0,0,0,0,110,437,4,0,24,16,128,1,0,0,0,0,0,0,0.04316546762589928,0.009392486011191047,0.07132294164668265,86.5,102.5,102.5
00-0029878,MarQueis Gray,TE,2016,MIA,10,0,0,0,0,0,0,0,0,0,17,14,174,0,0,0,0,0,0,0,0.03640256959314775,0.03259726603575184,0.07742194061474791,17.400000000000002,31.400000000000002,31.400000000000002
00-0030035,Adam Thielen,WR,2016,MIN,16,0,0,0,0,0,2,15,0,0,92,69,967,5,0,1,0,0,0,0,0.15726495726495726,0.25529168817759423,0.41460161762175185,128.2,197.2,197.2
00-0030047,Marquess Wilson,WR,2016,CHI,3,0,0,0,0,0,0,0,0,0,16,9,160,1,0,0,0,0,0,0,0.02909090909090909,0.052784785561808656,0.0805857135296297,22.0,31.0,31.0
00-0030061,Zach Ertz,TE,2016,PHI,14,0,0,0,0,0,0,0,0,0,106,78,816,4,0,0,0,0,0,0,0.17549668874172186,0.18717047451669597,0.39426436527427,105.60000000000001,183.60000000000002,183.60000000000002
00-0030068,Marquise Goodwin,WR,2016,BUF,14,0,0,0,0,0,0,0,0,0,68,29,431,3,0,0,0,0,0,0,0.14814814814814814,0.22611607142857143,0.3805034722222222,61.1,90.1,90.1
00-0030085,Kenny Stills,WR,2016,MIA,16,0,0,0,0,0,0,0,0,0,81,42,726,9,0,0,0,0,0,0,0.1734475374732334,0.30467928496319663,0.47344680568408776,126.60000000000001,168.60000000000002,168.60000000000002
00-0030089,Luke Willson,TE,2016,SEA,10,0,0,0,0,0,0,0,0,0,21,15,129,2,0,0,0,0,0,0,0.03832116788321168,0.030315528975046403,0.07870262210734999,24.9,39.9,39.9
00-0030091,Tavarres King,WR,2016,NYG,3,0,0,0,0,0,0,0,0,0,4,2,50,0,0,0,0,0,0,0,0.006700167504187605,0.02552105487026797,0.027914989665468987,5.0,7.0,7.0
00-0030107,Theo Riddick,RB,2016,DET,10,0,0,0,0,0,92,357,1,0,67,53,371,5,0,0,0,0,0,0,0.11551724137931034,0.005202442886224836,0.17691757208932288,108.8,161.8,161.8
00-0030108,Ryan Griffin,TE,2016,HOU,16,0,0,0,0,0,0,0,0,0,74,50,442,2,0,1,0,0,1,0,0.12824956672443674,0.0973059911540008,0.26048854389445564,54.2,104.2,104.2
00-0030113,Charles D. Johnson,WR,2016,MIN,14,0,0,0,0,0,0,0,0,0,37,20,232,0,0,0,0,0,0,0,0.06324786324786325,0.1293236964377904,0.18539838237824813,23.200000000000003,43.2,43.2
00-0030117,Kerwynn Williams,RB,2016,ARI,5,0,0,0,0,0,18,157,2,0,2,1,6,0,0,0,0,0,0,0,0.0031446540880503146,0.00016118633139909736,0.004829811564054841,28.3,29.3,29.300000000000004
00-0030147,Russell Shepard,WR,2016,TB,13,0,0,0,0,0,1,9,0,0,40,23,341,2,0,0,0,0,0,0,0.07005253940455342,0.09417425674514521,0.17100078882843178,47.0,70.0,70.0
00-0030155,Demetrius Harris,TE,2016,KC,14,0,0,0,0,0,0,0,0,0,31,17,123,1,1,0,0,0,0,0,0.05783582089552239,0.05332261521972133,0.1240795619970885,20.3,37.3,37.3
00-0030181,Jack Doyle,TE,2016,IND,16,0,0,0,0,0,0,0,0,0,75,59,584,5,0,1,0,0,1,0,0.13111888111888112,0.09630851722004537,0.26409428373235344,86.4,145.4,145.4
00-0030187,Rashad Ross,WR,2016,WAS,2,0,0,0,0,0,0,0,0,0,1,1,8,0,0,0,0,0,0,0,0.0016863406408094434,0.0013215027373985274,0.0034545628773931343,0.8,1.8,1.8
00-0030216,Josh Hill,TE,2016,NO,8,0,0,0,0,0,0,0,0,0,22,15,149,1,0,0,0,0,0,0,0.03313253012048193,0.025534565082001245,0.06757299073812377,20.9,35.9,35.9
00-0030279,Keenan Allen,WR,2016,LAC,1,0,0,0,0,0,0,0,0,0,7,6,63,0,0,0,0,0,0,0,0.012411347517730497,0.01017708121310808,0.025740978125771398,6.300000000000001,12.3,12.3
00-0030280,Knile Davis,RB,2016,KC,9,0,0,0,0,0,18,28,0,0,7,5,25,0,0,0,0,0,0,0,0.013059701492537313,0.0018756698821007502,0.020902521156276496,5.300000000000001,10.3,10.3
00-0030282,Stepfan Taylor,RB,2016,ARI,3,0,0,0,0,0,4,12,0,0,0,0,0,0,0,0,0,0,0,0,0.0,0.0,0.0,1.2000000000000002,1.2000000000000002,1.2000000000000002
00-0030287,Andre Ellington,RB,2016,ARI,14,0,0,0,0,0,34,96,0,0,19,12,85,0,0,0,0,0,0,0,0.029874213836477988,0.009026434558349452,0.0511298249455616,18.1,30.1,30.1
00-0030288,Rex Burkhead,RB,2016,CIN,14,0,0,0,0,0,74,344,2,0,20,17,145,0,0,1,0,0,1,0,0.03690036900369004,0.0033967391304347825,0.0577282708968394,58.900000000000006,75.9,75.9
00-0030290,Cobi Hamilton,WR,2016,PIT,11,0,0,0,0,0,0,0,0,0,28,17,234,2,0,0,0,0,0,0,0.04745762711864407,0.07046332046332046,0.12051076500229042,35.400000000000006,52.400000000000006,52.400000000000006
00-0030300,Jaron Brown,WR,2016,ARI,6,0,0,0,0,0,0,0,0,0,22,11,187,1,0,0,0,0,0,0,0.03459119496855346,0.04513217279174726,0.08347931340705328,24.7,35.7,35.7
00-0030348,Khiry Robinson,RB,2016,NYJ,1,0,0,0,0,0,8,22,0,0,0,0,0,0,0,1,0,1,0,0,0.0,0.0,0.0,0.20000000000000018,0.20000000000000018,0.20000000000000018
00-0030391,Mike James,RB,2016,TB,3,0,0,0,0,0,4,19,0,0,4,4,22,0,0,0,0,0,0,0,0.0070052539404553416,0.0020622100017185082,0.011951427911885968,4.1000000000000005,8.100000000000001,8.100000000000001
00-0030404,Chris Thompson,RB,2016,WAS,16,0,0,0,0,0,68,356,3,0,62,49,349,2,0,1,0,1,0,0,0.1045531197301855,0.019444968850292618,0.17044115779048308,98.5,147.5,147.5
00-0030414,Spencer Ware,RB,2016,KC,14,0,0,0,0,0,214,921,3,0,42,33,447,2,0,3,0,3,0,0,0.07835820895522388,0.031082529474812434,0.13929508406520452,160.8,193.8,193.8
00-0030419,Matt McGloin,QB,2016,LV,3,15,50,0,0,0,3,-3,0,0,0,0,0,0,0,0,0,0,0,0,0.0,0.0,0.0,1.7,1.7,1.7
00-0030422,Dion Sims,TE,2016,MIA,13,0,0,0,0,0,0,0,0,0,35,26,256,4,0,0,0,0,0,0,0.07494646680942184,0.057570977917981075,0.1527193847567195,49.6,75.6,75.6
00-0030431,Robert Woods,WR,2016,BUF,13,0,0,0,0,0,1,6,0,0,76,51,613,1,0,0,0,0,0,0,0.1655773420479303,0.18683035714285715,0.3791472630718954,67.9,118.9,118.9
00-0030432,Christine Michael,RB,2016,GB,15,0,0,0,0,0,148,583,7,0,29,22,107,1,0,1,0,0,1,0,0.05291970802919708,0.0012373685295937306,0.08024572001451123,115.0,137.0,137.0
00-0030433,Mike Gillislee,RB,2016,BUF,15,0,0,0,0,0,101,577,8,0,11,9,50,1,0,0,0,0,0,0,0.023965141612200435,0.0017857142857142857,0.03719771241830065,116.7,125.7,125.7
00-0030443,Levine Toilolo,TE,2016,ATL,13,0,0,0,0,0,0,0,0,0,19,13,264,2,0,0,0,0,0,0,0.035849056603773584,0.03515203795557473,0.0783800114745627,38.400000000000006,51.400000000000006,51.400000000000006
00-0030450,Quinton Patton,WR,2016,SF,13,0,0,0,0,0,0,0,0,0,63,37,408,0,0,0,0,0,0,0,0.1293634496919918,0.13904809369548965,0.29137884012483045,40.800000000000004,77.80000000000001,77.80000000000001
00-0030456,Giovani Bernard,RB,2016,CIN,10,0,0,0,0,0,91,337,2,0,51,39,336,1,0,1,0,0,1,0,0.0940959409594096,0.021965579710144928,0.15651981723621583,83.3,122.3,122.30000000000001
00-0030460,Markus Wheaton,WR,2016,PIT,3,0,0,0,0,0,0,0,0,0,9,4,51,1,1,0,0,0,0,0,0.015254237288135594,0.022007722007722007,0.03828676133760879,13.100000000000001,17.1,17.1
00-0030465,Kenjon Barner,RB,2016,PHI,11,0,0,0,0,0,27,129,2,0,11,5,42,0,0,0,0,0,0,0,0.018211920529801324,0.0006590509666080844,0.027779216471327646,29.1,34.1,34.099999999999994
00-0030470,Vance McDonald,TE,2016,SF,10,0,0,0,0,0,0,0,0,0,45,24,391,4,0,0,0,0,0,0,0.09240246406570841,0.10939446797906803,0.21517982368391025,63.1,87.1,87.1
00-0030472,Jordan Reed,TE,2016,WAS,12,0,0,0,0,0,0,0,0,0,89,66,686,6,0,1,0,0,1,0,0.15008431703204048,0.12157825184066452,0.3102312518365259,102.60000000000001,168.60000000000002,168.60000000000002
00-0030485,Eddie Lacy,RB,2016,GB,5,0,0,0,0,0,71,360,0,0,7,4,28,0,0,0,0,0,0,0,0.011400651465798045,-0.001485056617783553,0.01606143756624858,38.800000000000004,42.800000000000004,42.8
00-0030496,Le'Veon Bell,RB,2016,PIT,12,1,0,0,0,0,261,1268,7,0,94,75,616,2,1,1,0,1,0,0,0.15932203389830507,-0.003088803088803089,0.23682088868529544,242.4,317.4,317.4
00-0030506,Travis Kelce,TE,2016,KC,16,0,0,0,0,0,1,-5,0,0,117,85,1125,4,1,0,0,0,0,0,0.21828358208955223,0.21034297963558413,0.4746654588792372,138.0,223.0,223.0
00-0030513,Latavius Murray,RB,2016,LV,14,0,0,0,0,0,195,788,12,0,43,33,264,0,0,1,0,1,0,0,0.0730050933786078,0.00261210274270788,0.11133611198780723,175.2,208.2,208.20000000000002
00-0030514,Mychal Rivera,TE,2016,LV,10,0,0,0,0,0,0,0,0,0,25,18,192,1,0,0,0,0,0,0,0.042444821731748725,0.04897692642577275,0.097951081095664,25.200000000000003,43.2,43.2
00-0030516,Brice Butler,WR,2016,DAL,14,0,0,0,0,0,0,0,0,0,32,16,219,3,0,0,0,0,0,0,0.06680584551148225,0.11710085117358783,0.18217936408873486,39.900000000000006,55.900000000000006,55.900000000000006
00-0030520,Mike Glennon,QB,2016,TB,1,11,75,1,0,1,0,0,0,0,0,0,0,0,0,0,0,0,0,0,0.0,0.0,0.0,9.0,9.0,9.0
00-0030521,Justin Hunter,WR,2016,BUF,10,0,0,0,0,0,0,0,0,0,24,10,189,4,0,0,0,0,0,0,0.05228758169934641,0.07611607142857142,0.1317126225490196,42.900000000000006,52.900000000000006,52.900000000000006
00-0030524,Landry Jones,QB,2016,PIT,7,86,558,4,2,0,6,-4,0,0,0,0,0,0,0,0,0,0,0,0,0.0,0.0,0.0,33.92,33.92,33.92
00-0030525,Tavon Austin,WR,2016,LA,15,0,0,0,0,0,28,159,1,0,106,58,509,3,0,1,0,0,1,0,0.2,0.18479651906833888,0.42935756334783726,88.8,146.8,146.8
00-0030526,EJ Manuel,QB,2016,BUF,5,26,131,0,0,1,8,22,0,0,0,0,0,0,0,1,1,0,0,0,0.0,0.0,0.0,7.440000000000001,7.440000000000001,7.440000000000001
00-0030533,Matt Barkley,QB,2016,CHI,7,216,1611,8,14,0,7,2,0,0,1,1,2,1,0,2,2,0,0,0,0.0018181818181818182,0.00038812342324859306,0.0029989591235467425,70.84,71.84,71.84
00-0030542,Terrance Williams,WR,2016,DAL,15,0,0,0,0,0,0,0,0,0,61,44,594,4,0,1,0,0,1,0,0.12734864300626306,0.18725818932164046,0.3221036970345429,81.4,125.4,125.4
00-0030544,Gavin Escobar,TE,2016,DAL,7,0,0,0,0,0,0,0,0,0,7,4,30,1,0,0,0,0,0,0,0.014613778705636743,0.011091049780758318,0.029684402904985936,9.0,13.0,13.0
00-0030547,Denard Robinson,RB,2016,JAX,10,0,0,0,0,0,41,144,0,0,5,3,22,0,0,0,0,0,0,0,0.008025682182985553,0.0009699321047526673,0.012717475747805197,16.6,19.6,19.6
00-0030549,Tyler Eifert,TE,2016,CIN,8,0,0,0,0,0,0,0,0,0,47,29,394,5,0,0,0,0,0,0,0.08671586715867159,0.08310688405797101,0.1882486195785871,69.4,98.4,98.4
00-0030564,DeAndre Hopkins,WR,2016,HOU,16,0,0,0,0,0,0,0,0,0,151,78,954,4,0,0,0,0,0,0,0.2616984402079723,0.35223160434258144,0.6391097833517654,119.4,197.4,197.4
00-0030565,Geno Smith,QB,2016,NYJ,2,14,126,1,1,0,2,9,0,0,0,0,0,0,0,0,0,0,0,0,0.0,0.0,0.0,7.9399999999999995,7.9399999999999995,7.9399999999999995
00-0030578,Cordarrelle Patterson,RB,2016,MIN,16,0,0,0,0,0,7,43,0,0,70,52,453,2,0,0,0,0,0,1,0.11965811965811966,0.087248322147651,0.24056100499053518,67.6,119.6,119.6
00-0030656,Isaiah Crowell,RB,2016,CLE,16,0,0,0,0,0,198,952,7,0,53,40,319,0,0,2,0,2,0,0,0.09498207885304659,0.00020610057708161583,0.142617388683527,165.10000000000002,205.10000000000002,205.1
00-0030663,Willie Snead,WR,2016,NO,15,1,50,1,0,0,0,0,0,0,104,72,895,4,0,0,0,0,0,0,0.1566265060240964,0.1509238115009342,0.34058642708679854,119.5,191.5,191.5
00-0030668,Charcandrick West,RB,2016,KC,15,0,0,0,0,0,88,293,1,0,34,28,188,2,0,0,0,0,0,0,0.06343283582089553,0.008038585209003215,0.10077626337764553,66.1,94.1,94.1
00-0030669,Albert Wilson,WR,2016,KC,14,0,0,0,0,0,2,50,1,0,51,31,279,2,0,0,0,0,0,0,0.09514925373134328,0.09673097534833869,0.21043556334085198,50.9,81.9,81.9
00-0030670,Bennie Fowler,WR,2016,DEN,12,0,0,0,0,0,0,0,0,0,24,11,145,2,0,0,0,0,0,0,0.04316546762589928,0.057154276578737014,0.10475619504396483,26.5,37.5,37.5
00-0030671,Isaiah Burse,WR,2016,LAC,8,0,0,0,0,0,0,0,0,0,4,0,0,0,0,0,0,0,0,0,0.0070921985815602835,0.013026663952778343,0.019756962639285267,0.0,0.0,0.0
00-0030691,Jeremy Butler,WR,2016,LAC,2,0,0,0,0,0,0,0,0,0,2,2,11,0,0,0,0,0,0,0,0.0035460992907801418,0.0020354162426216163,0.006743940306005344,1.1,3.1,3.1
00-0030705,Juwan Thompson,RB,2016,DEN,5,0,0,0,0,0,8,26,1,0,1,0,0,0,0,0,0,0,0,0,0.0017985611510791368,-0.0005995203836930455,0.0022781774580335735,8.6,8.6,8.6
00-0030710,Trey Burton,TE,2016,PHI,14,0,0,0,0,0,0,0,0,0,60,37,327,1,0,0,0,0,0,0,0.09933774834437085,0.09710017574692442,0.21697674553940338,38.7,75.7,75.7
00-0030737,Freddie Martino,WR,2016,TB,7,0,0,0,0,0,0,0,0,0,11,8,142,1,0,0,0,0,0,0,0.01926444833625219,0.02251245918542705,0.04465539393417722,20.200000000000003,28.200000000000003,28.200000000000003
00-0030758,Justin Perillo,TE,2016,GB,4,0,0,0,0,0,0,0,0,0,5,4,35,0,0,0,0,0,0,0,0.008143322475570033,0.005012066085019491,0.015723429972868692,3.5,7.5,7.5
00-0030780,Ryan Hewitt,TE,2016,CIN,4,0,0,0,0,0,0,0,0,0,3,2,13,0,0,0,0,0,0,0,0.005535055350553505,0.0018115942028985507,0.009570698967859243,1.3,3.3,3.3
00-0030789,Antonio Andrews,RB,2016,TEN,8,0,0,0,0,0,2,15,0,0,0,0,0,0,0,0,0,0,0,0,0.0,0.0,0.0,1.5,1.5,1.5
00-0030801,Brandon Coleman,WR,2016,NO,14,0,0,0,0,0,0,0,0,0,38,26,281,3,0,0,0,0,0,0,0.0572289156626506,0.08822918829146773,0.14760380529800332,46.1,72.1,72.1
00-0030805,Je'Ron Hamm,TE,2016,SF,2,0,0,0,0,0,0,0,0,0,4,2,13,0,0,0,0,0,0,0,0.008213552361396304,0.0074757039621231,0.017553321315580628,1.3,3.3,3.3
00-0030821,Allen Hurns,WR,2016,JAX,11,0,0,0,0,0,0,0,0,0,76,35,477,3,0,0,0,0,0,0,0.12199036918138041,0.14529582929194956,0.2846926342764353,65.7,100.7,100.7
00-0030854,Erik Swoope,TE,2016,IND,12,0,0,0,0,0,0,0,0,0,22,15,297,1,0,0,0,0,0,0,0.038461538461538464,0.05217570633120231,0.0942153021241493,35.7,50.7,50.7
00-0030856,Tony Washington,WR,2016,JAX,1,0,0,0,0,0,0,0,0,0,1,1,9,0,0,0,0,0,0,0,0.0016051364365971107,-0.0003879728419010669,0.0021361236655649193,0.9,1.9,1.9
00-0030860,Orleans Darkwa,RB,2016,NYG,7,0,0,0,0,0,30,111,2,0,4,2,12,0,0,0,0,0,0,0,0.006700167504187605,-0.0006380263717566993,0.009603632796051718,24.3,26.3,26.3
00-0030874,Damien Williams,RB,2016,MIA,15,0,0,0,0,0,35,115,3,0,32,23,249,3,0,1,0,0,1,0,0.06852248394004283,0.030494216614090432,0.12412967753992754,70.4,93.4,93.4
00-0030990,Josh Huff,WR,2016,TB,10,1,0,0,0,0,4,15,0,0,23,16,113,1,0,0,0,0,0,1,0.0380794701986755,0.01515817223198594,0.0677299258604034,24.8,40.8,40.8
00-0030992,Crockett Gillmore,TE,2016,BAL,5,0,0,0,0,0,0,0,0,0,14,8,71,1,0,0,0,0,0,0,0.021052631578947368,0.019833399444664817,0.04546232697968643,13.100000000000001,21.1,21.1
00-0031001,Jeff Janis,WR,2016,GB,14,0,0,0,0,0,2,38,1,0,19,11,93,1,0,0,0,0,0,0,0.030944625407166124,0.03675515129014294,0.07214554401384923,25.1,36.1,36.1
00-0031021,Jared Abbrederis,WR,2016,GB,2,0,0,0,0,0,0,0,0,0,2,1,8,0,0,0,0,0,0,0,0.003257328990228013,0.001670688695006497,0.006055475571846568,0.8,1.8,1.8
00-0031023,Quincy Enunwa,WR,2016,NYJ,16,0,0,0,0,0,1,12,0,0,105,58,857,4,0,0,0,0,0,0,0.19230769230769232,0.19135046919624643,0.422406866898911,110.9,168.9,168.9
00-0031025,Michael Campanaro,WR,2016,BAL,3,0,0,0,0,0,3,72,0,0,1,0,0,0,0,0,0,0,0,0,0.0015037593984962407,-0.0003966679888932963,0.0019779715055190535,7.2,7.2,7.2
00-0031035,Xavier Grimble,TE,2016,PIT,8,0,0,0,0,0,0,0,0,0,21,11,118,2,0,0,0,0,0,0,0.03559322033898305,0.027799227799227798,0.07284928996793404,23.8,34.8,34.8
00-0031042,Jace Amaro,TE,2016,TEN,1,0,0,0,0,0,0,0,0,0,4,3,59,0,0,0,0,0,0,0,0.00816326530612245,0.011578947368421053,0.02035016111707841,5.9,8.9,8.9
00-0031044,Troy Niklas,TE,2016,ARI,3,0,0,0,0,0,0,0,0,0,2,1,0,0,0,0,0,0,0,0,0.0031446540880503146,0.0,0.004716981132075472,0.0,1.0,1.0
00-0031045,Carlos Hyde,RB,2016,SF,13,0,0,0,0,0,217,988,6,1,33,27,163,3,0,3,0,2,1,0,0.06776180698151951,0.01794168950909544,0.11420189312864608,165.10000000000002,192.10000000000002,192.10000000000002
00-0031051,John Brown,WR,2016,ARI,15,0,0,0,0,0,1,10,0,0,73,39,517,2,0,0,0,0,0,0,0.11477987421383648,0.16312056737588654,0.28635420848387527,64.7,103.7,103.7
00-0031055,Andre Williams,RB,2016,LAC,1,0,0,0,0,0,18,87,0,0,2,0,0,0,0,0,0,0,0,0,0.0035460992907801418,0.0,0.005319148936170213,8.700000000000001,8.700000000000001,8.700000000000001
00-0031057,Ka'Deem Carey,RB,2016,CHI,11,0,0,0,0,0,32,126,0,0,7,5,55,0,0,0,0,0,0,0,0.012727272727272728,-0.00038812342324859306,0.01881922269463508,18.1,23.1,23.1
00-0031060,De'Anthony Thomas,WR,2016,KC,10,0,0,0,0,0,4,29,0,0,9,7,35,0,0,0,0,0,0,0,0.016791044776119403,0.00857449088960343,0.031188710786901504,6.4,13.4,13.4
00-0031062,James White,RB,2016,NE,16,0,0,0,0,0,39,166,0,0,86,60,551,5,0,0,0,0,0,0,0.1575091575091575,0.025105584232754576,0.25383764522666447,101.7,161.7,161.7
00-0031064,Tom Savage,QB,2016,HOU,3,73,461,0,0,0,6,12,0,0,0,0,0,0,0,1,1,0,0,0,0.0,0.0,0.0,17.64,17.64,17.64
00-0031066,Lorenzo Taliaferro,RB,2016,BAL,1,0,0,0,0,0,1,0,0,0,3,3,10,0,0,0,0,0,0,0,0.004511278195488722,-0.0007933359777865926,0.006211582108782468,1.0,4.0,4.0
00-0031068,Ryan Grant,WR,2016,WAS,12,0,0,0,0,0,0,0,0,0,19,9,76,0,0,0,0,0,0,0,0.03204047217537943,0.03152727959222201,0.07012980397762456,7.6000000000000005,16.6,16.6
00-0031075,Alfred Blue,RB,2016,HOU,14,0,0,0,0,0,100,420,1,0,16,12,40,0,0,1,0,1,0,0,0.02772963604852686,0.006232408524326498,0.045957140039818836,50.0,62.0,62.0
00-0031076,David Fales,QB,2016,CHI,1,5,22,0,0,0,1,0,0,0,0,0,0,0,0,0,0,0,0,0,0.0,0.0,0.0,0.88,0.88,0.88
00-0031102,Kapri Bibbs,RB,2016,DEN,9,0,0,0,0,0,29,129,0,0,4,2,75,1,0,0,0,0,0,0,0.007194244604316547,-0.0009992006394884093,0.010091926458832935,26.400000000000002,28.400000000000002,28.4
00-0031118,Corey Brown,WR,2016,CAR,16,0,0,0,0,0,2,6,0,0,53,27,276,1,0,1,0,0,0,0,0.09584086799276673,0.09367886534757486,0.2093365077324525,34.2,61.2,61.2
00-0031158,George Atkinson,RB,2016,CLE,9,0,0,0,0,0,7,34,1,0,0,0,0,0,0,0,0,0,0,0,0.0,0.0,0.0,9.4,9.4,9.4
00-0031166,Seth Roberts,WR,2016,LV,16,0,0,0,0,0,0,0,0,0,77,38,397,5,2,0,0,0,0,0,0.1307300509337861,0.13996517196343056,0.2940706967750805,73.7,111.7,111.7
00-0031189,T.J. Jones,WR,2016,DET,3,0,0,0,0,0,0,0,0,0,14,5,93,0,0,0,0,0,0,0,0.02413793103448276,0.03732187287943904,0.06233220756733147,9.3,14.3,14.3
00-0031228,Taylor Gabriel,WR,2016,ATL,12,0,0,0,0,0,4,51,1,0,50,35,579,6,0,0,0,0,0,0,0.09433962264150944,0.11278844080224283,0.22046134252383415,105.0,140.0,140.0
00-0031235,Odell Beckham Jr.,WR,2016,NYG,16,0,0,0,0,0,1,9,0,0,169,101,1367,10,0,1,0,0,1,0,0.2830820770519263,0.38260314759676733,0.6924453188956265,195.6,296.6,296.6
00-0031236,Brandin Cooks,WR,2016,NO,15,0,0,0,0,0,6,30,0,0,117,78,1173,8,0,0,0,0,0,0,0.17620481927710843,0.3159642931285032,0.48548223410561486,168.3,246.3,246.3
00-0031257,Paul Richardson,WR,2016,SEA,13,0,0,0,0,0,1,5,0,0,36,21,288,1,0,0,0,0,0,0,0.06569343065693431,0.09342132398432666,0.16393507277443012,35.3,56.3,56.3
00-0031268,Walt Powell,WR,2016,BUF,7,0,0,0,0,0,0,0,0,0,25,14,142,0,0,0,0,0,0,0,0.054466230936819175,0.06629464285714286,0.12810559640522876,14.200000000000001,28.200000000000003,28.200000000000003
00-0031273,Cameron Brate,TE,2016,TB,15,0,0,0,0,0,0,0,0,0,81,57,660,8,0,0,0,0,0,0,0.14185639229422067,0.13559030761299193,0.3076978037704254,114.0,171.0,171.0
00-0031280,Derek Carr,QB,2016,LV,15,560,3937,28,6,5,39,70,0,0,0,0,0,0,0,3,2,1,0,0,0.0,0.0,0.0,268.48,268.48,268.48
00-0031285,Devonta Freeman,RB,2016,ATL,16,0,0,0,0,0,227,1079,11,0,65,54,462,2,0,1,0,1,0,0,0.12264150943396226,0.015958593918481777,0.19513327989388066,230.10000000000002,284.1,284.1
00-0031291,James Wright,WR,2016,CIN,12,0,0,0,0,0,2,-6,0,0,19,13,106,0,0,0,0,0,0,0,0.03505535055350553,0.04574275362318841,0.08460295336649018,10.0,23.0,23.0
00-0031299,Jordan Matthews,TE,2016,PHI,14,0,0,0,0,0,0,0,0,0,117,73,804,3,0,0,0,0,0,0,0.19370860927152317,0.24890158172231985,0.4647940211129086,98.4,171.4,171.4
00-0031301,Jeremy Hill,RB,2016,CIN,15,0,0,0,0,0,222,839,9,0,27,21,174,0,0,0,0,0,0,0,0.04981549815498155,-0.0004528985507246377,0.07440621824696508,155.3,176.3,176.3
00-0031302,C.J. Fiedorowicz,TE,2016,HOU,15,0,0,0,0,0,0,0,0,0,89,54,559,4,0,0,0,0,0,0,0.15424610051993068,0.1224366706875754,0.31707482026119876,79.9,133.9,133.9
00-0031310,Devin Street,WR,2016,IND,2,0,0,0,0,0,0,0,0,0,6,1,20,0,0,0,0,0,0,0,0.01048951048951049,0.013817281913796659,0.025406363073923396,2.0,3.0,3.0
00-0031325,Sammy Watkins,WR,2016,BUF,8,0,0,0,0,0,0,0,0,0,52,28,430,2,0,0,0,0,0,0,0.11328976034858387,0.16629464285714285,0.2863408905228758,55.0,83.0,83.0
00-0031332,Fitzgerald Toussaint,RB,2016,PIT,12,0,0,0,0,0,14,58,0,0,3,3,33,0,0,0,0,0,0,0,0.005084745762711864,-0.0011583011583011582,0.006816307833256985,9.1,12.1,12.100000000000001
00-0031339,Donte Moncrief,WR,2016,IND,9,0,0,0,0,0,1,-1,0,0,56,30,307,7,0,0,0,0,0,0,0.0979020979020979,0.11878737884099815,0.23000431204184554,72.6,102.6,102.6
00-0031344,Cody Latimer,WR,2016,DEN,11,0,0,0,0,0,0,0,0,0,15,8,76,0,0,0,0,0,0,0,0.02697841726618705,0.03796962430055955,0.06704636290967225,7.6000000000000005,15.600000000000001,15.600000000000001
00-0031345,Jimmy Garoppolo,QB,2016,NE,6,63,502,4,0,0,10,6,0,0,1,1,3,0,0,1,1,0,0,0,0.0018315018315018315,-0.0009385265133740028,0.002090284187890945,34.98,35.98,35.98
00-0031359,Kelvin Benjamin,WR,2016,CAR,16,0,0,0,0,0,0,0,0,0,118,63,941,7,0,1,0,0,1,0,0.21338155515370705,0.2500437751707232,0.49510297535006675,134.10000000000002,197.10000000000002,197.10000000000002
00-0031375,Terrance West,RB,2016,BAL,16,0,0,0,0,0,193,774,5,0,45,34,236,1,0,0,0,0,0,0,0.06766917293233082,0.007933359777865925,0.10705711124300238,137.0,171.0,171.0
00-0031376,Jerick McKinnon,RB,2016,MIN,15,1,0,0,0,0,159,539,2,1,53,43,255,2,0,0,0,0,0,0,0.0905982905982906,0.0015487867836861124,0.13698158664601617,105.4,148.4,148.4
00-0031381,Davante Adams,WR,2016,GB,16,0,0,0,0,0,0,0,0,0,121,75,997,12,1,1,0,0,1,0,0.1970684039087948,0.26693892704659367,0.4824598547958078,171.7,246.7,246.7
00-0031382,Jarvis Landry,WR,2016,MIA,16,1,0,0,0,0,5,17,0,0,131,94,1136,4,1,2,0,0,1,0,0.28051391862955033,0.21898002103049422,0.5740568926656715,139.3,233.3,233.3
00-0031384,Richard Rodgers,TE,2016,GB,15,0,0,0,0,0,0,0,0,0,47,30,271,2,0,0,0,0,0,0,0.07654723127035831,0.07072582142194171,0.16432892190089665,39.1,69.1,69.1
00-0031387,Eric Ebron,TE,2016,DET,13,0,0,0,0,0,1,1,1,0,85,61,711,1,0,0,0,0,0,0,0.14655172413793102,0.15290658222121692,0.32686219376174835,83.2,144.2,144.2
00-0031390,Charles Sims,RB,2016,TB,7,0,0,0,0,0,51,149,1,0,32,24,190,1,0,1,0,1,0,0,0.05604203152364273,0.012716961677264134,0.09296492045954899,43.9,67.9,67.9
00-0031407,Blake Bortles,QB,2016,JAX,16,625,3905,23,16,1,58,359,3,1,1,1,20,1,0,6,5,1,0,0,0.0016051364365971107,0.002909796314258002,0.0044445620748762675,270.1,271.1,271.1
00-0031408,Mike Evans,WR,2016,TB,16,0,0,0,0,0,0,0,0,0,173,96,1321,12,2,0,0,0,0,0,0.30297723292469353,0.44045368620037806,0.7627834297273048,208.1,304.1,304.1
00-0031418,Austin Seferian-Jenkins,TE,2016,NYJ,9,0,0,0,0,0,0,0,0,0,20,13,154,1,0,0,0,0,0,0,0.03502626970227671,0.03196425502663688,0.07491438307206087,21.4,34.4,34.4
00-0031428,Allen Robinson,WR,2016,JAX,16,0,0,0,0,0,0,0,0,0,151,73,883,6,1,0,0,0,0,0,0.24237560192616373,0.38195926285160037,0.6309348868853659,126.30000000000001,199.3,199.3
00-0031431,Marqise Lee,WR,2016,JAX,16,1,20,1,0,0,6,35,0,0,105,63,851,3,0,1,0,0,0,1,0.16853932584269662,0.2347235693501455,0.41711548730914677,117.4,180.4,180.4
00-0031484,Chris Manhertz,TE,2016,CAR,1,0,0,0,0,0,0,0,0,0,1,1,10,0,0,0,0,0,0,0,0.0018083182640144665,0.001751006828926633,0.003938182176270343,1.0,2.0,2.0
00-0031503,Jameis Winston,QB,2016,TB,16,567,4090,28,18,3,53,165,1,0,0,0,0,0,0,6,5,1,0,0,0.0,0.0,0.0,256.1,256.1,256.1
00-0031514,Quan Bray,WR,2016,IND,6,0,0,0,0,0,1,7,0,0,4,3,36,0,0,0,0,0,0,0,0.006993006993006993,0.005361930294906166,0.014242861695944806,4.3,7.3,7.3
00-0031533,Randall Telfer,TE,2016,CLE,5,0,0,0,0,0,0,0,0,0,7,2,4,0,0,0,0,0,0,0,0.012544802867383513,0.00886232481450948,0.025020831671231904,0.4,2.4,2.4
00-0031544,Amari Cooper,WR,2016,LV,16,0,0,0,0,0,1,0,0,0,132,83,1153,5,2,0,0,0,0,0,0.22410865874363328,0.2801480191554201,0.532266601524244,149.3,232.3,232.3
00-0031545,Kevin White,WR,2016,CHI,4,0,0,0,0,0,1,9,0,0,36,19,187,0,0,0,0,0,0,0,0.06545454545454546,0.0842227828449447,0.15713776617327946,19.6,38.6,38.599999999999994
00-0031547,DeVante Parker,WR,2016,MIA,15,0,0,0,0,0,0,0,0,0,87,56,744,4,0,0,0,0,0,0,0.18629550321199143,0.2741850683491062,0.4713728026623615,98.4,154.4,154.4
00-0031549,Nelson Agholor,WR,2016,PHI,15,0,0,0,0,0,5,14,0,0,69,36,365,2,1,0,0,0,0,0,0.11423841059602649,0.1616871704745167,0.28453863522620143,51.9,87.9,87.9
00-0031558,Maxx Williams,TE,2016,BAL,2,0,0,0,0,0,0,0,0,0,0,0,0,0,0,0,0,0,0,0,0.0,0.0,0.0,0.0,0.0,0.0
00-0031560,Jaelen Strong,WR,2016,HOU,6,0,0,0,0,0,0,0,0,0,24,14,131,0,0,0,0,0,0,0,0.0415944540727903,0.03578608765581021,0.0874419424682526,13.100000000000001,27.1,27.1
00-0031568,Bryce Petty,QB,2016,NYJ,6,133,809,3,7,0,5,19,0,1,0,0,0,0,0,1,1,0,0,0,0.0,0.0,0.0,32.26,32.26,32.26
00-0031569,Jeremy Langford,RB,2016,CHI,12,0,0,0,0,0,62,200,4,0,27,19,142,0,0,2,0,2,0,0,0.04909090909090909,0.007762468464971861,0.07907009156184394,54.2,73.2,73.2
00-0031570,Justin Hardy,WR,2016,ATL,13,0,0,0,0,0,0,0,0,0,31,21,203,4,0,0,0,0,0,0,0.05849056603773585,0.057580332111278845,0.12804208153449897,44.3,65.3,65.3
00-0031577,Javorius Allen,RB,2016,BAL,4,0,0,0,0,0,9,34,0,0,4,3,15,0,0,0,0,0,0,0,0.006015037593984963,-0.001388337961126537,0.008050719818188869,4.9,7.9,7.9
00-0031585,MyCole Pruitt,TE,2016,CHI,2,0,0,0,0,0,0,0,0,0,2,2,13,0,0,0,0,0,0,0,0.003418803418803419,0.0010325245224574084,0.005850972293925314,1.3,3.3,3.3
00-0031588,Stefon Diggs,WR,2016,MIN,13,0,0,0,0,0,3,10,0,0,112,84,903,3,0,0,0,0,0,0,0.19145299145299147,0.24548270521424884,0.4590173808294614,109.30000000000001,193.3,193.3
00-0031589,Brett Hundley,QB,2016,GB,4,10,17,0,1,0,3,-2,0,0,0,0,0,0,0,0,0,0,0,0,0.0,0.0,0.0,-1.5199999999999998,-1.5199999999999998,-1.5199999999999998
00-0031590,Jay Ajayi,RB,2016,MIA,15,0,0,0,0,0,260,1272,8,0,35,27,151,0,0,1,0,1,0,0,0.07494646680942184,0.012618296529968454,0.12125250778511067,188.3,215.3,215.29999999999998
00-0031598,Nick Boyle,TE,2016,BAL,4,0,0,0,0,0,0,0,0,0,6,6,44,0,0,0,0,0,0,0,0.009022556390977444,0.004561681872272907,0.0167270118970572,4.4,10.4,10.4
00-0031599,Cameron Artis-Payne,RB,2016,CAR,3,0,0,0,0,0,36,144,2,0,1,1,11,0,0,0,0,0,0,0,0.0018083182640144665,-0.0007004027315706532,0.0022221954839222427,27.5,28.5,28.5
00-0031600,Keith Mumphery,WR,2016,HOU,8,0,0,0,0,0,0,0,0,0,12,10,69,0,0,0,0,0,0,0,0.02079722703639515,0.011459589867310011,0.03921755346170973,6.9,16.9,16.9
00-0031609,A.J. Derby,TE,2016,DEN,7,0,0,0,0,0,0,0,0,0,20,16,160,0,0,1,0,0,1,0,0.03663003663003663,0.031675269826372594,0.07711774382351576,14.0,30.0,30.0
00-0031610,Darren Waller,TE,2016,BAL,10,0,0,0,0,0,0,0,0,0,17,10,85,2,0,0,0,0,0,0,0.02556390977443609,0.02261007536691789,0.054172917418496655,20.5,30.5,30.5
00-0031665,Zach Zenner,RB,2016,DET,11,0,0,0,0,0,88,334,4,0,23,18,196,0,0,1,0,1,0,0,0.039655172413793106,-0.00407147704139335,0.05663272469171432,75.0,93.0,93.0
00-0031682,Terron Ward,RB,2016,ATL,5,0,0,0,0,0,31,151,0,0,2,1,11,0,0,0,0,0,0,0,0.0037735849056603774,0.00043131334914815614,0.0059622967028942755,16.2,17.2,17.200000000000003
00-0031684,Shane Wynn,WR,2016,JAX,2,0,0,0,0,0,2,5,0,0,3,1,19,0,0,0,0,0,0,0,0.004815409309791332,0.004849660523763337,0.010617876331321333,2.4000000000000004,3.4000000000000004,3.4000000000000004
00-0031687,Raheem Mostert,RB,2016,SF,1,0,0,0,0,0,1,6,0,0,0,0,0,0,0,0,0,0,0,0,0.0,0.0,0.0,0.6000000000000001,0.6000000000000001,0.6000000000000001
00-0031690,Eric Tomlinson,TE,2016,NYJ,1,0,0,0,0,0,0,0,0,0,0,0,0,0,0,0,0,0,0,0,0.0,0.0,0.0,0.0,0.0,0.0
00-0031697,Jordan Taylor,WR,2016,DEN,11,0,0,0,0,0,0,0,0,0,25,16,209,2,0,1,0,0,1,0,0.044964028776978415,0.05195843325339728,0.10381694644284573,30.900000000000006,46.900000000000006,46.900000000000006
00-0031731,Corey Grant,RB,2016,JAX,10,0,0,0,0,0,32,164,1,0,7,4,35,1,0,0,0,0,0,0,0.011235955056179775,-0.00019398642095053346,0.016718142089604288,31.900000000000002,35.900000000000006,35.900000000000006
00-0031732,Connor Hamlett,TE,2016,CLE,1,0,0,0,0,0,0,0,0,0,1,1,17,1,0,0,0,0,0,0,0.0017921146953405018,0.003503709810387469,0.005140768910281981,7.7,8.7,8.7
00-0031743,Akeem Hunt,RB,2016,HOU,8,0,0,0,0,0,20,109,0,0,4,3,29,0,0,0,0,0,0,0,0.006932409012131715,-0.002010454362685967,0.008991295464317397,13.8,16.8,16.8
00-0031746,George Farmer,RB,2016,SEA,2,0,0,0,0,0,1,1,0,0,3,1,4,0,0,0,0,0,0,0,0.005474452554744526,-0.00041245617653124357,0.007922959508544918,0.5,1.5,1.5
00-0031757,Lucky Whitehead,WR,2016,DAL,15,0,0,0,0,0,10,82,0,0,3,3,48,0,0,1,0,1,0,0,0.006263048016701462,0.0036110394635027084,0.011922299649504088,11.0,14.0,14.0
00-0031768,Terrence Magee,RB,2016,SEA,1,0,0,0,0,0,3,12,0,0,0,0,0,0,0,0,0,0,0,0,0.0,0.0,0.0,1.2000000000000002,1.2000000000000002,1.2000000000000002
00-0031782,Eli Rogers,WR,2016,PIT,13,0,0,0,0,0,1,6,0,0,66,48,594,3,0,0,0,0,0,0,0.11186440677966102,0.12027027027027028,0.2519857993586807,78.0,126.0,126.0
00-0031788,Matt Lengel,TE,2016,NE,2,0,0,0,0,0,0,0,0,0,3,2,22,1,0,0,0,0,0,0,0.005494505494505495,0.0077428437353355235,0.013661748856493107,8.2,10.2,10.2
00-0031793,Terrell Watson,RB,2016,PHI,1,0,0,0,0,0,9,28,1,0,1,1,5,0,0,0,0,0,0,0,0.0016556291390728477,0.0010984182776801407,0.00325233650298537,9.3,10.3,10.3
00-0031806,Malcolm Brown,RB,2016,LA,11,0,0,0,0,0,18,39,0,0,3,3,46,0,0,1,0,1,0,0,0.005660377358490566,0.0010238034297414896,0.009207228438554892,6.5,9.5,9.5
00-0031818,Bradley Marquez,WR,2016,LA,9,0,0,0,0,0,1,2,0,0,7,3,37,0,0,0,0,0,0,0,0.013207547169811321,0.012541592014333249,0.02859043516475026,3.9000000000000004,6.9,6.9
00-0031854,Chris Harper,WR,2016,SF,8,0,0,0,0,0,0,0,0,0,21,13,133,0,0,0,0,0,0,0,0.043121149897330596,0.03513580862197857,0.0892767908813809,13.3,26.3,26.3
00-0031868,Damiere Byrd,WR,2016,CAR,1,0,0,0,0,0,0,0,0,0,1,1,16,0,0,0,0,0,0,0,0.0018083182640144665,0.0022763088776046225,0.004305893610344936,1.6,2.6,2.6
00-0031897,Thomas Rawls,RB,2016,SEA,9,0,0,0,0,0,109,349,3,0,17,13,96,0,0,0,0,0,0,0,0.03102189781021898,0.0022685089709218397,0.04812080299497375,62.5,75.5,75.5
00-0031900,Rod Smith,RB,2016,DAL,4,0,0,0,0,0,0,0,0,0,1,1,4,0,0,0,0,0,0,0,0.0020876826722338203,-0.0007737941707505803,0.002589868088825324,0.4,1.4,1.4
00-0031912,Cameron Meredith,WR,2016,CHI,14,1,2,1,0,0,1,6,0,0,97,66,888,4,0,2,0,0,2,0,0.17636363636363636,0.18629924315932467,0.3949549247569818,113.48,179.48000000000002,179.48000000000002
00-0031922,Khari Lee,TE,2016,DET,1,0,0,0,0,0,0,0,0,0,1,0,0,0,0,0,0,0,0,0,0.0017241379310344827,0.0006785795068988917,0.003061212551380948,0.0,0.0,0.0
00-0031934,Devin Smith,WR,2016,NYJ,2,0,0,0,0,0,0,0,0,0,3,1,20,0,0,0,0,0,0,0,0.005494505494505495,0.009995920032639738,0.015238902264606058,2.0,3.0,3.0
00-0031939,Matt Jones,RB,2016,WAS,7,0,0,0,0,0,99,460,3,0,8,8,73,0,0,2,0,2,0,0,0.013490725126475547,0.0030205776854823484,0.022350492069550965,67.30000000000001,75.30000000000001,75.3
00-0031941,Jamison Crowder,WR,2016,WAS,16,0,0,0,0,0,2,-2,0,0,99,67,847,7,0,1,0,0,1,1,0.16694772344013492,0.15140645648480272,0.3564061046995643,130.5,197.5,197.5
00-0031951,James O'Shaughnessy,TE,2016,KC,12,0,0,0,0,0,0,0,0,0,3,2,-1,0,0,0,0,0,0,0,0.005597014925373134,0.0018756698821007502,0.009708491305530226,-0.1,1.9,1.9
00-0031953,Geremy Davis,WR,2016,LAC,3,0,0,0,0,0,0,0,0,0,2,0,0,0,0,0,0,0,0,0,0.0035460992907801418,0.0008141664970486464,0.005889065484104265,0.0,0.0,0.0
00-0031959,Marcus Murphy,RB,2016,NO,2,0,0,0,0,0,0,0,0,0,1,1,3,0,0,0,0,0,0,0,0.0015060240963855422,0.00041519618019514223,0.002549673470714913,0.30000000000000004,1.3,1.3
00-0031962,Mario Alford,WR,2016,CLE,3,0,0,0,0,0,0,0,0,0,0,0,0,0,0,0,0,0,0,0,0.0,0.0,0.0,0.0,0.0,0.0
00-0032004,Will Tye,TE,2016,NYG,16,0,0,0,0,0,0,0,0,0,70,48,395,1,0,0,0,0,0,0,0.11725293132328309,0.08974904296044237,0.2387037270572343,45.5,93.5,93.5
00-0032009,Adam Humphries,WR,2016,TB,15,0,0,0,0,0,5,18,0,0,83,55,622,2,1,0,0,0,0,0,0.14535901926444833,0.07922323423268603,0.2734947928595527,78.0,133.0,133.0
00-0032012,Isaac Fruechte,WR,2016,MIN,1,0,0,0,0,0,0,0,0,0,1,0,0,0,0,0,0,0,0,0,0.0017094017094017094,0.009034589571502324,0.00888831526415419,0.0,0.0,0.0
00-0032048,Mack Brown,RB,2016,WAS,2,0,0,0,0,0,8,82,1,0,1,1,-2,0,0,0,0,0,0,0,0.0016863406408094434,-0.0005663583160279403,0.002133060139994607,14.0,15.0,15.000000000000002
00-0032054,Breshad Perriman,WR,2016,BAL,15,0,0,0,0,0,1,2,0,0,66,33,499,3,0,0,0,0,0,0,0.09924812030075188,0.18722729075763586,0.27993128398147293,68.1,101.1,101.10000000000001
00-0032055,Devin Funchess,WR,2016,CAR,14,0,0,0,0,0,0,0,0,0,58,23,371,4,1,0,0,0,0,0,0.10488245931283906,0.13482752582735072,0.25170295704840406,63.1,86.1,86.1
00-0032058,Tevin Coleman,RB,2016,ATL,13,0,0,0,0,0,118,520,8,0,40,31,421,3,0,0,0,0,0,0,0.07547169811320754,0.022428294155704118,0.12890735307880422,160.10000000000002,191.10000000000002,191.1
00-0032062,Blake Bell,TE,2016,SF,8,0,0,0,0,0,0,0,0,0,9,4,85,0,0,0,0,0,0,0,0.018480492813141684,0.02691253426364316,0.04655951320426274,8.5,12.5,12.5
00-0032063,Mike Davis,RB,2016,SF,7,0,0,0,0,0,19,50,1,0,5,3,25,0,0,1,0,1,0,0,0.01026694045174538,0.00323947171692001,0.017668040879462076,11.5,14.5,14.5
00-0032064,DeAndre Smelter,WR,2016,SF,1,0,0,0,0,0,0,0,0,0,1,1,23,0,0,0,0,0,0,0,0.002053388090349076,0.00323947171692001,0.005347712337367621,2.3000000000000003,3.3000000000000003,3.3000000000000003
00-0032068,Malcolm Johnson,RB,2016,CLE,5,0,0,0,0,0,1,2,0,0,7,5,44,0,0,1,0,1,0,0,0.012544802867383513,-0.00020610057708161583,0.01867293389711814,2.6000000000000005,7.6000000000000005,7.600000000000001
00-0032070,Dezmin Lewis,WR,2016,BUF,1,0,0,0,0,0,0,0,0,0,1,0,0,0,0,0,0,0,0,0,0.002178649237472767,0.002455357142857143,0.004986723856209151,0.0,0.0,0.0
00-0032098,Daniel Brown,TE,2016,CHI,6,0,0,0,0,0,0,0,0,0,20,16,124,1,0,0,0,0,0,0,0.03636363636363636,0.02581020764603144,0.07261259989767654,18.4,34.4,34.4
00-0032104,Ameer Abdullah,RB,2016,DET,2,0,0,0,0,0,18,101,0,0,5,5,57,1,0,0,0,0,0,0,0.008620689655172414,0.0006785795068988917,0.013406040137587845,21.8,26.8,26.8
00-0032112,J.J. Nelson,WR,2016,ARI,14,0,0,0,0,0,4,83,1,0,74,34,568,6,0,1,0,0,1,0,0.11635220125786164,0.2013217279174726,0.3154535114290233,105.10000000000001,139.10000000000002,139.10000000000002
00-0032117,Nick O'Leary,TE,2016,BUF,13,0,0,0,0,0,0,0,0,0,14,9,114,0,1,0,0,0,0,0,0.030501089324618737,0.028794642857142855,0.06590788398692811,13.4,22.4,22.4
00-0032120,Neal Sterling,TE,2016,JAX,6,0,0,0,0,0,0,0,0,0,16,12,110,0,0,0,0,0,0,0,0.025682182985553772,0.02424830261881668,0.05549708631150233,11.0,23.0,23.0
00-0032128,Chris Conley,WR,2016,KC,16,0,0,0,0,0,0,0,0,0,69,44,530,0,0,0,0,0,0,0,0.1287313432835821,0.1760450160771704,0.31632852617939244,53.0,97.0,97.0
00-0032130,Jalston Fowler,RB,2016,TEN,6,0,0,0,0,0,1,3,0,0,2,1,14,0,0,0,0,0,0,0,0.004081632653061225,0.0014736842105263158,0.007154027926960258,1.7000000000000002,2.7,2.7
00-0032134,C.J. Uzomah,TE,2016,CIN,8,0,0,0,0,0,0,0,0,0,38,25,234,1,0,0,0,0,0,0,0.07011070110701106,0.06046195652173913,0.147489421225734,29.400000000000002,54.400000000000006,54.400000000000006
00-0032135,Jesse James,TE,2016,PIT,16,0,0,0,0,0,0,0,0,0,60,39,338,3,0,0,0,0,0,0,0.1016949152542373,0.07606177606177607,0.2057856161245992,51.800000000000004,90.80000000000001,90.80000000000001
00-0032139,Ben Koyack,TE,2016,JAX,10,0,0,0,0,0,0,0,0,0,24,19,161,1,0,0,0,0,0,0,0.038523274478330656,0.029485935984481085,0.07842506690663274,22.1,41.1,41.1
00-0032141,Geoff Swaim,TE,2016,DAL,7,0,0,0,0,0,0,0,0,0,8,6,69,0,0,0,0,0,0,0,0.016701461377870562,0.00593242197575445,0.029204887449833957,6.9,12.9,12.9
00-0032144,Melvin Gordon,RB,2016,LAC,13,0,0,0,0,0,254,997,10,0,57,41,419,2,0,2,0,2,0,0,0.10106382978723404,0.006106248727864848,0.15587011879035645,209.6,250.6,250.6
00-0032156,Trevor Siemian,QB,2016,DEN,14,486,3401,18,10,1,28,57,0,0,0,0,0,0,0,2,2,0,0,0,0.0,0.0,0.0,191.73999999999998,191.73999999999998,191.73999999999998
00-0032160,Tyrell Williams,WR,2016,LAC,16,0,0,0,0,0,0,0,0,0,119,69,1059,7,0,0,0,0,0,0,0.21099290780141844,0.2774272338693263,0.5106884254106561,147.9,216.9,216.9
00-0032166,Sammie Coates,WR,2016,PIT,14,0,0,0,0,0,4,14,0,0,49,21,435,2,0,0,0,0,0,0,0.08305084745762711,0.19652509652509653,0.2621438387540082,56.900000000000006,77.9,77.9
00-0032170,Rashad Greene,WR,2016,JAX,8,0,0,0,0,0,0,0,0,0,8,5,32,0,0,1,0,0,0,0,0.012841091492776886,0.011445198836081475,0.02727327642442236,3.2,8.2,8.2
00-0032187,David Johnson,RB,2016,ARI,16,0,0,0,0,0,293,1239,16,0,120,80,879,4,1,3,0,3,0,0,0.18867924528301888,0.0852675693101225,0.3427061664416141,327.8,407.8,407.8
00-0032188,Vince Mayle,TE,2016,DAL,5,0,0,0,0,0,0,0,0,0,0,0,0,0,0,0,0,0,0,0,0.0,0.0,0.0,0.0,0.0,0.0
00-0032190,Gerald Christian,TE,2016,BUF,1,0,0,0,0,0,0,0,0,0,2,1,14,0,0,0,0,0,0,0,0.004357298474945534,0.004910714285714286,0.009973447712418301,1.4000000000000001,2.4000000000000004,2.4000000000000004
00-0032200,Ty Montgomery,WR,2016,GB,15,0,0,0,0,0,77,457,3,0,56,44,348,0,0,1,0,1,0,0,0.09120521172638436,0.0126229812511602,0.1456439044653887,96.5,140.5,140.5
00-0032208,Phillip Dorsett,WR,2016,IND,15,0,0,0,0,0,2,10,0,0,59,33,528,2,0,0,0,0,0,0,0.10314685314685315,0.1571458032584038,0.2647223420011624,65.80000000000001,98.80000000000001,98.80000000000001
00-0032209,T.J. Yeldon,RB,2016,JAX,15,0,0,0,0,0,130,465,1,0,68,50,312,1,0,1,0,1,0,0,0.10914927768860354,0.0023278370514064014,0.16535340246888977,87.7,137.7,137.7
00-0032211,Tyler Lockett,WR,2016,SEA,15,0,0,0,0,0,6,114,1,0,66,41,597,1,0,0,0,0,0,0,0.12043795620437957,0.143947205609404,0.2814199782331521,83.10000000000001,124.10000000000001,124.1
00-0032214,Tyler Kroft,TE,2016,CIN,9,0,0,0,0,0,0,0,0,0,12,10,92,0,0,0,0,0,0,0,0.02214022140221402,0.020833333333333332,0.04779366543665436,9.200000000000001,19.200000000000003,19.200000000000003
00-0032218,Dorial Green-Beckham,WR,2016,PHI,14,0,0,0,0,0,0,0,0,0,74,36,392,2,0,0,0,0,0,0,0.12251655629139073,0.16146748681898065,0.29680207521037255,51.2,87.2,87.2
00-0032227,Jeff Heuerman,TE,2016,DEN,6,0,0,0,0,0,0,0,0,0,17,9,141,0,0,0,0,0,0,0,0.030575539568345324,0.02877697841726619,0.06600719424460431,14.100000000000001,23.1,23.1
00-0032241,Todd Gurley,RB,2016,LA,16,0,0,0,0,0,278,885,6,0,58,43,327,0,0,1,0,1,0,0,0.10943396226415095,0.0148451497312516,0.17454254820810255,155.2,198.2,198.2
00-0032245,Sean Mannion,QB,2016,LA,1,6,19,0,1,0,1,-1,0,0,0,0,0,0,0,0,0,0,0,0,0.0,0.0,0.0,-1.34,-1.34,-1.34
00-0032250,Kasen Williams,WR,2016,SEA,1,0,0,0,0,0,0,0,0,0,1,0,0,0,0,0,0,0,0,0,0.0018248175182481751,0.0020622808826562177,0.004180822895231615,0.0,0.0,0.0
00-0032256,Clive Walford,TE,2016,LV,15,0,0,0,0,0,0,0,0,0,52,33,359,3,0,0,0,0,0,0,0.08828522920203735,0.09185894645189377,0.19672910631938167,53.9,86.9,86.9
00-0032257,Duke Johnson,RB,2016,CLE,16,1,0,0,0,0,73,358,1,0,74,53,514,0,0,1,0,1,0,0,0.13261648745519714,0.029884583676834296,0.2198439397565797,91.2,144.2,144.20000000000002
00-0032268,Marcus Mariota,QB,2016,TEN,15,451,3426,26,9,0,60,349,2,0,1,0,0,0,0,5,2,3,0,0,0.0020408163265306124,0.003789473684210526,0.005713856068743287,259.94,259.94,259.94
00-0032298,Bronson Hill,RB,2016,JAX,1,0,0,0,0,0,2,11,0,0,1,0,0,0,0,0,0,0,0,0,0.0016051364365971107,0.0,0.002407704654895666,1.1,1.1,1.1
00-0032319,Ross Travis,TE,2016,KC,5,0,0,0,0,0,0,0,0,0,6,3,15,0,0,0,0,0,0,0,0.011194029850746268,0.0037513397642015005,0.01941698261106045,1.5,4.5,4.5
00-0032355,Chester Rogers,WR,2016,IND,14,0,0,0,0,0,0,0,0,0,34,19,273,0,0,0,0,0,0,0,0.05944055944055944,0.08187255104145184,0.14647162488985546,27.3,46.3,46.3
00-0032362,Maurice Harris,WR,2016,WAS,7,0,0,0,0,0,0,0,0,0,12,8,66,0,0,0,0,0,0,0,0.02023608768971332,0.019822541060977913,0.04422991027725452,6.6000000000000005,14.600000000000001,14.600000000000001
00-0032365,DeMarcus Ayers,WR,2016,PIT,2,0,0,0,0,0,2,-12,0,0,13,6,53,1,0,0,0,0,0,0,0.022033898305084745,0.025482625482625483,0.050888685295464954,10.100000000000001,16.1,16.1
00-0032371,Rob Kelley,RB,2016,WAS,14,0,0,0,0,0,168,704,6,0,18,12,82,1,0,0,0,0,0,0,0.03035413153456998,0.0028317915801397016,0.04751345140795277,120.60000000000001,132.60000000000002,132.60000000000002
00-0032377,Josh Ferguson,RB,2016,IND,15,0,0,0,0,0,15,20,0,0,25,20,136,0,0,0,0,0,0,0,0.043706293706293704,-0.004743246030109301,0.06223916833836405,15.600000000000001,35.6,35.6
00-0032385,Sterling Shepard,WR,2016,NYG,16,0,0,0,0,0,3,31,0,0,105,65,683,8,0,0,0,0,0,0,0.17587939698492464,0.20672054444917057,0.4085234765918063,119.4,184.4,184.39999999999998
00-0032392,Austin Hooper,TE,2016,ATL,13,0,0,0,0,0,0,0,0,0,27,19,271,3,0,0,0,0,0,0,0.0509433962264151,0.05930558550787147,0.11792900419513268,45.1,64.1,64.1
00-0032393,C.J. Prosise,RB,2016,SEA,6,0,0,0,0,0,30,172,1,0,19,17,208,0,0,0,0,0,0,0,0.03467153284671533,0.023097545885749637,0.06817558139009774,44.0,61.0,61.0
00-0032394,Nick Vannett,TE,2016,SEA,3,0,0,0,0,0,0,0,0,0,4,3,32,0,0,0,0,0,0,0,0.0072992700729927005,0.005361930294906166,0.014702256315923368,3.2,6.2,6.2
00-0032398,Chris Moore,WR,2016,BAL,14,0,0,0,0,0,3,19,0,0,16,7,46,0,0,0,0,0,0,1,0.02406015037593985,0.028361761205870688,0.05594345840801926,12.5,19.5,19.5
00-0032400,Malcolm Mitchell,WR,2016,NE,12,0,0,0,0,0,0,0,0,0,48,32,401,4,0,0,0,0,0,0,0.08791208791208792,0.11684655091506335,0.2136607175086762,64.1,96.1,96.1
00-0032404,Tyler Ervin,RB,2016,HOU,12,0,0,0,0,0,1,3,0,0,5,3,18,0,0,2,0,0,0,0,0.008665511265164644,0.007438681141938078,0.01820534369710362,2.1,5.1,5.1
00-0032411,Kenneth Dixon,RB,2016,BAL,12,0,0,0,0,0,88,382,2,0,41,30,162,1,0,0,0,0,0,0,0.061654135338345864,-0.002776675922253074,0.09053752986194165,72.4,102.4,102.4
00-0032417,Paul Perkins,RB,2016,NYG,14,0,0,0,0,0,112,456,0,0,24,15,162,0,0,0,0,0,0,0,0.04020100502512563,0.0034028073160357296,0.06268347265891346,61.800000000000004,76.80000000000001,76.8
00-0032423,Trevor Davis,WR,2016,GB,8,0,0,0,0,0,0,0,0,0,7,3,24,1,0,1,0,0,0,0,0.011400651465798045,0.01169482086504548,0.025287351804228905,8.4,11.4,11.4
00-0032426,Alex Collins,RB,2016,SEA,9,0,0,0,0,0,31,125,1,0,11,11,84,0,0,1,0,1,0,0,0.020072992700729927,0.0006186842647968653,0.030542568036452694,24.900000000000002,35.900000000000006,35.9
00-0032429,Jerell Adams,TE,2016,NYG,10,0,0,0,0,0,0,0,0,0,21,16,122,1,0,0,0,0,0,0,0.035175879396984924,0.028073160357294766,0.07241503134558372,18.200000000000003,34.2,34.2
00-0032430,David Morgan,TE,2016,MIN,2,0,0,0,0,0,0,0,0,0,1,1,4,0,0,0,0,0,0,0,0.0017094017094017094,0.0005162622612287042,0.002925486146962657,0.4,1.4,1.4
00-0032441,Aaron Burbridge,WR,2016,SF,15,0,0,0,0,0,0,0,0,0,16,7,88,0,0,1,0,0,0,0,0.03285420944558522,0.03463742835783703,0.07352751401886375,8.8,15.8,15.8
00-0032450,Dwayne Washington,RB,2016,DET,11,0,0,0,0,0,90,265,1,0,15,10,62,0,0,0,0,0,0,0,0.02586206896551724,0.00022619316896629722,0.03895143866655227,38.7,48.7,48.7
00-0032462,Trevone Boykin,QB,2016,SEA,4,18,145,1,1,0,8,1,0,0,0,0,0,0,0,0,0,0,0,0,0.0,0.0,0.0,7.9,7.9,7.9
00-0032464,Kalif Raymond,WR,2016,DEN,4,0,0,0,0,0,0,0,0,0,2,0,0,0,0,1,0,0,0,0,0.0035971223021582736,0.013189448441247002,0.014628297362110312,0.0,0.0,0.0
00-0032475,Tanner McEvoy,WR,2016,SEA,8,1,43,0,0,0,0,0,0,0,11,9,140,2,0,0,0,0,0,0,0.020072992700729927,0.024953598680140236,0.04757700812719305,27.72,36.72,36.72
00-0032482,Bralon Addison,WR,2016,CHI,2,0,0,0,0,0,1,4,0,0,1,1,11,0,0,1,0,0,0,0,0.0018181818181818182,0.0005821851348728896,0.0031348023216837503,1.5,2.5,2.5
00-0032508,Hakeem Valles,TE,2016,ARI,5,0,0,0,0,0,0,0,0,0,2,0,0,0,0,0,0,0,0,0,0.0031446540880503146,0.0019342359767891683,0.0060709463158278906,0.0,0.0,0.0
00-0032515,Braedon Bowman,TE,2016,NYJ,2,0,0,0,0,0,0,0,0,0,1,0,0,0,0,0,0,0,0,0,0.0018315018315018315,0.00346797225622195,0.005174833326608112,0.0,0.0,0.0
00-0032523,Henry Krieger-Coble,TE,2016,DEN,1,0,0,0,0,0,0,0,0,0,1,1,13,0,0,0,0,0,0,0,0.0017985611510791368,0.0007993605115907274,0.0032573940847322146,1.3,2.3,2.3
00-0032543,Alex Erickson,WR,2016,CIN,16,0,0,0,0,0,0,0,0,0,8,6,71,0,0,0,0,0,0,0,0.014760147601476014,0.0192481884057971,0.03561395328627199,7.1000000000000005,13.100000000000001,13.100000000000001
00-0032562,Cole Wick,TE,2016,DET,3,0,0,0,0,0,0,0,0,0,3,2,18,0,0,0,0,0,0,0,0.005172413793103448,0.011083465279348564,0.015517046385199167,1.8,3.8,3.8
00-0032577,D.J. Foster,RB,2016,NE,3,0,0,0,0,0,7,24,0,0,2,1,2,0,0,0,0,0,0,0,0.003663003663003663,-0.0004692632566870014,0.005166021214824593,2.6,3.6,3.6000000000000005
00-0032593,Brandon Wilds,RB,2016,NYJ,3,0,0,0,0,0,10,27,0,0,2,2,20,0,0,0,0,0,0,0,0.003663003663003663,-0.0006119951040391676,0.0050661089216780765,4.7,6.7,6.7
00-0032599,Josh Perkins,TE,2016,ATL,6,0,0,0,0,0,0,0,0,0,5,3,42,1,0,0,0,0,0,0,0.009433962264150943,0.013802027172740997,0.023812362417145114,10.2,13.2,13.2
00-0032602,J.D. McKissic,RB,2016,SEA,1,0,0,0,0,0,1,2,0,0,2,2,16,0,0,0,0,0,0,0,0.0036496350364963502,0.0006186842647968653,0.0059075315401023315,1.8,3.8,3.8
00-0032626,Geronimo Allison,WR,2016,GB,7,0,0,0,0,0,0,0,0,0,22,12,202,2,0,0,0,0,0,0,0.035830618892508145,0.054575830703545575,0.09194900983124413,32.2,44.2,44.2
00-0032636,Don Jackson,RB,2016,GB,3,0,0,0,0,0,10,32,0,0,1,0,0,0,0,0,0,0,0,0,0.0016286644951140066,0.0018563207722294413,0.003742421283231619,3.2,3.2,3.2
00-0032659,Roger Lewis,WR,2016,NYG,10,0,0,0,0,0,0,0,0,0,19,7,97,2,0,0,0,0,0,0,0.031825795644891124,0.07082092726499362,0.09731334255283221,21.700000000000003,28.700000000000003,28.700000000000003
00-0032661,Ben Braunecker,TE,2016,CHI,6,0,0,0,0,0,0,0,0,0,6,4,41,0,0,0,0,0,0,0,0.01090909090909091,0.007568406753347565,0.02166152109097966,4.1000000000000005,8.100000000000001,8.100000000000001
00-0032679,Paul McRoberts,WR,2016,LA,1,0,0,0,0,0,0,0,0,0,1,1,6,0,0,0,0,0,0,0,0.0018867924528301887,0.0015357051446122344,0.0039051822804738474,0.6000000000000001,1.6,1.6
00-0032688,Robbie Chosen,WR,2016,NYJ,14,0,0,0,0,0,3,42,0,0,78,42,587,2,0,1,0,0,1,0,0.14285714285714285,0.2658098735210118,0.4003526257504225,72.9,114.9,114.9
00-0032694,Jalin Marshall,WR,2016,NYJ,10,0,0,0,0,0,0,0,0,0,23,14,162,2,0,2,0,0,1,0,0.04212454212454213,0.03937168502651979,0.09074699270537703,26.2,40.2,40.2
00-0032724,Bryce Treggs,WR,2016,PHI,6,0,0,0,0,0,2,7,0,0,12,3,80,0,0,0,0,0,0,0,0.019867549668874173,0.07447275922671354,0.08193225596201073,8.700000000000001,11.700000000000001,11.7
00-0032725,Stephen Anderson,TE,2016,HOU,9,0,0,0,0,0,0,0,0,0,16,11,93,1,0,0,0,0,0,0,0.02772963604852686,0.015078407720144753,0.05214933947689162,15.3,26.3,26.3
00-0032739,Wendall Williams,WR,2016,HOU,2,0,0,0,0,0,0,0,0,0,7,4,75,0,0,0,0,0,0,0,0.012131715771230503,0.019903498190591073,0.0321300223902595,7.5,11.5,11.5
00-0032741,Peyton Barber,RB,2016,TB,10,0,0,0,0,0,55,223,1,0,6,5,28,0,0,0,0,0,0,0,0.010507880910683012,0.0032651658360543048,0.01804743745126253,31.1,36.1,36.1
00-0032745,Alan Cross,TE,2016,TB,11,0,0,0,0,0,0,0,0,0,10,6,38,1,0,0,0,0,0,0,0.017513134851138354,0.007217735006014779,0.031322116780917876,9.8,15.8,15.8
00-0032760,Josh Doctson,WR,2016,WAS,2,0,0,0,0,0,0,0,0,0,6,2,66,0,0,0,0,0,0,0,0.01011804384485666,0.021332829903719087,0.03011004669988835,6.6000000000000005,8.600000000000001,8.600000000000001
00-0032764,Derrick Henry,RB,2016,TEN,14,0,0,0,0,0,110,490,5,0,15,13,137,0,0,0,0,0,0,0,0.030612244897959183,0.004210526315789474,0.0488657357679914,92.7,105.7,105.7
00-0032765,Michael Thomas,WR,2016,NO,15,0,0,0,0,0,0,0,0,0,121,92,1137,9,0,2,0,0,2,0,0.1822289156626506,0.19950176458376584,0.41299460870261195,163.7,255.7,255.7
00-0032775,Demarcus Robinson,WR,2016,KC,7,0,0,0,0,0,0,0,0,0,0,0,0,0,0,0,0,0,0,0,0.0,0.0,0.0,0.0,0.0,0.0
00-0032778,Tajae Sharpe,WR,2016,TEN,16,0,0,0,0,0,1,1,0,0,83,41,522,2,0,0,0,0,0,0,0.16938775510204082,0.22926315789473684,0.414565843179377,64.30000000000001,105.30000000000001,105.30000000000001
00-0032780,Jordan Howard,RB,2016,CHI,15,0,0,0,0,0,252,1313,6,0,50,29,298,1,0,1,0,1,0,0,0.09090909090909091,0.010867455850960606,0.14397085545930877,201.10000000000002,230.10000000000002,230.10000000000002
00-0032782,Wendell Smallwood,RB,2016,PHI,12,0,0,0,0,0,77,312,1,0,13,6,55,0,0,1,0,1,0,1,0.02152317880794702,0.0002196836555360281,0.032438546770795745,46.7,52.7,52.7
00-0032784,Kevin Hogan,QB,2016,CLE,3,26,104,0,2,0,8,105,1,0,0,0,0,0,0,0,0,0,0,0,0.0,0.0,0.0,16.66,16.66,16.66
00-0032791,Jakeem Grant,WR,2016,MIA,14,0,0,0,0,0,1,1,0,0,1,0,0,0,0,1,0,0,0,1,0.0021413276231263384,-0.0007886435331230284,0.0026599409615033877,6.1,6.1,6.1
00-0032794,Danny Vitale,RB,2016,CLE,5,0,0,0,0,0,0,0,0,0,5,4,27,0,0,0,0,0,0,0,0.008960573476702509,-0.001236603462489695,0.012575237791310975,2.7,6.7,6.7
00-0032795,Cody Core,WR,2016,CIN,7,0,0,0,0,0,0,0,0,0,27,17,200,0,0,0,0,0,0,0,0.04981549815498155,0.044157608695652176,0.10563357331942885,20.0,37.0,37.0
00-0032801,Daniel Braverman,WR,2016,CHI,2,0,0,0,0,0,0,0,0,0,2,0,0,0,0,0,0,0,0,0,0.0036363636363636364,0.004269357655734524,0.008443095813559622,0.0,0.0,0.0
00-0032804,Daniel Lasco,RB,2016,NO,5,0,0,0,0,0,11,32,0,0,4,2,11,0,0,0,0,0,0,0,0.006024096385542169,0.0,0.009036144578313254,4.3,6.3,6.300000000000001
00-0032841,Paul Turner,WR,2016,PHI,3,0,0,0,0,0,0,0,0,0,14,9,126,0,0,0,0,0,0,0,0.023178807947019868,0.030755711775043937,0.05629721016306055,12.600000000000001,21.6,21.6
00-0032844,Brandon Burks,RB,2016,NYJ,1,0,0,0,0,0,2,-4,0,0,0,0,0,0,0,0,0,0,0,0,0.0,0.0,0.0,-0.4,-0.4,-0.4
00-0032864,Alex Ellis,TE,2016,JAX,5,0,0,0,0,0,0,0,0,0,4,3,11,0,0,0,0,0,0,0,0.006420545746388443,0.002133850630455868,0.011124514060901772,1.1,4.1,4.1
00-0032881,Tommylee Lewis,WR,2016,NO,12,0,0,0,0,0,3,11,0,0,11,7,76,0,0,0,0,0,0,0,0.016566265060240965,0.015777454847415405,0.03589361598355223,8.700000000000001,15.700000000000001,15.700000000000001
00-0032893,Connor Cook,QB,2016,LV,1,21,150,1,1,0,0,0,0,0,0,0,0,0,0,1,1,0,0,0,0.0,0.0,0.0,6.0,6.0,6.0
00-0032902,Kenneth Farrow,RB,2016,LAC,11,0,0,0,0,0,60,192,0,0,16,13,70,0,0,1,0,1,0,0,0.028368794326241134,-0.0028495827396702628,0.040558483571592516,24.200000000000003,37.2,37.2
00-0032935,Johnny Holton,WR,2016,LV,12,0,0,0,0,0,6,43,0,0,3,2,34,0,0,1,0,1,0,0,0.0050933786078098476,0.007618632999564649,0.012973111011410025,5.7,7.7,7.699999999999999
00-0032940,DeAndre Washington,RB,2016,LV,13,0,0,0,0,0,87,467,2,0,23,17,115,0,0,1,0,1,0,0,0.03904923599320883,0.00130605137135394,0.059488089949761,68.2,85.2,85.2
00-0032950,Carson Wentz,QB,2016,PHI,16,607,3782,16,14,1,46,150,2,1,1,1,7,0,0,3,2,1,0,0,0.0016556291390728477,-0.0015377855887521968,0.001406993796482734,212.98,213.98,213.98
00-0032951,Laquon Treadwell,WR,2016,MIN,4,0,0,0,0,0,0,0,0,0,3,1,15,0,0,0,0,0,0,0,0.005128205128205128,0.015229736706246774,0.018353123386680433,1.5,2.5,2.5
00-0032959,Charone Peake,WR,2016,NYJ,12,0,0,0,0,0,0,0,0,0,35,19,186,0,0,0,0,0,0,0,0.0641025641025641,0.06466748266013872,0.14142108401594325,18.6,37.6,37.6
00-0032964,Byron Marshall,RB,2016,PHI,2,0,0,0,0,0,19,64,0,0,5,3,10,0,0,0,0,0,0,0,0.008278145695364239,0.0004393673110720562,0.012724775660796798,7.4,10.4,10.4
00-0032966,Corey Coleman,WR,2016,CLE,10,0,0,0,0,0,2,10,0,0,73,33,413,3,0,0,0,0,0,0,0.13082437275985664,0.20898598516075845,0.34252674875231587,60.300000000000004,93.30000000000001,93.30000000000001
00-0032972,Devontae Booker,RB,2016,DEN,16,0,0,0,0,0,174,612,4,0,45,31,265,1,0,3,0,1,2,0,0.08093525179856115,0.012390087929656275,0.1300759392486011,111.7,142.7,142.7
00-0032974,Jordan Payton,WR,2016,CLE,2,0,0,0,0,0,0,0,0,0,3,1,3,0,0,0,0,0,0,0,0.005376344086021506,0.007625721352019786,0.013402521075446108,0.30000000000000004,1.3,1.3
00-0032975,Jonathan Williams,RB,2016,BUF,8,1,0,0,0,0,27,94,1,0,2,1,0,0,0,2,0,2,0,0,0.004357298474945534,0.0002232142857142857,0.006692197712418302,11.4,12.4,12.399999999999999
00-0032977,Rashard Higgins,WR,2016,CLE,10,0,0,0,0,0,0,0,0,0,12,6,77,0,0,0,0,0,0,0,0.021505376344086023,0.028441879637262985,0.05216738026221312,7.7,13.7,13.7
00-0033009,Tyler Boyd,WR,2016,CIN,16,0,0,0,0,0,4,58,0,0,81,54,603,1,0,1,0,0,1,0,0.14944649446494465,0.15421195652173914,0.33211811126263435,70.10000000000001,124.10000000000001,124.10000000000001
00-0033021,Jake Lampman,WR,2016,NO,4,0,0,0,0,0,0,0,0,0,0,0,0,0,0,0,0,0,0,0,0.0,0.0,0.0,0.0,0.0,0.0
00-0033025,Jalen Richard,RB,2016,LV,16,0,0,0,0,0,83,491,1,0,39,29,194,2,0,0,0,0,0,0,0.06621392190152801,0.02851545494122769,0.1192817013111514,86.5,115.5,115.5
00-0033040,Tyreek Hill,WR,2016,KC,16,0,0,0,0,0,24,267,3,0,83,61,593,6,0,1,0,0,0,3,0.15485074626865672,0.1752411575562701,0.3549449296923741,158.0,219.0,219.0
00-0033045,Ezekiel Elliott,RB,2016,DAL,15,0,0,0,0,0,322,1631,15,0,40,32,363,1,0,1,0,1,0,0,0.08350730688935282,-0.00025793139025019347,0.1250804083608541,293.4,325.4,325.40000000000003
00-0033060,Leonte Carroo,WR,2016,MIA,5,0,0,0,0,0,0,0,0,0,6,3,29,1,0,0,0,0,0,0,0.01284796573875803,0.02655099894847529,0.037857647872069744,8.9,11.9,11.9
00-0033069,Braxton Miller,WR,2016,HOU,10,0,0,0,0,0,3,0,0,0,28,15,99,1,0,0,0,0,0,0,0.04852686308492201,0.04061117812625653,0.10121811931576258,15.9,30.9,30.9
00-0033077,Dak Prescott,QB,2016,DAL,16,459,3667,23,4,0,57,282,6,0,0,0,0,0,0,4,4,0,0,0,0.0,0.0,0.0,286.88,286.88,286.88
00-0033079,Ricardo Louis,WR,2016,CLE,14,0,0,0,0,0,0,0,0,0,35,18,205,0,0,0,0,0,0,0,0.06272401433691756,0.0768755152514427,0.14789888218138625,20.5,38.5,38.5
00-0033080,Seth DeValve,TE,2016,CLE,8,0,0,0,0,0,0,0,0,0,12,10,127,2,0,0,0,0,0,0,0.021505376344086023,0.0208161582852432,0.04682937531579927,24.700000000000003,34.7,34.7
00-0033090,Hunter Henry,TE,2016,LAC,13,0,0,0,0,0,0,0,0,0,53,36,478,8,0,1,0,0,1,0,0.09397163120567376,0.09403623040911867,0.2067828080948937,93.80000000000001,129.8,129.8
00-0033098,Cardale Jones,QB,2016,BUF,1,11,96,0,1,0,1,-1,0,0,0,0,0,0,0,0,0,0,0,0,0.0,0.0,0.0,1.7399999999999998,1.7399999999999998,1.7399999999999998
00-0033104,Cody Kessler,QB,2016,CLE,9,195,1380,6,2,1,11,18,0,0,0,0,0,0,0,1,1,0,0,0,0.0,0.0,0.0,77.0,77.0,77.0
00-0033106,Jared Goff,QB,2016,LA,7,205,1089,5,7,0,8,16,1,0,0,0,0,0,0,2,2,0,0,0,0.0,0.0,0.0,53.160000000000004,53.160000000000004,53.160000000000004
00-0033108,Paxton Lynch,QB,2016,DEN,3,83,497,2,1,0,11,25,0,0,0,0,0,0,0,0,0,0,0,0,0.0,0.0,0.0,28.38,28.38,28.38
00-0033110,Tyler Higbee,TE,2016,LA,12,0,0,0,0,0,0,0,0,0,29,11,85,1,0,0,0,0,0,0,0.05471698113207547,0.051958024059380596,0.11844608853967964,14.5,25.5,25.5
00-0033111,Pharoh Cooper,WR,2016,LA,9,1,0,0,1,0,0,0,0,0,20,14,106,0,0,0,0,0,0,0,0.03773584905660377,0.01791656002047607,0.06914536559923891,8.600000000000001,22.6,22.6
00-0033112,Temarrick Hemingway,TE,2016,LA,2,0,0,0,0,0,0,0,0,0,0,0,0,0,0,0,0,0,0,0,0.0,0.0,0.0,0.0,0.0,0.0
00-0033114,Mike Thomas,WR,2016,LA,8,0,0,0,0,0,0,0,0,0,9,3,37,0,0,1,0,0,0,0,0.016981132075471698,0.028922446890197084,0.0457174109363455,3.7,6.7,6.7
00-0033118,Kenyan Drake,RB,2016,MIA,15,0,0,0,0,0,33,179,2,0,10,9,46,0,0,0,0,0,0,1,0.021413276231263382,-0.0005257623554153522,0.03175188069810433,40.5,49.5,49.5
00-0033119,Jacoby Brissett,QB,2016,NE,3,55,400,0,0,0,16,83,1,0,0,0,0,0,0,1,0,1,0,0,0.0,0.0,0.0,28.3,28.3,28.3
00-0033127,Will Fuller,WR,2016,HOU,14,0,0,0,0,0,1,-3,0,0,92,47,635,2,0,0,0,0,0,1,0.15944540727902945,0.2808604744672296,0.43577044304560486,81.2,128.2,128.2
00-0033164,Troymaine Pope,RB,2016,SEA,4,0,0,0,0,0,12,44,0,0,2,1,5,0,0,0,0,0,0,0,0.003663003663003663,-0.0008159934720522236,0.004923310064068938,4.9,5.9,5.9
00-0019596,Tom Brady,QB,2017,NE,16,581,4577,32,8,2,25,28,0,0,0,0,0,0,0,3,2,1,0,0,0.0,0.0,0.0,295.88000000000005,295.88000000000005,295.88000000000005
00-0020531,Drew Brees,QB,2017,NO,16,536,4334,23,8,0,33,12,2,0,0,0,0,0,0,0,0,0,0,0,0.0,0.0,0.0,262.56,262.56,262.56
00-0021206,Josh McCown,QB,2017,NYJ,13,397,2926,18,9,0,37,124,5,0,0,0,0,0,0,4,3,1,0,0,0.0,0.0,0.0,205.44000000000003,205.44000000000003,205.44000000000003
00-0021429,Carson Palmer,QB,2017,ARI,7,267,1978,9,7,0,14,12,0,0,0,0,0,0,0,0,0,0,0,0,0.0,0.0,0.0,102.32000000000001,102.32000000000001,102.32000000000001
00-0021547,Antonio Gates,TE,2017,LAC,16,0,0,0,0,0,0,0,0,0,52,30,316,3,0,0,0,0,0,0,0.09075043630017451,0.09037656903765691,0.1993892527766216,49.6,79.6,79.6
00-0022127,Jason Witten,TE,2017,DAL,16,0,0,0,0,0,0,0,0,0,87,63,560,5,0,1,0,0,0,0,0.17938144329896907,0.15267562769464874,0.37594510433470774,86.0,149.0,149.0
00-0022803,Eli Manning,QB,2017,NYG,15,571,3468,19,13,0,12,26,1,0,0,0,0,0,0,5,5,0,0,0,0.0,0.0,0.0,187.32,187.32,187.32
00-0022921,Larry Fitzgerald,WR,2017,ARI,16,1,21,0,0,0,0,0,0,0,161,109,1156,6,1,1,0,0,1,0,0.2719594594594595,0.2300671603237472,0.5689862014158122,152.44,261.44,261.44
00-0022924,Ben Roethlisberger,QB,2017,PIT,15,562,4259,28,14,2,28,47,0,0,0,0,0,0,0,1,1,0,0,0,0.0,0.0,0.0,261.06,261.06,261.06
00-0022942,Philip Rivers,QB,2017,LAC,16,575,4515,28,10,0,18,-2,0,0,0,0,0,0,0,1,1,0,0,0,0.0,0.0,0.0,270.40000000000003,270.40000000000003,270.40000000000003
00-0022943,Benjamin Watson,TE,2017,BAL,16,0,0,0,0,0,0,0,0,0,79,61,522,4,0,0,0,0,0,0,0.1408199643493761,0.10827693909422176,0.28702380389001936,76.2,137.2,137.2
00-0023436,Alex Smith,QB,2017,KC,15,505,4042,26,5,0,60,355,1,0,0,0,0,0,0,1,1,0,0,0,0.0,0.0,0.0,295.18,295.18,295.18
00-0023459,Aaron Rodgers,QB,2017,GB,7,238,1675,16,6,0,24,126,0,0,0,0,0,0,0,1,1,0,0,0,0.0,0.0,0.0,129.6,129.6,129.6
00-0023500,Frank Gore,RB,2017,IND,16,0,0,0,0,0,261,961,3,0,38,29,245,1,0,0,0,0,0,0,0.08050847457627118,-0.0070690592713431215,0.11581437037446658,144.60000000000002,173.60000000000002,173.60000000000002
00-0023564,Darren Sproles,RB,2017,PHI,3,0,0,0,0,0,15,61,0,0,12,7,73,0,0,1,0,0,0,0,0.02158273381294964,-0.002462587611290017,0.030650289391521448,13.4,20.4,20.400000000000002
00-0023645,Derek Anderson,QB,2017,CAR,3,8,17,0,0,0,2,-2,0,0,0,0,0,0,0,0,0,0,0,0,0.0,0.0,0.0,0.48000000000000004,0.48000000000000004,0.48000000000000004
00-0023662,Matt Cassel,QB,2017,TEN,2,42,162,1,2,0,0,0,0,0,0,0,0,0,0,2,2,0,0,0,0.0,0.0,0.0,2.4800000000000004,2.4800000000000004,2.4800000000000004
00-0023682,Ryan Fitzpatrick,QB,2017,TB,6,163,1103,7,3,0,15,78,0,0,0,0,0,0,0,0,0,0,0,0,0.0,0.0,0.0,73.92,73.92,73.92
00-0024221,Vernon Davis,TE,2017,WAS,16,0,0,0,0,0,0,0,0,0,69,43,648,3,0,2,0,0,2,0,0.12921348314606743,0.17962918372261016,0.3195606533249282,78.8,121.8,121.8
00-0024226,Jay Cutler,QB,2017,MIA,14,429,2666,19,14,0,19,32,0,0,0,0,0,0,0,0,0,0,0,0,0.0,0.0,0.0,157.83999999999997,157.83999999999997,157.83999999999997
00-0024243,Marcedes Lewis,TE,2017,JAX,16,0,0,0,0,0,0,0,0,0,48,24,318,5,1,0,0,0,0,0,0.09284332688588008,0.09368138570383021,0.20484196032150126,63.8,87.8,87.8
00-0024264,Kellen Clemens,QB,2017,LAC,3,8,36,0,1,0,5,-5,0,0,0,0,0,0,0,0,0,0,0,0,0.0,0.0,0.0,-1.06,-1.06,-1.06
00-0024268,Anthony Fasano,TE,2017,MIA,11,0,0,0,0,0,0,0,0,0,16,12,107,1,0,0,0,0,0,0,0.027210884353741496,0.024365274365274366,0.057872018586304294,16.700000000000003,28.700000000000003,28.700000000000003
00-0024334,Brandon Marshall,WR,2017,NYG,5,0,0,0,0,0,0,0,0,0,33,18,154,0,0,0,0,0,0,0,0.05472636815920398,0.07765884764290594,0.13645074558884013,15.4,33.4,33.4
00-0024389,Delanie Walker,TE,2017,TEN,16,0,0,0,0,0,2,-2,1,0,111,74,807,3,0,2,0,0,2,0,0.22933884297520662,0.23108571428571428,0.50576826446281,100.5,174.5,174.5
00-0024535,Eric Weems,WR,2017,TEN,11,0,0,0,0,0,1,0,0,0,2,1,5,0,0,0,0,0,0,0,0.004132231404958678,0.00045714285714285713,0.006518347107438017,0.5,1.5,1.5
00-0025394,Adrian Peterson,RB,2017,ARI,10,0,0,0,0,0,156,529,2,0,19,11,70,0,0,2,0,2,0,0,0.035916824196597356,0.010242903131401814,0.0610452684868773,67.9,78.9,78.9
00-0025396,Ted Ginn,WR,2017,NO,15,0,0,0,0,0,10,39,0,0,70,53,787,4,0,0,0,0,0,0,0.1323251417769376,0.24641498390400937,0.37097820139821297,106.60000000000001,159.60000000000002,159.60000000000002
00-0025399,Marshawn Lynch,RB,2017,LV,15,0,0,0,0,0,207,891,7,0,31,20,151,0,0,1,0,1,0,0,0.05615942028985507,0.00322234156820623,0.08649476953252697,144.2,164.2,164.20000000000002
00-0025418,Greg Olsen,TE,2017,CAR,7,0,0,0,0,0,0,0,0,0,38,17,191,1,0,0,0,0,0,0,0.07723577235772358,0.09439736346516008,0.1819318129621974,25.1,42.1,42.1
00-0025430,Drew Stanton,QB,2017,ARI,5,159,894,6,5,0,9,7,0,0,0,0,0,0,0,0,0,0,0,0,0.0,0.0,0.0,50.46,50.46,50.46
00-0025549,Brent Celek,TE,2017,PHI,12,0,0,0,0,0,0,0,0,0,24,13,130,1,0,0,0,0,0,0,0.04316546762589928,0.02557302519416556,0.0826493190747648,19.0,32.0,32.0
00-0025708,Matt Moore,QB,2017,MIA,4,127,861,4,5,0,3,9,0,0,0,0,0,0,0,0,0,0,0,0,0.0,0.0,0.0,41.339999999999996,41.339999999999996,41.339999999999996
00-0026019,Danny Woodhead,RB,2017,BAL,8,0,0,0,0,0,14,56,0,0,39,33,200,0,0,0,0,0,0,0,0.06951871657754011,0.028110359187922956,0.12395532629785623,25.6,58.6,58.6
00-0026035,Danny Amendola,WR,2017,NE,15,0,0,0,0,0,0,0,0,0,86,61,659,2,0,0,0,0,0,0,0.14726027397260275,0.12733383121732636,0.31002409281103255,77.9,138.9,138.9
00-0026143,Matt Ryan,QB,2017,ATL,16,529,4095,20,12,0,32,143,0,0,0,0,0,0,0,3,1,2,0,0,0.0,0.0,0.0,228.10000000000002,228.10000000000002,228.10000000000002
00-0026144,Darren McFadden,RB,2017,DAL,1,0,0,0,0,0,1,-2,0,0,0,0,0,0,0,0,0,0,0,0,0.0,0.0,0.0,-0.2,-0.2,-0.2
00-0026153,Jonathan Stewart,RB,2017,CAR,15,0,0,0,0,0,198,680,6,0,15,8,52,1,0,3,0,3,0,0,0.03048780487804878,-0.004001883239171375,0.042930389049653205,109.2,117.2,117.2
00-0026158,Joe Flacco,QB,2017,BAL,16,549,3141,18,13,1,25,54,1,0,0,0,0,0,0,0,0,0,0,0,0.0,0.0,0.0,185.04,185.04,185.04
00-0026164,Chris Johnson,RB,2017,ARI,4,0,0,0,0,0,45,114,0,0,6,5,43,0,0,0,0,0,0,0,0.010135135135135136,0.003444119166523162,0.017613586119268918,15.700000000000001,20.700000000000003,20.7
00-0026176,Jordy Nelson,WR,2017,GB,14,0,0,0,0,0,0,0,0,0,88,53,482,6,0,0,0,0,0,0,0.1588447653429603,0.23621661357510415,0.40361877751701336,84.2,137.2,137.2
00-0026184,Matt Forte,RB,2017,NYJ,12,0,0,0,0,0,103,381,2,0,45,37,293,1,0,1,0,1,0,0,0.0907258064516129,0.02106064450647044,0.15083116083194867,83.4,120.4,120.4
00-0026189,DeSean Jackson,WR,2017,TB,14,0,0,0,0,0,3,38,0,0,90,50,668,3,0,0,0,0,0,0,0.15100671140939598,0.2339598185353208,0.39028194008881856,88.60000000000001,138.60000000000002,138.6
00-0026197,Chad Henne,QB,2017,JAX,2,2,0,0,0,0,5,-5,0,0,0,0,0,0,0,0,0,0,0,0,0.0,0.0,0.0,-0.5,-0.5,-0.5
00-0026201,Martellus Bennett,TE,2017,NE,9,0,0,0,0,0,0,0,0,0,44,30,286,0,0,0,0,0,0,0,0.07942238267148015,0.06493506493506493,0.16458811946176566,28.6,58.6,58.6
00-0026213,Jamaal Charles,RB,2017,DEN,13,0,0,0,0,0,69,296,1,0,28,23,129,0,0,2,0,2,0,0,0.050816696914700546,-0.004843124868393346,0.07283485796417548,44.5,67.5,67.5
00-0026224,Harry Douglas,WR,2017,TEN,1,0,0,0,0,0,0,0,0,0,3,1,8,0,0,0,0,0,0,0,0.006198347107438017,0.005942857142857143,0.013457520661157026,0.8,1.8,1.8
00-0026293,Matthew Slater,WR,2017,NE,6,0,0,0,0,0,0,0,0,0,0,0,0,0,0,0,0,0,0,0,0.0,0.0,0.0,0.0,0.0,0.0
00-0026345,Pierre Garcon,WR,2017,SF,8,0,0,0,0,0,0,0,0,0,67,40,500,0,0,0,0,0,0,0,0.11185308848080133,0.1326827242524917,0.2606575396979462,50.0,90.0,90.0
00-0026498,Matthew Stafford,QB,2017,DET,16,565,4446,29,10,1,29,98,0,0,0,0,0,0,1,7,6,1,0,0,0.0,0.0,0.0,273.64000000000004,273.64000000000004,273.64000000000004
00-0026544,Chase Daniel,QB,2017,NO,1,0,0,0,0,0,3,-2,0,0,0,0,0,0,0,0,0,0,0,0,0.0,0.0,0.0,-0.2,-0.2,-0.2
00-0026625,Brian Hoyer,QB,2017,NE,10,211,1287,4,4,0,9,4,1,0,0,0,0,0,0,1,1,0,0,0,0.0,0.0,0.0,63.879999999999995,63.879999999999995,63.879999999999995
00-0026901,Mike Wallace,WR,2017,BAL,15,0,0,0,0,0,1,4,0,0,92,52,748,4,0,0,0,0,0,0,0.16399286987522282,0.3204060385216033,0.47027353177795655,99.2,151.2,151.2
00-0026983,Darrius Heyward-Bey,WR,2017,PIT,10,0,0,0,0,0,2,32,1,0,3,2,47,0,0,0,0,0,0,0,0.005128205128205128,0.009536524890329964,0.014367875115538668,13.9,15.9,15.899999999999999
00-0026986,Michael Crabtree,WR,2017,LV,13,0,0,0,0,0,0,0,0,0,101,58,618,8,2,0,0,0,0,0,0.18297101449275363,0.22749731471535983,0.4337046420398823,113.80000000000001,171.8,171.8
00-0026995,Jeremy Maclin,WR,2017,BAL,12,0,0,0,0,0,0,0,0,0,72,40,440,3,0,0,0,0,0,0,0.12834224598930483,0.18271733472149923,0.3204155032890067,62.0,102.0,102.0
00-0027006,Kenny Britt,WR,2017,NE,12,0,0,0,0,0,0,0,0,0,43,20,256,2,0,0,0,0,0,0,0.07597173144876325,0.09734001542020046,0.1820956079672852,37.6,57.6,57.6
00-0027029,LeSean McCoy,RB,2017,BUF,16,0,0,0,0,0,287,1138,6,0,77,59,448,2,0,1,0,1,0,0,0.16452991452991453,0.025199903077295856,0.2644348039489789,204.60000000000002,263.6,263.6
00-0027057,Brandon Tate,WR,2017,BUF,13,0,0,0,0,0,0,0,0,0,14,6,81,1,0,0,0,0,0,0,0.029914529914529916,0.034407559970923186,0.0689570868514411,14.1,20.1,20.1
00-0027061,Jared Cook,TE,2017,LV,16,0,0,0,0,0,0,0,0,0,86,54,688,2,0,1,0,0,1,0,0.15579710144927536,0.16519871106337272,0.34933474991827396,78.8,132.8,132.8
00-0027089,Louis Murphy,WR,2017,SF,6,0,0,0,0,0,0,0,0,0,17,8,121,1,0,0,0,0,0,0,0.028380634390651086,0.03758305647840532,0.06887909112086035,18.1,26.1,26.1
00-0027125,Zach Miller,TE,2017,CHI,8,0,0,0,0,0,0,0,0,0,35,20,236,2,0,0,0,0,0,0,0.07478632478632478,0.08546028104387726,0.17200168391020126,35.6,55.6,55.6
00-0027139,John Phillips,TE,2017,NO,1,0,0,0,0,0,0,0,0,0,0,0,0,0,0,0,0,0,0,0,0.0,0.0,0.0,0.0,0.0,0.0
00-0027215,Logan Paulsen,TE,2017,SF,3,0,0,0,0,0,0,0,0,0,2,0,0,0,0,0,0,0,0,0,0.00333889816360601,0.004568106312292359,0.008206021664013666,0.0,0.0,0.0
00-0027321,Jeff Cumberland,TE,2017,LAC,5,0,0,0,0,0,0,0,0,0,3,2,2,0,0,0,0,0,0,0,0.005235602094240838,0.0012552301255230125,0.008732064229227367,0.2,2.2,2.2
00-0027325,LeGarrette Blount,RB,2017,PHI,16,0,0,0,0,0,173,766,2,1,8,8,50,1,0,1,0,1,0,0,0.014388489208633094,0.0005682894487592347,0.021980536427081105,99.60000000000001,107.60000000000001,107.60000000000001
00-0027531,Chris Ivory,RB,2017,JAX,14,0,0,0,0,0,112,382,1,0,28,21,175,1,0,2,0,2,0,0,0.05415860735009671,-0.0012198097096852891,0.08038404422836537,63.7,84.7,84.7
00-0027654,Arrelious Benn,WR,2017,JAX,5,0,0,0,0,0,0,0,0,0,2,1,12,0,0,0,0,0,0,0,0.0038684719535783366,0.0034154671871188093,0.008193534961350672,1.2000000000000002,2.2,2.2
00-0027656,Rob Gronkowski,TE,2017,NE,13,0,0,0,0,0,0,0,0,0,105,69,1084,8,1,0,0,0,0,0,0.1797945205479452,0.22647498132935026,0.428224267752463,158.4,227.4,227.4
00-0027675,Ed Dickson,TE,2017,CAR,14,0,0,0,0,0,0,0,0,0,48,30,437,1,0,0,0,0,0,0,0.0975609756097561,0.10616760828625235,0.2206587892150108,49.7,79.7,79.7
00-0027681,Brandon LaFell,WR,2017,CIN,16,0,0,0,0,0,0,0,0,0,89,52,548,3,0,0,0,0,0,0,0.18237704918032788,0.18565603262173183,0.4035247966057041,72.80000000000001,124.80000000000001,124.80000000000001
00-0027685,Emmanuel Sanders,WR,2017,DEN,12,0,0,0,0,0,0,0,0,0,92,47,555,2,0,0,0,0,0,0,0.16696914700544466,0.20593809222994314,0.39461038506912716,67.5,114.5,114.5
00-0027690,Eric Decker,WR,2017,TEN,16,1,0,0,0,0,0,0,0,0,83,54,563,1,0,0,0,0,0,0,0.17148760330578514,0.1888,0.3893914049586777,62.300000000000004,116.30000000000001,116.30000000000001
00-0027691,Andre Roberts,WR,2017,ATL,16,0,0,0,0,0,0,0,0,0,4,1,12,0,0,1,0,0,0,0,0.007736943907156673,0.0041928721174004195,0.014540426342915304,1.2000000000000002,2.2,2.2
00-0027696,Jimmy Graham,TE,2017,SEA,16,0,0,0,0,0,0,0,0,0,96,57,520,10,1,0,0,0,0,0,0.18250950570342206,0.13384813384813385,0.36745795224882677,114.0,171.0,171.0
00-0027732,Michael Hoomanawanui,TE,2017,NO,9,0,0,0,0,0,0,0,0,0,10,6,52,1,0,0,0,0,0,0,0.01890359168241966,0.020778460637986537,0.04290030997022007,11.2,17.2,17.2
00-0027793,Antonio Brown,WR,2017,PIT,14,0,0,0,0,0,0,0,0,0,163,101,1533,9,1,0,0,0,0,0,0.27863247863247864,0.4171275987030326,0.7099380370408408,209.3,310.3,310.3
00-0027796,Joe Webb,QB,2017,BUF,9,7,35,0,1,0,8,54,0,0,0,0,0,0,0,0,0,0,0,0,0.0,0.0,0.0,4.800000000000001,4.800000000000001,4.800000000000001
00-0027854,Sam Bradford,QB,2017,MIN,2,43,382,3,0,0,2,-3,0,0,0,0,0,0,0,0,0,0,0,0,0.0,0.0,0.0,26.98,26.98,26.98
00-0027861,C.J. Spiller,RB,2017,KC,1,0,0,0,0,0,2,0,0,0,2,0,0,0,0,0,0,0,0,0,0.003787878787878788,0.0004764173415912339,0.006015310320932046,0.0,0.0,0.0
00-0027873,Jermaine Gresham,TE,2017,ARI,14,0,0,0,0,0,0,0,0,0,46,33,322,2,0,0,0,0,0,0,0.0777027027027027,0.05097296366454279,0.152235128619234,44.2,77.2,77.2
00-0027874,Demaryius Thomas,WR,2017,DEN,16,0,0,0,0,0,0,0,0,0,140,83,949,5,0,1,0,0,1,0,0.2540834845735027,0.3078542851126553,0.5966232264391127,122.9,205.9,205.9
00-0027891,Golden Tate,WR,2017,DET,16,0,0,0,0,1,5,22,0,0,120,92,1003,5,0,1,0,0,1,0,0.21238938053097345,0.1569831177373383,0.42847225321259697,132.5,224.5,224.5
00-0027902,Dez Bryant,WR,2017,DAL,16,0,0,0,0,0,1,-4,0,0,132,69,838,6,0,1,0,0,1,0,0.2721649484536082,0.38904387522191225,0.680578135335751,117.4,186.4,186.4
00-0027939,Cam Newton,QB,2017,CAR,16,492,3302,22,16,0,139,754,6,1,0,0,0,0,0,1,0,1,0,0,0.0,0.0,0.0,299.48,299.48,299.48
00-0027942,A.J. Green,WR,2017,CIN,16,0,0,0,0,0,0,0,0,0,143,75,1078,8,0,2,0,0,2,0,0.2930327868852459,0.4492684096905733,0.7540370671112702,151.8,226.8,226.8
00-0027944,Julio Jones,WR,2017,ATL,16,0,0,0,0,0,1,15,0,0,148,88,1444,3,0,0,0,0,0,0,0.2862669245647969,0.4412997903563941,0.7383102400966712,163.9,251.9,251.9
00-0027948,Blaine Gabbert,QB,2017,ARI,5,171,1086,6,6,1,22,82,0,0,0,0,0,0,0,2,2,0,0,0,0.0,0.0,0.0,61.64,61.64,61.64
00-0027966,Mark Ingram,RB,2017,NO,16,0,0,0,0,0,230,1124,12,0,71,58,416,0,0,3,0,2,1,0,0.1342155009451796,-0.02633889376646181,0.18288602578124613,220.0,278.0,278.0
00-0027973,Andy Dalton,QB,2017,CIN,16,496,3320,25,12,0,38,99,0,0,0,0,0,0,0,4,3,1,0,0,0.0,0.0,0.0,210.70000000000002,210.70000000000002,210.70000000000002
00-0027981,Kyle Rudolph,TE,2017,MIN,16,0,0,0,0,0,0,0,0,0,81,57,532,8,0,0,0,0,0,0,0.15547024952015356,0.14977533699450823,0.33804811017638614,101.2,158.2,158.2
00-0027985,Lance Kendricks,TE,2017,GB,14,0,0,0,0,0,0,0,0,0,35,18,203,1,0,0,0,0,0,0,0.0631768953068592,0.06370987503062975,0.13936225548172962,26.3,44.3,44.3
00-0027994,Shane Vereen,RB,2017,NYG,16,1,0,0,1,0,45,164,0,0,53,44,253,0,0,0,0,0,0,0,0.087893864013267,0.00501024823502619,0.13534796978441885,39.7,83.7,83.7
00-0027996,Torrey Smith,WR,2017,PHI,16,0,0,0,0,0,1,-3,0,0,68,36,430,2,0,0,0,0,0,0,0.1223021582733813,0.1668876681189619,0.30027460509334525,54.7,90.7,90.7
00-0028002,Randall Cobb,WR,2017,GB,14,1,10,0,0,0,9,17,0,0,92,66,653,4,1,0,0,0,0,0,0.16606498194945848,0.13599607939230582,0.34429472849880177,93.4,159.4,159.39999999999998
00-0028009,DeMarco Murray,RB,2017,TEN,15,0,0,0,0,0,184,659,6,0,47,39,266,1,0,1,0,1,0,0,0.09710743801652892,0.002514285714285714,0.1474211570247934,132.5,171.5,171.5
00-0028011,Stevan Ridley,RB,2017,PIT,2,0,0,0,0,0,26,108,1,0,0,0,0,0,0,0,0,0,0,0,0.0,0.0,0.0,16.8,16.8,16.8
00-0028012,Ryan Mallett,QB,2017,BAL,2,16,56,2,0,0,4,-3,0,0,0,0,0,0,0,0,0,0,0,0,0.0,0.0,0.0,9.94,9.94,9.94
00-0028042,Luke Stocker,TE,2017,TEN,5,0,0,0,0,0,0,0,0,0,5,4,30,1,0,0,0,0,0,0,0.008389261744966443,0.002106286454957874,0.014058293135920176,9.0,13.0,13.0
00-0028063,Taiwan Jones,RB,2017,BUF,5,0,0,0,0,0,0,0,0,0,2,1,11,0,0,0,0,0,0,0,0.004273504273504274,0.005815362248606736,0.010481009984281125,1.1,2.1,2.1
00-0028064,Bilal Powell,RB,2017,NYJ,15,0,0,0,0,0,178,772,5,0,33,23,170,0,0,1,0,0,1,0,0.06653225806451613,0.009134737376300432,0.10619270326018448,122.2,145.2,145.2
00-0028067,Julius Thomas,TE,2017,MIA,14,0,0,0,0,0,0,0,0,0,62,41,388,3,0,0,0,0,0,0,0.1054421768707483,0.09828009828009827,0.22695933410219124,56.800000000000004,97.80000000000001,97.80000000000001
00-0028083,Jacquizz Rodgers,RB,2017,TB,16,0,0,0,0,0,64,244,1,0,11,9,74,0,0,0,0,0,0,0,0.018456375838926176,-0.0004860661049902787,0.027344317484896068,37.8,46.8,46.800000000000004
00-0028087,Dion Lewis,RB,2017,NE,16,0,0,0,0,0,180,896,6,0,35,32,214,3,0,0,0,0,0,1,0.059931506849315065,0.0,0.0898972602739726,171.0,203.0,203.0
00-0028090,T.J. Yates,QB,2017,HOU,4,97,523,4,3,0,5,51,0,0,0,0,0,0,0,1,1,0,0,0,0.0,0.0,0.0,34.02,34.02,34.02
00-0028091,Jeremy Kerley,WR,2017,NYJ,8,0,0,0,0,0,0,0,0,0,27,22,217,1,0,2,0,0,0,0,0.05443548387096774,0.06191321999492515,0.12499247980289921,27.700000000000003,49.7,49.7
00-0028093,Niles Paul,TE,2017,WAS,11,0,0,0,0,0,2,4,0,0,19,13,94,0,0,0,0,0,0,0,0.035580524344569285,0.02696845653744281,0.07224870609306389,9.8,22.8,22.8
00-0028097,Lee Smith,TE,2017,LV,10,0,0,0,0,0,0,0,0,0,11,8,76,0,0,0,0,0,0,0,0.019927536231884056,0.012244897959183673,0.03846273291925466,7.6000000000000005,15.600000000000001,15.600000000000001
00-0028112,Charles Clay,TE,2017,BUF,13,0,0,0,0,0,0,0,0,0,74,49,558,2,0,0,0,0,0,0,0.1581196581196581,0.12406106130361037,0.3240222300920144,67.80000000000001,116.80000000000001,116.80000000000001
00-0028114,Dwayne Harris,WR,2017,NYG,5,0,0,0,0,0,0,0,0,0,0,0,0,0,0,0,0,0,0,0,0.0,0.0,0.0,0.0,0.0,0.0
00-0028116,Aldrick Robinson,WR,2017,SF,14,0,0,0,0,0,0,0,0,0,48,19,260,2,0,0,0,0,0,0,0.08013355592654424,0.10880398671096346,0.19636312458749078,38.0,57.0,57.0
00-0028118,Tyrod Taylor,QB,2017,BUF,15,420,2799,14,4,0,84,427,4,0,0,0,0,0,0,2,2,0,0,0,0.0,0.0,0.0,222.66000000000003,222.66000000000003,222.66000000000003
00-0028121,Jordan Todman,RB,2017,HOU,9,0,0,0,0,0,0,0,0,0,0,0,0,0,0,0,0,0,0,0,0.0,0.0,0.0,0.0,0.0,0.0
00-0028142,Virgil Green,TE,2017,DEN,11,0,0,0,0,0,0,0,0,0,22,14,191,1,0,0,0,0,0,0,0.039927404718693285,0.036849863129079806,0.08568601126839578,25.1,39.1,39.1
00-0028237,Chris Hogan,WR,2017,NE,9,0,0,0,0,0,3,17,0,0,59,34,439,5,0,0,0,0,0,0,0.10102739726027397,0.14563106796116504,0.25348284346322647,75.6,109.6,109.60000000000001
00-0028263,Andre Holmes,WR,2017,BUF,10,0,0,0,0,0,0,0,0,0,23,13,120,3,0,0,0,0,0,0,0.049145299145299144,0.07463048219045311,0.1259592862512659,30.0,43.0,43.0
00-0028411,Dontrelle Inman,WR,2017,CHI,10,0,0,0,0,0,0,0,0,0,44,25,343,1,0,0,0,0,0,0,0.07678883071553229,0.11736401673640168,0.1973380577887796,40.300000000000004,65.30000000000001,65.30000000000001
00-0028434,Doug Baldwin,WR,2017,SEA,16,0,0,0,0,0,2,-8,0,0,116,75,991,8,1,0,0,0,0,0,0.22053231939163498,0.2713734142305571,0.5207598690488424,148.3,223.3,223.3
00-0028497,Kamar Aiken,WR,2017,IND,14,0,0,0,0,0,0,0,0,0,44,15,133,0,0,0,0,0,0,0,0.09322033898305085,0.1133768352365416,0.2191942931401554,13.3,28.3,28.3
00-0028581,Patrick DiMarco,RB,2017,BUF,9,0,0,0,0,0,2,-2,0,0,10,7,28,0,0,0,0,0,0,0,0.021367521367521368,0.005088441967530894,0.035613191428553674,2.6,9.6,9.6
00-0028595,Scott Tolzien,QB,2017,IND,1,18,128,0,2,0,2,2,0,0,0,0,0,0,0,0,0,0,0,0,0.0,0.0,0.0,1.32,1.32,1.32
00-0028702,Chris Matthews,WR,2017,BAL,4,0,0,0,0,0,0,0,0,0,6,3,25,0,0,0,0,0,0,0,0.0106951871657754,0.01015096304008329,0.023148454876721403,2.5,5.5,5.5
00-0028825,Terrelle Pryor,WR,2017,WAS,8,0,0,0,0,0,0,0,0,0,37,20,240,1,0,0,0,0,0,0,0.06928838951310862,0.0963159162051529,0.17135372561326995,30.0,50.0,50.0
00-0028903,Garrett Celek,TE,2017,SF,14,0,0,0,0,0,0,0,0,0,33,21,336,4,0,0,0,0,0,0,0.05509181969949917,0.056686046511627904,0.12231796210738828,57.6,78.6,78.6
00-0028957,Austin Davis,QB,2017,SEA,1,0,0,0,0,0,1,-1,0,0,0,0,0,0,0,0,0,0,0,0,0.0,0.0,0.0,-0.1,-0.1,-0.1
00-0028986,Case Keenum,QB,2017,MIN,15,481,3547,22,7,1,40,160,1,0,0,0,0,0,0,1,1,0,0,0,0.0,0.0,0.0,237.88,237.88,237.88
00-0028987,Phillip Supernaw,TE,2017,TEN,9,0,0,0,0,0,0,0,0,0,6,4,39,1,0,0,0,0,0,0,0.012396694214876033,0.0077714285714285715,0.02403504132231405,9.9,13.9,13.9
00-0029000,Cole Beasley,WR,2017,DAL,15,0,0,0,0,0,0,0,0,0,63,36,314,4,0,0,0,0,0,0,0.12989690721649486,0.09941668780116662,0.2644370422855589,55.400000000000006,91.4,91.4
00-0029004,Lance Dunbar,RB,2017,LA,2,0,0,0,0,0,11,51,1,0,3,1,1,0,0,0,0,0,0,0,0.0058823529411764705,0.0014800197335964479,0.009859543225282218,11.2,12.2,12.200000000000001
00-0029033,Griff Whalen,WR,2017,BAL,2,0,0,0,0,0,0,0,0,0,6,4,23,0,0,0,0,0,0,0,0.0106951871657754,0.015877147319104633,0.027156783872036343,2.3000000000000003,6.300000000000001,6.300000000000001
00-0029091,Bradley Sowell,TE,2017,CHI,4,0,0,0,0,0,0,0,0,0,0,0,0,0,0,0,0,0,0,0,0.0,0.0,0.0,0.0,0.0,0.0
00-0029119,Derek Carrier,TE,2017,LA,9,0,0,0,0,0,0,0,0,0,11,8,71,0,0,0,0,0,0,0,0.021568627450980392,0.007646768623581648,0.03770567921297774,7.1000000000000005,15.100000000000001,15.100000000000001
00-0029137,Alshon Jeffery,WR,2017,PHI,16,0,0,0,0,0,0,0,0,0,120,57,789,9,3,0,0,0,0,0,0.2158273381294964,0.3133169160825914,0.5430628484520585,138.9,195.9,195.9
00-0029141,Alfred Morris,RB,2017,DAL,13,0,0,0,0,0,115,547,1,0,9,7,45,0,0,0,0,0,0,0,0.018556701030927835,0.000253613999492772,0.02801258134603669,65.2,72.2,72.2
00-0029159,Jermaine Kearse,WR,2017,NYJ,16,0,0,0,0,0,0,0,0,0,102,65,810,5,0,0,0,0,0,0,0.2056451612903226,0.24435422481603655,0.47951569930670945,111.0,176.0,176.0
00-0029205,Travaris Cadet,RB,2017,BUF,7,0,0,0,0,0,23,96,0,0,19,16,119,0,0,0,0,0,0,0,0.038306451612903226,0.01750824663790916,0.06971545006589125,21.5,37.5,37.5
00-0029239,Brandon Bolden,RB,2017,NE,11,0,0,0,0,0,13,67,0,0,4,1,7,0,0,0,0,0,0,0,0.00684931506849315,-0.0009335324869305452,0.009620499861888343,7.4,8.4,8.4
00-0029263,Russell Wilson,QB,2017,SEA,16,553,3983,34,11,2,95,586,3,0,0,0,0,0,0,3,3,0,0,0,0.0,0.0,0.0,347.92,347.92,347.92
00-0029269,Travis Benjamin,WR,2017,LAC,16,0,0,0,0,0,13,96,0,0,65,34,567,4,0,0,0,0,0,1,0.11343804537521815,0.21171548117154812,0.3183579048829109,96.3,130.3,130.3
00-0029273,Robert Turbin,RB,2017,IND,6,0,0,0,0,0,23,53,1,0,11,9,56,0,0,0,0,0,0,0,0.023305084745762712,-0.002990755845568244,0.0328640980267463,16.9,25.9,25.900000000000002
00-0029293,Marvin Jones,WR,2017,DET,16,0,0,0,0,0,0,0,0,0,107,61,1101,9,0,0,0,0,0,0,0.18938053097345134,0.3560622670467003,0.5333143833928672,164.10000000000002,225.10000000000002,225.10000000000002
00-0029319,Josh Bellamy,WR,2017,CHI,11,0,0,0,0,0,1,6,0,0,46,24,376,1,0,0,0,0,0,0,0.09829059829059829,0.16461141382277028,0.26266388711183664,44.2,68.2,68.2
00-0029336,Brittan Golden,WR,2017,ARI,9,0,0,0,0,0,0,0,0,0,9,5,70,0,0,0,0,0,0,0,0.015202702702702704,0.010848975374547959,0.030398336816237628,7.0,12.0,12.0
00-0029384,Bobby Rainey,RB,2017,BAL,4,0,0,0,0,0,1,2,0,0,7,5,18,0,0,0,0,0,0,1,0.012477718360071301,-0.0026028110359187923,0.016894609814963796,8.0,13.0,13.0
00-0029388,Deonte Thompson,WR,2017,BUF,16,0,0,0,0,0,2,-5,0,0,69,38,555,2,0,0,0,0,0,0,0.14743589743589744,0.2885001433897333,0.42310394652665945,67.0,105.0,105.0
00-0029391,Sean McGrath,TE,2017,LAC,5,0,0,0,0,0,0,0,0,0,4,4,46,0,0,0,0,0,0,0,0.006980802792321117,0.006276150627615063,0.01486450962781222,4.6000000000000005,8.600000000000001,8.600000000000001
00-0029394,Brenton Bersin,WR,2017,CAR,6,0,0,0,0,0,0,0,0,0,14,8,128,0,0,0,0,0,0,0,0.028455284552845527,0.04825800376647834,0.07646352946580312,12.8,20.8,20.8
00-0029414,Orson Charles,TE,2017,KC,3,0,0,0,0,0,0,0,0,0,2,2,53,0,0,0,0,0,0,0,0.003787878787878788,0.010481181515007145,0.013018645242323183,5.300000000000001,7.300000000000001,7.300000000000001
00-0029492,Jamize Olawale,RB,2017,LV,7,0,0,0,0,0,9,43,1,0,7,6,33,0,0,0,0,0,0,0,0.012681159420289856,0.002363050483351235,0.02067587446878065,13.600000000000001,19.6,19.6
00-0029567,Nick Foles,QB,2017,PHI,7,101,537,5,2,0,11,3,0,0,0,0,0,0,0,2,1,1,0,0,0.0,0.0,0.0,33.78,33.78,33.78
00-0029572,Jarius Wright,WR,2017,MIN,12,0,0,0,0,0,0,0,0,0,25,18,198,2,0,0,0,0,0,0,0.04798464491362764,0.04742885671492761,0.10517716707089078,31.8,49.8,49.8
00-0029580,Rishard Matthews,WR,2017,TEN,14,0,0,0,0,0,1,-3,0,0,87,53,795,4,0,0,0,0,0,0,0.1797520661157025,0.23382857142857144,0.43330809917355373,103.2,156.2,156.2
00-0029587,Rhett Ellison,TE,2017,NYG,14,0,0,0,0,0,0,0,0,0,32,24,235,2,0,0,0,0,0,0,0.05306799336650083,0.037121384650421314,0.10558695930504616,35.5,59.5,59.5
00-0029604,Kirk Cousins,QB,2017,WAS,16,540,4093,27,13,0,49,179,4,0,0,0,0,0,0,5,4,1,0,0,0.0,0.0,0.0,277.62,277.62,277.62
00-0029608,T.Y. Hilton,WR,2017,IND,16,0,0,0,0,0,0,0,0,0,109,57,966,4,0,1,0,0,1,0,0.2309322033898305,0.37792278412180536,0.6109442539700095,118.60000000000001,175.60000000000002,175.60000000000002
00-0029613,Doug Martin,RB,2017,TB,11,0,0,0,0,0,138,406,3,1,18,9,84,0,0,1,0,1,0,0,0.030201342281879196,0.008263123784834738,0.05108620007220311,67.0,76.0,76.0
00-0029615,Lamar Miller,RB,2017,HOU,16,0,0,0,0,0,238,888,3,0,45,36,327,3,0,0,0,0,0,0,0.0872093023255814,0.011721752498078402,0.13901918023702697,157.5,193.5,193.5
00-0029632,Mohamed Sanu,WR,2017,ATL,15,1,51,1,0,0,4,10,0,0,96,67,703,5,0,0,0,0,0,0,0.18568665377176016,0.15639412997903565,0.3880058716429652,107.34,174.34,174.34
00-0029634,James Hanna,TE,2017,DAL,10,0,0,0,0,0,0,0,0,0,9,4,88,1,0,0,0,0,0,0,0.018556701030927835,0.022318031955363936,0.0434576739151465,14.8,18.8,18.8
00-0029638,Michael Floyd,WR,2017,MIN,10,0,0,0,0,0,0,0,0,0,17,10,78,0,0,0,0,0,0,0,0.03262955854126679,0.031203195207189217,0.07078657445693265,7.800000000000001,17.8,17.8
00-0029640,Brian Quick,WR,2017,WAS,6,0,0,0,0,0,0,0,0,0,8,6,76,0,0,0,0,0,0,0,0.0149812734082397,0.013243438478208525,0.03174231704710552,7.6000000000000005,13.600000000000001,13.600000000000001
00-0029664,Josh Gordon,WR,2017,CLE,5,0,0,0,0,0,0,0,0,0,42,18,335,1,0,0,0,0,0,0,0.07420494699646643,0.13473400154202006,0.20562122157411367,39.5,57.5,57.5
00-0029682,Brock Osweiler,QB,2017,DEN,6,172,1088,5,5,2,14,64,1,0,0,0,0,0,0,1,1,0,0,0,0.0,0.0,0.0,67.92,67.92,67.92
00-0029689,Dwayne Allen,TE,2017,NE,12,0,0,0,0,0,0,0,0,0,22,10,86,1,0,0,0,0,0,0,0.03767123287671233,0.02931292008961912,0.07702589337780187,14.6,24.6,24.6
00-0029697,Coby Fleener,TE,2017,NO,11,0,0,0,0,0,0,0,0,0,30,22,295,2,0,0,0,0,0,0,0.05671077504725898,0.06701785191688615,0.13197865891270877,41.5,63.5,63.5
00-0029708,Kendall Wright,WR,2017,CHI,15,0,0,0,0,0,0,0,0,0,91,59,614,1,0,0,0,0,0,0,0.19444444444444445,0.20275308287926586,0.4335938246821528,67.4,126.4,126.4
00-0029731,Fozzy Whittaker,RB,2017,CAR,10,0,0,0,0,0,7,18,0,0,6,5,47,1,0,0,0,0,0,0,0.012195121951219513,-0.0011770244821092278,0.01746876578935281,12.5,17.5,17.5
00-0029738,Darren Fells,TE,2017,DET,14,0,0,0,0,0,0,0,0,0,26,17,177,3,0,0,0,0,0,0,0.04601769911504425,0.025433019074764307,0.08682966202490139,35.7,52.7,52.7
00-0029740,Ifeanyi Momah,TE,2017,ARI,6,0,0,0,0,0,0,0,0,0,2,1,46,0,0,0,0,0,0,0,0.0033783783783783786,0.005510590666437058,0.008924981034073508,4.6000000000000005,5.6000000000000005,5.6000000000000005
00-0029793,Brandon Williams,TE,2017,IND,10,0,0,0,0,0,0,0,0,0,17,13,121,0,0,0,0,0,0,0,0.036016949152542374,0.02365415986949429,0.07058333563745955,12.100000000000001,25.1,25.1
00-0029795,Benny Cunningham,RB,2017,CHI,14,0,0,0,0,0,9,29,0,0,26,20,240,2,0,1,0,0,1,0,0.05555555555555555,-0.00401491253226269,0.08052289456074944,36.900000000000006,56.900000000000006,56.9
00-0029848,Nick Williams,WR,2017,ATL,1,0,0,0,0,0,0,0,0,0,4,3,30,0,0,0,0,0,0,0,0.007736943907156673,0.009643605870020965,0.018355939969749685,3.0,6.0,6.0
00-0029854,C.J. Anderson,RB,2017,DEN,16,0,0,0,0,0,245,1007,3,0,40,28,224,1,1,1,0,1,0,0,0.07259528130671507,0.011370814908401769,0.11685249239595384,147.10000000000002,175.10000000000002,175.1
00-0029878,MarQueis Gray,TE,2017,MIA,7,1,0,0,0,0,5,14,0,0,3,1,10,0,0,0,0,0,0,0,0.00510204081632653,0.003071253071253071,0.009802938374366944,2.4000000000000004,3.4000000000000004,3.4000000000000004
00-0030035,Adam Thielen,WR,2017,MIN,16,0,0,0,0,0,1,11,0,0,142,91,1276,4,0,2,0,0,2,0,0.272552783109405,0.37343984023964055,0.6702370628318559,148.70000000000002,239.70000000000002,239.70000000000002
00-0030061,Zach Ertz,TE,2017,PHI,14,0,0,0,0,0,0,0,0,0,110,74,824,8,0,1,0,0,1,0,0.19784172661870503,0.16328850161015343,0.41106454105516493,128.4,202.4,202.4
00-0030068,Marquise Goodwin,WR,2017,SF,16,0,0,0,0,0,4,44,0,0,105,56,962,2,0,0,0,0,0,0,0.17529215358931552,0.32059800664451826,0.48735683503513605,112.60000000000001,168.60000000000002,168.60000000000002
00-0030085,Kenny Stills,WR,2017,MIA,16,0,0,0,0,0,0,0,0,0,105,58,847,6,0,2,0,0,2,0,0.17857142857142858,0.31838656838656837,0.4907277407277407,116.7,174.7,174.7
00-0030089,Luke Willson,TE,2017,SEA,14,0,0,0,0,0,0,0,0,0,22,15,153,4,0,0,0,0,0,0,0.04182509505703422,0.028497885640742782,0.08268616253407127,39.3,54.3,54.3
00-0030091,Tavarres King,WR,2017,NYG,8,0,0,0,0,0,2,3,0,0,37,18,240,3,0,0,0,0,0,0,0.06135986733001658,0.10521521293554999,0.16569045004990984,42.3,60.3,60.3
00-0030107,Theo Riddick,RB,2017,DET,16,0,0,0,0,0,84,286,3,0,71,53,444,2,0,1,0,1,0,0,0.1256637168141593,0.01512826134619601,0.19908535816357614,101.0,154.0,154.0
00-0030108,Ryan Griffin,TE,2017,HOU,6,0,0,0,0,0,0,0,0,0,26,13,158,1,1,0,0,0,0,0,0.050387596899224806,0.04900076863950807,0.10988193339649285,23.8,36.8,36.8
00-0030117,Kerwynn Williams,RB,2017,ARI,16,0,0,0,0,0,120,426,1,0,15,10,93,0,0,0,0,0,0,0,0.02533783783783784,0.02049250904081281,0.05235151308532572,57.900000000000006,67.9,67.9
00-0030147,Russell Shepard,WR,2017,CAR,15,0,0,0,0,0,2,19,0,0,32,17,202,1,0,0,0,0,0,0,0.06504065040650407,0.06261770244821092,0.14139336732350374,28.1,45.1,45.1
00-0030151,Tyler Bray,QB,2017,KC,1,1,0,0,0,0,1,0,0,0,0,0,0,0,0,1,0,1,0,0,0.0,0.0,0.0,-2.0,-2.0,-2.0
00-0030155,Demetrius Harris,TE,2017,KC,13,0,0,0,0,0,0,0,0,0,35,18,224,1,0,0,0,0,0,0,0.06628787878787878,0.062172463077656025,0.14295254233617738,28.400000000000002,46.400000000000006,46.400000000000006
00-0030181,Jack Doyle,TE,2017,IND,15,0,0,0,0,0,0,0,0,0,108,80,690,4,0,2,0,0,2,0,0.2288135593220339,0.14491571506253398,0.44466133952682463,89.0,169.0,169.0
00-0030216,Josh Hill,TE,2017,NO,12,0,0,0,0,0,1,-8,0,0,22,16,125,1,0,2,0,0,2,0,0.04158790170132325,0.025168276265730174,0.079999645937996,13.700000000000003,29.700000000000003,29.700000000000003
00-0030279,Keenan Allen,WR,2017,LAC,16,0,0,0,0,0,2,9,0,0,159,102,1393,6,0,0,0,0,0,0,0.2774869109947644,0.3,0.6262303664921466,176.20000000000002,278.20000000000005,278.20000000000005
00-0030287,Andre Ellington,RB,2017,HOU,11,0,0,0,0,0,20,55,1,0,59,39,369,0,0,0,0,0,0,0,0.09966216216216216,0.0447735491648011,0.180834727658604,48.400000000000006,87.4,87.4
00-0030288,Rex Burkhead,RB,2017,NE,10,0,0,0,0,0,64,264,5,0,36,30,254,3,0,0,0,0,0,0,0.06164383561643835,0.021097834204630322,0.10723423736789875,99.80000000000001,129.8,129.8
00-0030290,Cobi Hamilton,WR,2017,HOU,2,0,0,0,0,0,0,0,0,0,6,1,8,0,0,0,0,0,0,0,0.011627906976744186,0.013066871637202153,0.026588670611157786,0.8,1.8,1.8
00-0030300,Jaron Brown,WR,2017,ARI,16,0,0,0,0,0,0,0,0,0,69,31,477,4,0,0,0,0,0,0,0.11655405405405406,0.17978302049250905,0.30067919542583743,71.7,102.7,102.7
00-0030404,Chris Thompson,RB,2017,WAS,10,0,0,0,0,0,64,294,2,0,54,39,510,4,0,2,0,0,0,0,0.10112359550561797,0.03202504213821334,0.17410292275517628,116.4,155.4,155.4
00-0030422,Dion Sims,TE,2017,CHI,12,0,0,0,0,0,0,0,0,0,29,15,180,1,0,0,0,0,0,0,0.06196581196581197,0.07370232291367938,0.14454034398829352,24.0,39.0,39.0
00-0030431,Robert Woods,WR,2017,LA,12,0,0,0,0,0,2,12,0,0,85,56,781,5,0,1,0,0,1,0,0.16666666666666666,0.21361618154908732,0.3995313270843611,107.30000000000001,163.3,163.3
00-0030433,Mike Gillislee,RB,2017,NE,9,0,0,0,0,0,104,383,5,0,1,1,15,0,0,1,0,1,0,0,0.0017123287671232876,-0.0009335324869305452,0.0019150204098335498,67.80000000000001,68.80000000000001,68.80000000000001
00-0030443,Levine Toilolo,TE,2017,ATL,10,0,0,0,0,0,0,0,0,0,14,12,122,1,0,0,0,0,0,0,0.027079303675048357,0.01781970649895178,0.053092750061838785,18.200000000000003,30.200000000000003,30.200000000000003
00-0030456,Giovani Bernard,RB,2017,CIN,16,0,0,0,0,0,105,458,2,0,60,43,389,2,0,0,0,0,0,0,0.12295081967213115,-0.012473015111537538,0.17569511893012044,108.7,151.7,151.70000000000002
00-0030460,Markus Wheaton,WR,2017,CHI,7,0,0,0,0,0,0,0,0,0,17,3,51,0,0,0,0,0,0,0,0.03632478632478633,0.06997418984800688,0.1034691123807843,5.1000000000000005,8.100000000000001,8.100000000000001
00-0030465,Kenjon Barner,RB,2017,PHI,13,0,0,0,0,0,16,57,1,0,8,5,56,0,0,0,0,0,0,0,0.014388489208633094,0.0020837279787838604,0.023041343398098345,17.3,22.3,22.3
00-0030470,Vance McDonald,TE,2017,PIT,10,0,0,0,0,0,0,0,0,0,24,14,188,1,0,0,0,0,0,0,0.041025641025641026,0.03795536906351325,0.08810721988292082,24.8,38.8,38.8
00-0030472,Jordan Reed,TE,2017,WAS,6,0,0,0,0,0,0,0,0,0,35,27,211,2,0,0,0,0,0,0,0.06554307116104868,0.054177702865398504,0.13623899874735196,33.1,60.1,60.1
00-0030485,Eddie Lacy,RB,2017,SEA,9,0,0,0,0,0,69,179,0,0,6,6,47,0,0,0,0,0,0,0,0.011406844106463879,-0.0007354293068578783,0.016595465644895304,22.6,28.6,28.6
00-0030496,Le'Veon Bell,RB,2017,PIT,15,0,0,0,0,0,321,1291,9,0,107,86,663,2,0,2,0,2,0,0,0.1829059829059829,0.006675567423230975,0.279031871555236,257.4,343.4,343.4
00-0030506,Travis Kelce,TE,2017,KC,15,1,0,0,1,0,2,7,0,0,122,83,1038,8,0,0,0,0,0,0,0.23106060606060605,0.28251548356360173,0.5443517475854303,150.5,233.5,233.5
00-0030513,Latavius Murray,RB,2017,MIN,16,0,0,0,0,0,216,842,8,0,17,15,103,0,0,0,0,0,0,0,0.03262955854126679,-0.004992511233150275,0.045449579948695,142.5,157.5,157.5
00-0030516,Brice Butler,WR,2017,DAL,13,0,0,0,0,0,0,0,0,0,23,15,317,3,0,0,0,0,0,0,0.04742268041237113,0.1077859497844281,0.14658418546765636,49.7,64.7,64.7
00-0030520,Mike Glennon,QB,2017,CHI,4,140,833,4,5,0,4,4,0,0,0,0,0,0,0,3,2,1,0,0,0.0,0.0,0.0,33.72,33.72,33.72
00-0030521,Justin Hunter,WR,2017,PIT,5,0,0,0,0,0,0,0,0,0,10,4,23,1,0,0,0,0,0,0,0.017094017094017096,0.02365058172801831,0.042196432850638455,8.3,12.3,12.3
00-0030524,Landry Jones,QB,2017,PIT,3,28,239,1,1,0,8,-10,0,0,0,0,0,0,0,1,1,0,0,0,0.0,0.0,0.0,8.56,8.56,8.56
00-0030525,Tavon Austin,WR,2017,LA,14,0,0,0,0,0,59,270,1,0,22,13,47,0,0,4,0,0,0,0,0.043137254901960784,0.011346817957572768,0.0726486549232421,37.7,50.7,50.7
00-0030526,EJ Manuel,QB,2017,LV,2,43,265,1,1,0,2,15,0,0,0,0,0,0,0,0,0,0,0,0,0.0,0.0,0.0,14.1,14.1,14.1
00-0030542,Terrance Williams,WR,2017,DAL,16,0,0,0,0,0,2,15,0,0,78,53,568,0,0,0,0,0,0,0,0.16082474226804125,0.16865330966269337,0.35929443016594725,58.300000000000004,111.30000000000001,111.30000000000001
00-0030549,Tyler Eifert,TE,2017,CIN,2,0,0,0,0,0,0,0,0,0,5,4,46,0,0,0,0,0,0,0,0.010245901639344262,0.01127368673542816,0.023260433173816104,4.6000000000000005,8.600000000000001,8.600000000000001
00-0030564,DeAndre Hopkins,WR,2017,HOU,15,0,0,0,0,0,0,0,0,0,174,96,1378,13,0,1,0,0,1,0,0.3372093023255814,0.42909300538047657,0.8061790572547056,213.8,309.8,309.8
00-0030565,Geno Smith,QB,2017,NYG,2,36,212,1,0,0,4,12,0,0,0,0,0,0,0,2,2,0,0,0,0.0,0.0,0.0,9.68,9.68,9.68
00-0030578,Cordarrelle Patterson,RB,2017,LV,16,0,0,0,0,0,13,121,2,0,42,31,309,0,0,0,0,0,0,0,0.07608695652173914,0.05392051557465091,0.15187479568486434,55.0,86.0,86.0
00-0030656,Isaiah Crowell,RB,2017,CLE,16,0,0,0,0,0,206,853,2,1,42,28,182,0,0,1,0,1,0,0,0.07420494699646643,-0.0017347725520431765,0.11009307970826943,115.5,143.5,143.5
00-0030663,Willie Snead,WR,2017,NO,8,0,0,0,0,0,0,0,0,0,16,8,92,0,0,1,0,0,0,0,0.030245746691871456,0.029850746268656716,0.06626414242586688,9.200000000000001,17.200000000000003,17.200000000000003
00-0030668,Charcandrick West,RB,2017,KC,12,0,0,0,0,0,18,72,2,0,34,27,150,2,0,0,0,0,0,0,0.06439393939393939,0.013816102906145784,0.10626218112521113,46.2,73.2,73.2
00-0030669,Albert Wilson,WR,2017,KC,13,0,0,0,0,0,3,6,0,0,62,42,554,3,0,0,0,0,0,0,0.11742424242424243,0.08980466888994759,0.23899963185932696,74.0,116.0,116.0
00-0030670,Bennie Fowler,WR,2017,DEN,16,0,0,0,0,0,0,0,0,0,56,29,350,3,0,0,0,0,0,0,0.10163339382940109,0.12086755106338176,0.23705737648846886,53.0,82.0,82.0
00-0030710,Trey Burton,TE,2017,PHI,14,0,0,0,0,0,0,0,0,0,31,23,248,5,1,0,0,0,0,0,0.05575539568345324,0.058344383405948094,0.12447416190934352,56.8,79.8,79.8
00-0030711,David Fluellen,RB,2017,TEN,8,0,0,0,0,0,4,21,0,0,1,0,0,0,0,0,0,0,0,0,0.002066115702479339,0.0006857142857142857,0.0035791735537190083,2.1,2.1,2.1
00-0030737,Freddie Martino,WR,2017,TB,7,0,0,0,0,0,0,0,0,0,6,5,96,0,0,0,0,0,0,0,0.010067114093959731,0.013933895009721323,0.02485439764774452,9.600000000000001,14.600000000000001,14.600000000000001
00-0030743,Bernard Reedy,WR,2017,NE,11,0,0,0,0,0,3,17,0,0,2,2,21,0,0,0,0,0,0,0,0.003355704697986577,0.002106286454957874,0.0065079575654503775,3.8000000000000003,5.800000000000001,5.800000000000001
00-0030780,Ryan Hewitt,TE,2017,CIN,4,0,0,0,0,0,0,0,0,0,2,2,22,0,0,0,0,0,0,0,0.004098360655737705,0.0033581194531062605,0.00849822460078094,2.2,4.2,4.2
00-0030801,Brandon Coleman,WR,2017,NO,15,0,0,0,0,0,0,0,0,0,37,23,364,3,0,2,0,0,2,0,0.06994328922495274,0.09511267193444542,0.17149380419154092,50.4,73.4,73.4
00-0030821,Allen Hurns,WR,2017,JAX,10,0,0,0,0,0,0,0,0,0,56,39,484,2,0,0,0,0,0,0,0.10831721470019343,0.13222737252988534,0.2550349828212099,60.400000000000006,99.4,99.4
00-0030860,Orleans Darkwa,RB,2017,NYG,15,0,0,0,0,0,171,751,5,1,28,19,116,0,0,0,0,0,0,0,0.04643449419568822,0.0013664313368253246,0.07060824322931006,118.7,137.7,137.70000000000002
00-0030874,Damien Williams,RB,2017,MIA,10,0,0,0,0,0,46,181,0,0,28,20,155,1,0,0,0,0,0,0,0.047619047619047616,0.0045045045045045045,0.07458172458172457,39.6,59.6,59.6
00-0031001,Jeff Janis,WR,2017,GB,8,0,0,0,0,0,0,0,0,0,5,2,12,0,0,0,0,0,0,0,0.009025270758122744,0.02621906395491301,0.03189125090562322,1.2000000000000002,3.2,3.2
00-0031021,Jared Abbrederis,WR,2017,DET,4,0,0,0,0,0,0,0,0,0,7,3,44,0,0,0,0,0,0,0,0.012389380530973451,0.010304757728568297,0.025797401206457984,4.4,7.4,7.4
00-0031025,Michael Campanaro,WR,2017,BAL,13,0,0,0,0,0,5,42,0,0,27,19,173,1,0,0,0,0,0,1,0.0481283422459893,0.03930244664237376,0.09970422601864559,33.5,52.5,52.5
00-0031035,Xavier Grimble,TE,2017,PIT,8,0,0,0,0,0,0,0,0,0,9,5,32,1,0,0,0,0,0,0,0.015384615384615385,0.01316040434865535,0.03228920612098182,9.2,14.2,14.2
00-0031044,Troy Niklas,TE,2017,ARI,11,0,0,0,0,0,0,0,0,0,23,11,132,1,0,0,0,0,0,0,0.03885135135135135,0.031169278457034613,0.08009552194695126,19.200000000000003,30.200000000000003,30.200000000000003
00-0031045,Carlos Hyde,RB,2017,SF,16,0,0,0,0,0,240,938,8,0,88,59,350,0,0,1,0,1,0,0,0.14691151919866444,0.03384551495016611,0.24405913926311296,174.8,233.8,233.8
00-0031051,John Brown,WR,2017,ARI,10,0,0,0,0,0,1,10,0,0,55,21,299,3,0,0,0,0,0,0,0.0929054054054054,0.14603065266058204,0.24157956497051553,48.900000000000006,69.9,69.9
00-0031055,Andre Williams,RB,2017,LAC,2,0,0,0,0,0,9,25,0,0,0,0,0,0,0,0,0,0,0,0,0.0,0.0,0.0,2.5,2.5,2.5
00-0031060,De'Anthony Thomas,WR,2017,KC,14,0,0,0,0,0,1,4,0,0,16,14,143,2,0,0,0,0,0,0,0.030303030303030304,0.028823249166269653,0.0656308198709342,26.700000000000003,40.7,40.7
00-0031062,James White,RB,2017,NE,14,0,0,0,0,0,43,171,0,0,72,56,429,3,0,0,0,0,0,0,0.1232876712328767,0.024085138162808065,0.2017911035632807,78.0,134.0,134.0
00-0031064,Tom Savage,QB,2017,HOU,8,223,1412,5,6,0,4,2,0,0,0,0,0,0,0,7,7,0,0,0,0.0,0.0,0.0,50.68000000000001,50.68000000000001,50.68000000000001
00-0031068,Ryan Grant,WR,2017,WAS,16,0,0,0,0,0,0,0,0,0,65,45,573,4,0,0,0,0,0,0,0.12172284644194757,0.1519383578136287,0.2889411201324614,81.30000000000001,126.30000000000001,126.30000000000001
00-0031075,Alfred Blue,RB,2017,HOU,9,0,0,0,0,0,71,262,1,0,9,7,54,0,0,0,0,0,0,0,0.01744186046511628,0.0017294388931591083,0.027373397922885793,37.6,44.6,44.6
00-0031076,David Fales,QB,2017,MIA,2,43,265,1,1,0,4,8,1,0,0,0,0,0,0,0,0,0,0,0,0.0,0.0,0.0,19.4,19.4,19.4
00-0031102,Kapri Bibbs,RB,2017,WAS,3,0,0,0,0,0,21,79,0,0,17,14,128,1,0,0,0,0,0,0,0.031835205992509365,0.0014447387430772936,0.04876412610891816,26.700000000000003,40.7,40.7
00-0031166,Seth Roberts,WR,2017,LV,15,0,0,0,0,0,0,0,0,0,65,43,455,1,0,2,0,0,2,0,0.11775362318840579,0.1381310418904404,0.273322164105917,47.5,90.5,90.5
00-0031189,T.J. Jones,WR,2017,DET,13,0,0,0,0,0,0,0,0,0,49,30,399,1,1,0,0,0,0,0,0.08672566371681416,0.11115983336987503,0.20790037893413377,47.900000000000006,77.9,77.9
00-0031209,Senorise Perry,RB,2017,MIA,8,0,0,0,0,0,8,30,0,0,1,1,3,0,0,0,0,0,0,0,0.0017006802721088435,0.0006142506142506142,0.002980995838138695,3.3000000000000003,4.300000000000001,4.3
00-0031228,Taylor Gabriel,WR,2017,ATL,16,0,0,0,0,0,8,49,0,0,51,33,378,1,0,0,0,0,0,0,0.09864603481624758,0.11069182389937107,0.2254533289539311,48.7,81.7,81.7
00-0031235,Odell Beckham Jr.,WR,2017,NYG,4,0,0,0,0,0,1,8,0,0,41,25,302,3,0,0,0,0,0,0,0.06799336650082918,0.11842404919152813,0.18488688418531346,49.0,74.0,74.0
00-0031236,Brandin Cooks,WR,2017,NE,16,0,0,0,0,0,9,40,0,0,114,65,1082,7,1,0,0,0,0,0,0.1952054794520548,0.3284167289021658,0.5226999294095982,156.2,221.2,221.2
00-0031237,Teddy Bridgewater,QB,2017,MIN,1,2,0,0,1,0,3,-3,0,0,0,0,0,0,0,0,0,0,0,0,0.0,0.0,0.0,-2.3,-2.3,-2.3
00-0031257,Paul Richardson,WR,2017,SEA,16,0,0,0,0,0,0,0,0,0,80,44,703,6,0,0,0,0,0,0,0.1520912547528517,0.22246736532450817,0.3838640378564333,106.3,150.3,150.3
00-0031260,Logan Thomas,TE,2017,BUF,5,0,0,0,0,0,0,0,0,0,9,7,67,1,0,0,0,0,0,0,0.019230769230769232,0.015265325902592683,0.039531881977968725,12.7,19.7,19.7
00-0031273,Cameron Brate,TE,2017,TB,16,0,0,0,0,0,0,0,0,0,77,48,591,6,0,0,0,0,0,0,0.12919463087248323,0.11519766688269605,0.2744303131266121,95.1,143.1,143.1
00-0031277,Branden Oliver,RB,2017,LAC,8,0,0,0,0,0,35,83,0,0,11,6,26,0,0,0,0,0,0,0,0.019197207678883072,-0.0010460251046025104,0.02806359394510285,10.9,16.9,16.9
00-0031280,Derek Carr,QB,2017,LV,15,515,3496,22,13,2,23,66,0,0,0,0,0,0,0,3,1,2,0,0,0.0,0.0,0.0,206.44,206.44,206.44
00-0031285,Devonta Freeman,RB,2017,ATL,14,0,0,0,0,0,196,865,7,0,47,36,317,1,0,1,0,1,0,0,0.09090909090909091,0.01907756813417191,0.14971793405755668,164.2,200.2,200.2
00-0031288,AJ McCarron,QB,2017,CIN,2,14,66,0,0,0,0,0,0,0,0,0,0,0,0,0,0,0,0,0,0.0,0.0,0.0,2.64,2.64,2.64
00-0031299,Jordan Matthews,TE,2017,BUF,10,0,0,0,0,0,0,0,0,0,36,25,282,1,0,1,0,0,1,0,0.07692307692307693,0.061303610370729344,0.15829714264412592,32.2,57.2,57.2
00-0031301,Jeremy Hill,RB,2017,CIN,7,0,0,0,0,0,37,116,0,0,4,4,16,0,0,0,0,0,0,0,0.00819672131147541,-0.0033581194531062605,0.009944398350038733,13.200000000000001,17.200000000000003,17.200000000000003
00-0031302,C.J. Fiedorowicz,TE,2017,HOU,5,0,0,0,0,0,0,0,0,0,22,14,127,0,0,0,0,0,0,0,0.04263565891472868,0.034780937740199844,0.08830014479023292,12.700000000000001,26.700000000000003,26.700000000000003
00-0031315,Matt Hazel,WR,2017,IND,2,0,0,0,0,0,0,0,0,0,1,1,1,0,0,0,0,0,0,0,0.00211864406779661,-0.0002718868950516585,0.0029876452751587544,0.1,1.1,1.1
00-0031325,Sammy Watkins,WR,2017,LA,15,0,0,0,0,0,0,0,0,0,70,39,593,8,0,0,0,0,0,0,0.13725490196078433,0.24888998519980265,0.38010534258103834,107.30000000000001,146.3,146.3
00-0031326,Bruce Ellington,WR,2017,HOU,11,0,0,0,0,0,3,17,0,0,57,29,330,2,0,0,0,0,0,0,0.11046511627906977,0.10799385088393544,0.24129337003735946,46.7,75.7,75.7
00-0031332,Fitzgerald Toussaint,RB,2017,PIT,3,0,0,0,0,0,6,25,0,0,3,2,9,0,0,0,0,0,0,0,0.005128205128205128,-0.0017165744802593935,0.006490705556126118,3.4000000000000004,5.4,5.4
00-0031339,Donte Moncrief,WR,2017,IND,12,0,0,0,0,0,0,0,0,0,47,26,391,2,0,0,0,0,0,0,0.09957627118644068,0.1742794997281131,0.27136005658934015,51.1,77.1,77.1
00-0031344,Cody Latimer,WR,2017,DEN,11,0,0,0,0,0,0,0,0,0,31,19,287,2,1,0,0,0,0,0,0.056261343012704176,0.06822488945041061,0.13214943713434368,42.7,61.7,61.7
00-0031345,Jimmy Garoppolo,QB,2017,SF,6,178,1560,7,5,0,15,11,1,0,1,1,-6,0,0,0,0,0,0,0,0.001669449081803005,-0.0012458471760797341,0.0016320805994486935,86.9,87.9,87.9
00-0031359,Kelvin Benjamin,WR,2017,BUF,14,0,0,0,0,0,0,0,0,0,77,47,671,3,0,0,0,0,0,0,0.1565040650406504,0.2076271186440678,0.38009508061182307,85.10000000000001,132.10000000000002,132.10000000000002
00-0031373,Martavis Bryant,WR,2017,PIT,15,0,0,0,0,0,6,22,0,0,84,50,603,3,1,0,0,0,0,0,0.14358974358974358,0.22944878886133893,0.3759987675875526,82.5,132.5,132.5
00-0031375,Terrance West,RB,2017,BAL,5,0,0,0,0,0,39,138,2,0,4,2,23,0,0,1,0,1,0,0,0.0071301247771836,0.0015616866215512754,0.011788367800861293,26.1,28.1,28.1
00-0031376,Jerick McKinnon,RB,2017,MIN,16,0,0,0,0,0,150,570,3,1,68,51,421,2,0,2,0,2,0,0,0.13051823416506717,0.0037443834248627058,0.19839841964500465,127.10000000000002,178.10000000000002,178.1
00-0031381,Davante Adams,WR,2017,GB,14,0,0,0,0,0,0,0,0,0,117,74,885,10,0,0,0,0,0,0,0.2111913357400722,0.27860818426856165,0.5118127325981014,148.5,222.5,222.5
00-0031382,Jarvis Landry,WR,2017,MIA,16,1,0,0,0,0,1,-7,0,0,161,112,987,9,0,2,0,0,2,0,0.27380952380952384,0.19574119574119575,0.5477331227331228,148.0,260.0,260.0
00-0031384,Richard Rodgers,TE,2017,GB,10,0,0,0,0,0,0,0,0,0,19,12,160,1,0,0,0,0,0,0,0.03429602888086643,0.03209997549620191,0.07391402616864098,22.0,34.0,34.0
00-0031387,Eric Ebron,TE,2017,DET,16,0,0,0,0,0,0,0,0,0,86,53,574,4,0,1,0,0,1,0,0.15221238938053097,0.13790835343126506,0.324854431472682,79.4,132.4,132.4
00-0031390,Charles Sims,RB,2017,TB,15,0,0,0,0,0,21,95,0,0,47,35,249,1,0,1,0,0,1,0,0.07885906040268456,0.025113415424497732,0.13586798140117526,38.4,73.4,73.4
00-0031407,Blake Bortles,QB,2017,JAX,16,523,3687,21,13,3,57,322,2,0,0,0,0,0,0,3,3,0,0,0,0.0,0.0,0.0,249.68,249.68,249.68
00-0031408,Mike Evans,WR,2017,TB,15,0,0,0,0,0,0,0,0,0,136,71,1001,5,1,0,0,0,0,0,0.22818791946308725,0.3026571613739469,0.5541418921563936,132.10000000000002,203.10000000000002,203.10000000000002
00-0031418,Austin Seferian-Jenkins,TE,2017,NYJ,13,0,0,0,0,0,0,0,0,0,74,50,357,3,0,1,0,0,1,0,0.14919354838709678,0.11367673179396093,0.30336403483641783,51.7,101.7,101.7
00-0031428,Allen Robinson,WR,2017,JAX,1,0,0,0,0,0,0,0,0,0,1,1,17,0,0,0,0,0,0,0,0.0019342359767891683,0.003659429129055867,0.005462954355522859,1.7000000000000002,2.7,2.7
00-0031431,Marqise Lee,WR,2017,JAX,13,1,0,0,0,0,1,17,0,0,96,56,702,3,1,0,0,0,0,0,0.18568665377176016,0.26518663088558186,0.4641606222775475,91.9,147.9,147.9
00-0031484,Chris Manhertz,TE,2017,CAR,5,0,0,0,0,0,0,0,0,0,4,2,17,0,0,0,0,0,0,0,0.008130081300813009,0.005885122410546139,0.016314707638601808,1.7000000000000002,3.7,3.7
00-0031503,Jameis Winston,QB,2017,TB,13,442,3504,19,11,1,33,135,1,0,0,0,0,0,0,7,6,1,0,0,0.0,0.0,0.0,201.66,201.66,201.66
00-0031511,DeAndrew White,WR,2017,HOU,2,0,0,0,0,0,0,0,0,0,7,1,24,0,0,0,0,0,0,0,0.013565891472868217,0.020368946963873945,0.03460710008401409,2.4000000000000004,3.4000000000000004,3.4000000000000004
00-0031514,Quan Bray,WR,2017,IND,9,0,0,0,0,0,0,0,0,0,4,3,39,0,0,0,0,0,0,0,0.00847457627118644,0.010603588907014683,0.02013437664168994,3.9000000000000004,6.9,6.9
00-0031533,Randall Telfer,TE,2017,CLE,4,0,0,0,0,0,0,0,0,0,4,3,36,0,0,0,0,0,0,0,0.007067137809187279,0.007324595219737857,0.015727923367597416,3.6,6.6,6.6
00-0031544,Amari Cooper,WR,2017,LV,14,0,0,0,0,0,1,4,0,0,96,48,680,7,0,0,0,0,0,0,0.17391304347826086,0.23823845327604726,0.42763648251062436,110.4,158.4,158.4
00-0031545,Kevin White,WR,2017,CHI,1,0,0,0,0,0,0,0,0,0,4,2,6,0,0,0,0,0,0,0,0.008547008547008548,0.0034413535990823058,0.015229460339870436,0.6000000000000001,2.6,2.6
00-0031547,DeVante Parker,WR,2017,MIA,13,0,0,0,0,0,0,0,0,0,96,57,670,1,0,0,0,0,0,0,0.16326530612244897,0.24692874692874692,0.4177480820337963,73.0,130.0,130.0
00-0031549,Nelson Agholor,WR,2017,PHI,16,0,0,0,0,0,1,7,0,0,95,62,768,8,0,0,0,0,0,0,0.17086330935251798,0.18677779882553514,0.3870394232066515,125.5,187.5,187.5
00-0031558,Maxx Williams,TE,2017,BAL,10,0,0,0,0,0,2,6,0,0,18,15,86,1,0,1,0,0,1,0,0.03208556149732621,-0.0002602811035918792,0.04794614547347499,13.200000000000001,28.200000000000003,28.2
00-0031560,Jaelen Strong,WR,2017,JAX,2,0,0,0,0,0,0,0,0,0,4,3,38,1,0,0,0,0,0,0,0.007751937984496124,0.006341275941583398,0.016066800135852564,9.8,12.8,12.8
00-0031568,Bryce Petty,QB,2017,NYJ,4,112,544,1,3,0,7,55,0,0,0,0,0,0,0,0,0,0,0,0,0.0,0.0,0.0,25.26,25.26,25.26
00-0031570,Justin Hardy,WR,2017,ATL,10,0,0,0,0,0,0,0,0,0,29,20,221,3,0,0,0,0,0,0,0.05609284332688588,0.051362683438155136,0.12009314339703742,40.1,60.1,60.1
00-0031577,Javorius Allen,RB,2017,BAL,16,0,0,0,0,0,153,591,4,0,60,46,250,2,0,0,0,0,0,0,0.10695187165775401,0.012233211868818324,0.16899105579480383,120.10000000000001,166.10000000000002,166.1
00-0031588,Stefon Diggs,WR,2017,MIN,14,0,0,0,0,0,8,13,0,0,95,64,849,8,0,0,0,0,0,0,0.18234165067178504,0.26834747878182724,0.46135571115495666,134.2,198.2,198.2
00-0031589,Brett Hundley,QB,2017,GB,11,316,1836,9,12,1,36,270,2,0,1,1,10,0,0,2,1,1,0,0,0.0018050541516245488,-0.0012251899044351876,0.0018499482943321922,123.44,124.44,124.44
00-0031590,Jay Ajayi,RB,2017,PHI,14,0,0,0,0,0,208,873,1,0,34,24,158,1,0,2,0,2,0,0,0.05782312925170068,-0.004709254709254709,0.08343821558107273,111.10000000000001,135.10000000000002,135.10000000000002
00-0031598,Nick Boyle,TE,2017,BAL,15,0,0,0,0,0,0,0,0,0,37,28,203,0,1,0,0,0,0,0,0.0659536541889483,0.019521082769390942,0.11259523922199612,22.3,50.3,50.3
00-0031599,Cameron Artis-Payne,RB,2017,CAR,8,0,0,0,0,0,18,95,1,0,1,1,2,0,0,0,0,0,0,0,0.0020325203252032522,-0.0009416195856873823,0.0023896467778237104,15.700000000000001,16.700000000000003,16.7
00-0031609,A.J. Derby,TE,2017,MIA,11,0,0,0,0,0,0,0,0,0,40,21,244,2,0,1,0,0,1,0,0.07259528130671507,0.07622657401558222,0.16225152377098018,34.400000000000006,55.400000000000006,55.400000000000006
00-0031665,Zach Zenner,RB,2017,DET,7,0,0,0,0,0,14,26,1,0,1,0,0,0,0,0,0,0,0,0,0.0017699115044247787,0.0019732514799386098,0.004036143292594194,8.6,8.6,8.6
00-0031682,Terron Ward,RB,2017,ATL,6,0,0,0,0,0,30,129,0,0,3,3,14,0,0,1,0,1,0,0,0.005802707930367505,-0.0014675052410901468,0.0076768082267881545,12.3,15.3,15.3
00-0031687,Raheem Mostert,RB,2017,SF,9,0,0,0,0,0,6,30,0,0,0,0,0,0,0,1,0,1,0,0,0.0,0.0,0.0,1.0,1.0,1.0
00-0031690,Eric Tomlinson,TE,2017,NYJ,9,0,0,0,0,0,0,0,0,0,11,8,121,1,0,0,0,0,0,0,0.02217741935483871,0.016747018523217458,0.04498904199851028,18.1,26.1,26.1
00-0031697,Jordan Taylor,WR,2017,DEN,10,0,0,0,0,0,0,0,0,0,20,13,142,0,0,0,0,0,0,0,0.036297640653357534,0.04337755316908823,0.08481074819839807,14.200000000000001,27.200000000000003,27.200000000000003
00-0031731,Corey Grant,RB,2017,JAX,14,0,0,0,0,0,30,248,2,0,4,3,41,0,0,1,0,0,0,0,0.007736943907156673,0.00024396194193705782,0.01177618922009095,40.900000000000006,43.900000000000006,43.9
00-0031743,Akeem Hunt,RB,2017,KC,14,0,0,0,0,0,8,23,0,0,7,4,31,0,0,0,0,0,0,0,0.013257575757575758,-0.0019056693663649356,0.01855239507990818,5.4,9.4,9.4
00-0031744,Matt LaCosse,TE,2017,NYG,1,0,0,0,0,0,0,0,0,0,1,0,0,0,0,0,0,0,0,0,0.001658374792703151,0.0004554771122751082,0.002806396167647302,0.0,0.0,0.0
00-0031782,Eli Rogers,WR,2017,PIT,12,0,0,0,0,0,0,0,0,0,36,18,149,1,0,1,0,0,0,0,0.06153846153846154,0.051497234407781804,0.12835575639313956,20.9,38.9,38.9
00-0031793,Terrell Watson,RB,2017,PIT,7,0,0,0,0,0,5,8,0,0,0,0,0,0,0,0,0,0,0,0,0.0,0.0,0.0,0.8,0.8,0.8
00-0031800,Taylor Heinicke,QB,2017,HOU,1,1,10,0,0,0,1,2,0,0,0,0,0,0,0,0,0,0,0,0,0.0,0.0,0.0,0.6000000000000001,0.6000000000000001,0.6000000000000001
00-0031801,Jordan Leslie,WR,2017,CLE,1,0,0,0,0,0,0,0,0,0,1,1,26,0,0,0,0,0,0,0,0.0017667844522968198,0.00481881264456438,0.0060233455296402946,2.6,3.6,3.6
00-0031806,Malcolm Brown,RB,2017,LA,11,0,0,0,0,0,63,246,1,0,11,9,53,0,0,0,0,0,0,1,0.021568627450980392,-0.002220029600394672,0.030798920456194315,41.900000000000006,50.900000000000006,50.900000000000006
00-0031834,Larry Pinkard,WR,2017,JAX,2,0,0,0,0,0,0,0,0,0,1,1,5,0,0,0,0,0,0,0,0.0019342359767891683,0.0012198097096852891,0.003755220761963455,0.5,1.5,1.5
00-0031868,Damiere Byrd,WR,2017,CAR,8,0,0,0,0,0,1,12,0,0,17,10,105,2,0,0,0,0,0,1,0.034552845528455285,0.03413370998116761,0.07572286527950026,29.700000000000003,39.7,39.7
00-0031884,Gabe Holmes,TE,2017,ARI,1,0,0,0,0,0,0,0,0,0,1,0,0,0,0,0,0,0,0,0,0.0016891891891891893,0.0025830893748923713,0.004341946346208443,0.0,0.0,0.0
00-0031897,Thomas Rawls,RB,2017,SEA,9,0,0,0,0,0,58,157,0,0,13,9,94,0,0,1,0,1,0,0,0.024714828897338403,0.005148005148005148,0.040675846949611204,23.1,32.1,32.1
00-0031900,Rod Smith,RB,2017,DAL,13,0,0,0,0,0,55,232,4,0,23,19,202,1,0,0,0,0,0,0,0.04742268041237113,0.011919857976160284,0.07947792120186889,73.4,92.4,92.4
00-0031939,Matt Jones,RB,2017,IND,2,0,0,0,0,0,5,14,0,0,0,0,0,0,0,0,0,0,0,0,0.0,0.0,0.0,1.4000000000000001,1.4000000000000001,1.4000000000000001
00-0031941,Jamison Crowder,WR,2017,WAS,15,0,0,0,0,0,7,34,0,0,103,66,789,3,0,3,0,0,0,0,0.19288389513108614,0.17409101854081388,0.4111895556751989,100.30000000000001,166.3,166.3
00-0031951,James O'Shaughnessy,TE,2017,JAX,16,0,0,0,0,0,0,0,0,0,24,14,149,1,0,0,0,0,0,0,0.04642166344294004,0.03269090021956575,0.09251612531810607,20.9,34.9,34.9
00-0031959,Marcus Murphy,RB,2017,BUF,1,0,0,0,0,0,7,41,0,0,2,2,7,0,0,0,0,0,0,0,0.004273504273504274,-0.000726920281075842,0.005901412213503322,4.800000000000001,6.800000000000001,6.800000000000001
00-0032004,Will Tye,TE,2017,NYJ,2,0,0,0,0,0,0,0,0,0,6,4,38,0,0,0,0,0,0,0,0.012096774193548387,0.005074854097944684,0.021697559158883856,3.8000000000000003,7.800000000000001,7.800000000000001
00-0032009,Adam Humphries,WR,2017,TB,16,0,0,0,0,0,1,6,0,0,83,61,631,1,0,1,0,0,1,0,0.13926174496644295,0.08797796500324044,0.27047719295193273,67.7,128.7,128.7
00-0032048,Mack Brown,RB,2017,MIN,3,0,0,0,0,0,8,29,0,0,1,1,11,0,0,0,0,0,0,0,0.0018726591760299626,0.0004815795810257645,0.003146094470762979,4.0,5.0,5.0
00-0032054,Breshad Perriman,WR,2017,BAL,11,0,0,0,0,0,0,0,0,0,35,10,77,0,0,0,0,0,0,0,0.062388591800356503,0.1277980218636127,0.18304150300506364,7.7,17.7,17.7
00-0032055,Devin Funchess,WR,2017,CAR,16,0,0,0,0,0,0,0,0,0,111,63,840,8,0,0,0,0,0,0,0.22560975609756098,0.3394538606403013,0.5760323365945523,132.0,195.0,195.0
00-0032058,Tevin Coleman,RB,2017,ATL,15,0,0,0,0,0,156,628,5,0,39,27,299,3,0,0,0,0,0,0,0.07543520309477757,0.03668763102725367,0.13883414636124392,140.7,167.7,167.70000000000002
00-0032062,Blake Bell,TE,2017,MIN,3,0,0,0,0,0,0,0,0,0,4,3,19,0,1,0,0,0,0,0,0.007677543186180422,0.0014977533699450823,0.012564742138232192,3.9000000000000004,6.9,6.9
00-0032063,Mike Davis,RB,2017,SEA,6,0,0,0,0,0,68,240,0,0,18,15,131,0,0,0,0,0,0,0,0.034220532319391636,-0.006802721088435374,0.046568893717182695,37.1,52.1,52.1
00-0032098,Daniel Brown,TE,2017,CHI,10,0,0,0,0,0,0,0,0,0,20,13,129,0,0,0,0,0,0,0,0.042735042735042736,0.04330369945511901,0.09441515372114741,12.9,25.9,25.9
00-0032104,Ameer Abdullah,RB,2017,DET,14,0,0,0,0,0,165,552,4,0,35,25,162,1,0,1,0,1,0,0,0.061946902654867256,0.011620258715194036,0.10105453508293671,99.4,124.4,124.4
00-0032112,J.J. Nelson,WR,2017,ARI,16,0,0,0,0,0,3,37,0,0,61,29,508,2,0,1,0,0,1,0,0.10304054054054054,0.18098846220079215,0.28125273435136533,64.5,93.5,93.5
00-0032115,Kaelin Clay,WR,2017,CAR,13,0,0,0,0,0,3,27,0,0,20,6,85,0,0,1,0,0,0,1,0.042735042735042736,0.08189968500121153,0.12143234360341217,17.200000000000003,23.200000000000003,23.2
00-0032117,Nick O'Leary,TE,2017,BUF,13,0,0,0,0,0,0,0,0,0,32,22,322,2,0,1,0,0,1,0,0.06837606837606838,0.08723043372910104,0.1636254061744733,42.2,64.2,64.2
00-0032120,Neal Sterling,TE,2017,NYJ,6,0,0,0,0,0,0,0,0,0,11,6,82,0,0,0,0,0,0,0,0.02217741935483871,0.024359299670134484,0.050317638801352205,8.200000000000001,14.200000000000001,14.200000000000001
00-0032123,Tre McBride,WR,2017,CHI,6,0,0,0,0,0,0,0,0,0,15,8,144,0,0,0,0,0,0,0,0.03205128205128205,0.061084026383710924,0.09083574154552071,14.4,22.4,22.4
00-0032128,Chris Conley,WR,2017,KC,5,0,0,0,0,0,0,0,0,0,16,11,175,0,0,0,0,0,0,0,0.030303030303030304,0.05502620295378752,0.08397288752219671,17.5,28.5,28.5
00-0032130,Jalston Fowler,RB,2017,TEN,3,0,0,0,0,0,2,4,1,0,1,0,0,0,0,0,0,0,0,0,0.002066115702479339,0.002057142857142857,0.004539173553719009,6.4,6.4,6.4
00-0032134,C.J. Uzomah,TE,2017,CIN,12,0,0,0,0,0,0,0,0,0,15,10,92,1,0,0,0,0,0,0,0.030737704918032786,0.019429119692971935,0.05970694116212953,15.200000000000001,25.200000000000003,25.200000000000003
00-0032135,Jesse James,TE,2017,PIT,14,0,0,0,0,0,0,0,0,0,63,43,372,3,0,0,0,0,0,0,0.1076923076923077,0.07362197215334731,0.21307384204580465,55.2,98.2,98.2
00-0032139,Ben Koyack,TE,2017,JAX,6,0,0,0,0,0,0,0,0,0,7,5,38,0,1,0,0,0,0,0,0.013539651837524178,0.0070748963161746765,0.025261905177608544,5.800000000000001,10.8,10.8
00-0032141,Geoff Swaim,TE,2017,DAL,4,0,0,0,0,0,0,0,0,0,2,2,25,0,0,0,0,0,0,0,0.004123711340206186,0.003550595992898808,0.008670984205338444,2.5,4.5,4.5
00-0032144,Melvin Gordon,RB,2017,LAC,16,0,0,0,0,0,284,1105,8,0,83,58,476,4,0,0,0,0,0,0,0.14485165794066318,-0.004393305439330544,0.2142021731034634,230.10000000000002,288.1,288.1
00-0032156,Trevor Siemian,QB,2017,DEN,11,349,2285,12,14,0,31,127,1,0,0,0,0,0,0,2,2,0,0,0,0.0,0.0,0.0,126.10000000000002,126.10000000000002,126.10000000000002
00-0032160,Tyrell Williams,WR,2017,LAC,16,0,0,0,0,0,0,0,0,0,69,43,728,4,0,1,0,0,1,0,0.12041884816753927,0.20669456066945607,0.32531446471992814,94.8,137.8,137.8
00-0032166,Sammie Coates,WR,2017,CLE,7,0,0,0,0,0,0,0,0,0,11,6,70,0,0,0,0,0,0,0,0.019434628975265017,0.028141865844255976,0.04885124955387671,7.0,13.0,13.0
00-0032187,David Johnson,RB,2017,ARI,1,0,0,0,0,0,11,23,0,0,9,6,67,0,0,1,0,1,0,0,0.015202702702702704,0.005855002583089375,0.02690255586221662,7.0,13.0,13.0
00-0032188,Vince Mayle,TE,2017,BAL,12,0,0,0,0,0,2,2,1,0,1,0,0,0,0,0,0,0,0,0,0.0017825311942959,0.0018219677251431546,0.003949174199044059,6.2,6.2,6.2
00-0032200,Ty Montgomery,WR,2017,GB,8,0,0,0,0,0,71,273,3,0,31,23,173,1,0,0,0,0,0,0,0.05595667870036101,-0.006616025483950012,0.0793038002117765,68.6,91.6,91.6
00-0032208,Phillip Dorsett,WR,2017,NE,11,0,0,0,0,0,1,7,0,0,18,12,194,0,0,0,0,0,0,0,0.030821917808219176,0.0681478715459298,0.09393638679447963,20.1,32.1,32.1
00-0032209,T.J. Yeldon,RB,2017,JAX,10,0,0,0,0,0,49,253,2,0,41,30,224,0,0,1,0,1,0,0,0.07930367504835589,0.014149792632349353,0.1288603674151784,57.7,87.7,87.7
00-0032211,Tyler Lockett,WR,2017,SEA,16,0,0,0,0,0,10,58,0,0,71,45,555,2,0,0,0,0,0,1,0.13498098859315588,0.1667585953300239,0.31920249962075053,79.30000000000001,124.30000000000001,124.3
00-0032214,Tyler Kroft,TE,2017,CIN,16,0,0,0,0,0,0,0,0,0,62,42,404,7,0,0,0,0,0,0,0.12704918032786885,0.11153753897817223,0.26865004777652385,82.4,124.4,124.4
00-0032227,Jeff Heuerman,TE,2017,DEN,10,0,0,0,0,0,0,0,0,0,18,9,142,2,0,0,0,0,0,0,0.032667876588021776,0.03242787955359023,0.07170133056954582,26.200000000000003,35.2,35.2
00-0032241,Todd Gurley,RB,2017,LA,15,0,0,0,0,0,279,1305,13,0,87,64,788,6,0,2,0,2,0,0,0.17058823529411765,0.020226936359151456,0.27004120839258244,319.3,383.3,383.3
00-0032245,Sean Mannion,QB,2017,LA,5,37,185,0,0,0,9,-2,0,0,0,0,0,0,0,1,1,0,0,0,0.0,0.0,0.0,5.2,5.2,5.2
00-0032250,Kasen Williams,WR,2017,CLE,6,0,0,0,0,0,0,0,0,0,18,9,84,0,0,0,0,0,0,0,0.03180212014134275,0.03777949113338473,0.07414882400538345,8.4,17.4,17.4
00-0032256,Clive Walford,TE,2017,LV,6,0,0,0,0,0,0,0,0,0,13,9,80,0,0,0,0,0,0,0,0.02355072463768116,0.031149301825993556,0.05713059823471723,8.0,17.0,17.0
00-0032257,Duke Johnson,RB,2017,CLE,16,0,0,0,0,0,82,348,4,0,93,74,693,3,0,2,0,0,2,0,0.16431095406360424,0.03835774865073246,0.2733168551509191,142.10000000000002,216.10000000000002,216.1
00-0032268,Marcus Mariota,QB,2017,TEN,15,453,3232,13,15,0,60,312,5,0,0,0,0,0,0,1,0,1,0,0,0.0,0.0,0.0,210.48000000000002,210.48000000000002,210.48000000000002
00-0032298,Bronson Hill,RB,2017,ARI,2,0,0,0,0,0,1,-2,0,0,0,0,0,0,0,0,0,0,0,0,0.0,0.0,0.0,-0.2,-0.2,-0.2
00-0032319,Ross Travis,TE,2017,IND,11,0,0,0,0,0,0,0,0,0,17,7,76,0,0,0,0,0,0,0,0.032196969696969696,0.04811815150071463,0.08197816059595478,7.6000000000000005,14.600000000000001,14.600000000000001
00-0032355,Chester Rogers,WR,2017,IND,10,0,0,0,0,0,3,8,0,0,37,23,284,1,0,0,0,0,0,0,0.07838983050847458,0.09380097879282219,0.18324543091768739,35.2,58.2,58.2
00-0032362,Maurice Harris,WR,2017,WAS,4,0,0,0,0,0,0,0,0,0,6,4,62,1,0,0,0,0,0,0,0.011235955056179775,0.0149289670117987,0.02730420949252875,12.2,16.2,16.2
00-0032371,Rob Kelley,RB,2017,WAS,7,0,0,0,0,0,62,194,3,0,7,4,18,0,0,0,0,0,0,0,0.013108614232209739,-0.003611846857693234,0.017134628547929343,39.2,43.2,43.2
00-0032377,Josh Ferguson,RB,2017,IND,5,0,0,0,0,0,1,5,0,0,4,3,16,0,0,0,0,0,0,0,0.00847457627118644,0.0024469820554649264,0.01442475184560511,2.1,5.1,5.1
00-0032385,Sterling Shepard,WR,2017,NYG,11,0,0,0,0,0,4,4,0,0,84,59,731,2,0,0,0,0,0,0,0.13930348258706468,0.17080391710316556,0.3285179658528129,85.5,144.5,144.5
00-0032392,Austin Hooper,TE,2017,ATL,16,0,0,0,0,0,0,0,0,0,65,49,526,3,0,0,0,0,0,0,0.12572533849129594,0.09014675052410902,0.2516907331038202,70.6,119.6,119.6
00-0032393,C.J. Prosise,RB,2017,SEA,4,0,0,0,0,0,11,23,0,0,11,6,87,0,0,0,0,0,0,0,0.02091254752851711,0.015811730097444382,0.042437032360986726,11.0,17.0,17.0
00-0032394,Nick Vannett,TE,2017,SEA,10,0,0,0,0,0,0,0,0,0,15,12,124,1,0,0,0,0,0,0,0.028517110266159697,0.019856591285162713,0.056675279298853444,18.4,30.4,30.4
00-0032398,Chris Moore,WR,2017,BAL,13,0,0,0,0,0,2,-9,0,0,38,18,248,3,0,0,0,0,0,0,0.0677361853832442,0.13430504945340968,0.1956178126922531,41.900000000000006,59.900000000000006,59.900000000000006
00-0032404,Tyler Ervin,RB,2017,HOU,4,0,0,0,0,0,4,12,0,0,11,8,38,0,0,0,0,0,0,0,0.02131782945736434,0.010953112990007686,0.03964392327905189,5.0,13.0,13.0
00-0032417,Paul Perkins,RB,2017,NYG,8,0,0,0,0,0,41,90,0,0,10,8,46,0,0,0,0,0,0,0,0.01658374792703151,-0.002277385561375541,0.023281451997584385,13.600000000000001,21.6,21.6
00-0032423,Trevor Davis,WR,2017,GB,15,0,0,0,0,0,2,13,0,0,7,5,70,0,0,0,0,0,0,0,0.01263537906137184,0.016907620681205587,0.030788403068901668,8.3,13.3,13.3
00-0032426,Alex Collins,RB,2017,BAL,15,0,0,0,0,0,212,973,6,0,36,23,187,0,0,2,0,2,0,0,0.06417112299465241,-0.0007808433107756377,0.09571009417443567,148.0,171.0,171.0
00-0032429,Jerell Adams,TE,2017,NYG,9,0,0,0,0,0,0,0,0,0,11,8,92,0,0,0,0,0,0,0,0.01824212271973466,0.018219084491004327,0.04011654322330502,9.200000000000001,17.200000000000003,17.200000000000003
00-0032430,David Morgan,TE,2017,MIN,9,0,0,0,0,0,0,0,0,0,12,10,95,1,0,0,0,0,0,0,0.023032629558541268,0.018222666000998502,0.04730481053851085,15.5,25.5,25.5
00-0032431,Jake Rudock,QB,2017,DET,3,5,24,0,1,0,0,0,0,0,0,0,0,0,0,0,0,0,0,0,0.0,0.0,0.0,-1.04,-1.04,-1.04
00-0032450,Dwayne Washington,RB,2017,DET,5,0,0,0,0,0,20,44,0,0,2,2,14,0,0,0,0,0,0,0,0.0035398230088495575,-0.00065775049331287,0.004849309167955327,5.800000000000001,7.800000000000001,7.800000000000001
00-0032464,Kalif Raymond,WR,2017,NYG,8,0,0,0,0,0,1,-1,0,0,1,1,12,0,0,1,0,0,0,0,0.0020161290322580645,0.001268713524486171,0.003912293015527416,1.1,2.1,2.1
00-0032475,Tanner McEvoy,WR,2017,SEA,10,1,0,0,1,0,0,0,0,0,9,5,113,0,0,1,0,0,1,0,0.017110266159695818,0.032358889501746646,0.04831662189076638,7.300000000000001,12.3,12.3
00-0032523,Henry Krieger-Coble,TE,2017,IND,1,0,0,0,0,0,0,0,0,0,0,0,0,0,0,0,0,0,0,0,0.0,0.0,0.0,0.0,0.0,0.0
00-0032543,Alex Erickson,WR,2017,CIN,16,0,0,0,0,0,5,16,0,0,16,12,180,1,0,1,0,0,0,0,0.03278688524590164,0.045334612616934514,0.08091455670070662,25.6,37.6,37.6
00-0032553,Jace Billingsley,WR,2017,DET,1,0,0,0,0,0,0,0,0,0,0,0,0,0,0,0,0,0,0,0,0.0,0.0,0.0,0.0,0.0,0.0
00-0032577,D.J. Foster,RB,2017,ARI,7,0,0,0,0,0,6,19,0,0,28,17,133,0,0,0,0,0,0,0,0.0472972972972973,0.015154124332701911,0.08155383297883728,15.200000000000001,32.2,32.2
00-0032602,J.D. McKissic,RB,2017,SEA,12,0,0,0,0,0,46,187,1,0,46,34,266,2,0,0,0,0,0,0,0.08745247148288973,0.03897775326346755,0.1584631345087619,63.300000000000004,97.30000000000001,97.3
00-0032621,Rashawn Scott,WR,2017,MIA,1,0,0,0,0,0,0,0,0,0,0,0,0,0,0,0,0,0,0,0,0.0,0.0,0.0,0.0,0.0,0.0
00-0032626,Geronimo Allison,WR,2017,GB,12,0,0,0,0,0,0,0,0,0,39,23,253,0,0,1,0,0,1,0,0.0703971119133574,0.07351139426611125,0.15705364385631398,23.3,46.3,46.3
00-0032630,Joe Callahan,QB,2017,GB,1,7,11,0,0,0,0,0,0,0,0,0,0,0,0,0,0,0,0,0,0.0,0.0,0.0,0.44,0.44,0.44
00-0032650,Ryan Malleck,TE,2017,HOU,1,0,0,0,0,0,0,0,0,0,1,1,3,0,0,0,0,0,0,0,0.001937984496124031,0.0001921598770176787,0.0030414886580984214,0.30000000000000004,1.3,1.3
00-0032656,Darius Powe,WR,2017,NYG,1,0,0,0,0,0,0,0,0,0,4,2,13,0,0,0,0,0,0,0,0.006633499170812604,0.0036438168982008655,0.01250092058495951,1.3,3.3,3.3
00-0032659,Roger Lewis,WR,2017,NYG,15,0,0,0,0,0,0,0,0,0,72,36,416,2,0,0,0,0,0,0,0.11940298507462686,0.16852653154179004,0.2970730496911933,53.6,89.6,89.6
00-0032661,Ben Braunecker,TE,2017,CHI,5,0,0,0,0,0,0,0,0,0,0,0,0,0,0,0,0,0,0,0,0.0,0.0,0.0,0.0,0.0,0.0
00-0032688,Robbie Chosen,WR,2017,NYJ,16,0,0,0,0,0,3,9,0,0,114,63,941,7,0,0,0,0,0,0,0.22983870967741934,0.37046434914996196,0.6040831089211023,137.0,200.0,200.0
00-0032689,Jason Vander Laan,TE,2017,IND,2,0,0,0,0,0,0,0,0,0,0,0,0,0,0,0,0,0,0,0,0.0,0.0,0.0,0.0,0.0,0.0
00-0032705,Ed Eagan,WR,2017,NYG,4,0,0,0,0,0,0,0,0,0,1,0,0,0,0,0,0,0,0,0,0.001658374792703151,-0.0004554771122751082,0.0021687282104621507,0.0,0.0,0.0
00-0032707,Andy Jones,WR,2017,DET,1,0,0,0,0,0,0,0,0,0,0,0,0,0,0,0,0,0,0,0,0.0,0.0,0.0,0.0,0.0,0.0
00-0032724,Bryce Treggs,WR,2017,CLE,6,0,0,0,0,0,1,6,0,0,18,5,79,0,0,1,0,0,0,0,0.03180212014134275,0.053585196607555896,0.08521281783730325,8.5,13.5,13.5
00-0032725,Stephen Anderson,TE,2017,HOU,14,0,0,0,0,0,0,0,0,0,52,25,342,1,0,0,0,0,0,0,0.10077519379844961,0.0883935434281322,0.21303827109736695,40.2,65.2,65.2
00-0032741,Peyton Barber,RB,2017,TB,14,0,0,0,0,0,108,423,3,0,19,16,114,0,0,1,0,1,0,0,0.031879194630872486,0.002916396629941672,0.04986026958726789,69.7,85.7,85.7
00-0032745,Alan Cross,TE,2017,TB,5,0,0,0,0,0,0,0,0,0,6,5,58,0,0,0,0,0,0,0,0.010067114093959731,0.006642903434867142,0.019750703545346596,5.800000000000001,10.8,10.8
00-0032760,Josh Doctson,WR,2017,WAS,15,0,0,0,0,0,1,-14,0,0,78,35,502,6,0,0,0,0,0,0,0.14606741573033707,0.2586082350108355,0.40012688810309044,84.80000000000001,119.80000000000001,119.80000000000001
00-0032764,Derrick Henry,RB,2017,TEN,16,0,0,0,0,0,176,744,5,0,17,11,136,1,0,0,0,0,0,0,0.03512396694214876,0.0064,0.05716595041322314,124.0,135.0,135.0
00-0032765,Michael Thomas,WR,2017,NO,16,0,0,0,0,0,0,0,0,0,149,104,1245,5,0,0,0,0,0,0,0.28166351606805295,0.4149839040093649,0.7129840069086348,154.5,258.5,258.5
00-0032775,Demarcus Robinson,WR,2017,KC,10,0,0,0,0,0,0,0,0,0,39,21,212,0,0,0,0,0,0,0,0.07386363636363637,0.0969509290138161,0.17866110485512582,21.200000000000003,42.2,42.2
00-0032780,Jordan Howard,RB,2017,CHI,16,0,0,0,0,0,276,1122,9,0,32,23,125,0,0,1,0,1,0,0,0.06837606837606838,-0.007456266131344996,0.09734471627216108,176.7,199.7,199.7
00-0032782,Wendell Smallwood,RB,2017,PHI,8,0,0,0,0,0,47,174,1,0,18,13,103,0,0,0,0,0,0,0,0.03237410071942446,0.003978026141314643,0.051345769378056946,33.7,46.7,46.7
00-0032784,Kevin Hogan,QB,2017,CLE,4,75,517,4,5,0,10,71,0,0,0,0,0,0,0,0,0,0,0,0,0.0,0.0,0.0,33.78,33.78,33.78
00-0032791,Jakeem Grant,WR,2017,MIA,15,0,0,0,0,0,3,12,0,0,22,13,203,2,0,1,0,0,0,0,0.03741496598639456,0.04484029484029484,0.08751065536779823,33.5,46.5,46.5
00-0032792,Nate Sudfeld,QB,2017,PHI,1,23,134,0,0,0,1,22,0,0,0,0,0,0,0,0,0,0,0,0,0.0,0.0,0.0,7.5600000000000005,7.5600000000000005,7.5600000000000005
00-0032794,Danny Vitale,RB,2017,CLE,9,0,0,0,0,0,0,0,0,0,5,3,19,0,0,0,0,0,0,0,0.0088339222614841,-0.0009637625289128759,0.012576249621987137,1.9000000000000001,4.9,4.9
00-0032795,Cody Core,WR,2017,CIN,7,0,0,0,0,0,0,0,0,0,4,0,0,0,0,0,0,0,0,0,0.00819672131147541,0.0316622691292876,0.03445867035771444,0.0,0.0,0.0
00-0032804,Daniel Lasco,RB,2017,NO,1,0,0,0,0,0,0,0,0,0,0,0,0,0,0,0,0,0,0,0,0.0,0.0,0.0,0.0,0.0,0.0
00-0032839,Hunter Sharp,WR,2017,NYG,3,0,0,0,0,0,0,0,0,0,9,5,54,1,0,0,0,0,0,0,0.016333938294010888,0.01600336913034323,0.03570326583225659,11.4,16.4,16.4
00-0032881,Tommylee Lewis,WR,2017,NO,14,0,0,0,0,0,2,14,0,0,15,10,116,1,0,1,0,0,0,0,0.02835538752362949,0.04448346502780216,0.07367150680490575,19.0,29.0,29.0
00-0032926,K.J. Brent,WR,2017,IND,1,0,0,0,0,0,0,0,0,0,1,0,0,0,0,0,0,0,0,0,0.00211864406779661,0.0035345296356715608,0.0056521368466650075,0.0,0.0,0.0
00-0032935,Johnny Holton,WR,2017,LV,14,0,0,0,0,0,0,0,0,0,18,9,218,3,0,2,0,0,2,0,0.03260869565217391,0.0887218045112782,0.11101830663615561,35.8,44.8,44.8
00-0032937,Max McCaffrey,WR,2017,JAX,2,0,0,0,0,0,0,0,0,0,1,1,4,0,0,0,0,0,0,0,0.0019342359767891683,-0.00024396194193705782,0.002730580605827812,0.4,1.4,1.4
00-0032940,DeAndre Washington,RB,2017,LV,15,0,0,0,0,0,57,153,2,0,45,34,197,1,0,1,0,0,1,0,0.08152173913043478,0.008378088077336197,0.1281472703497875,51.0,85.0,85.0
00-0032950,Carson Wentz,QB,2017,PHI,13,440,3296,33,7,4,64,299,0,0,0,0,0,0,0,3,1,2,0,0,0.0,0.0,0.0,281.74,281.74,281.74
00-0032951,Laquon Treadwell,WR,2017,MIN,13,0,0,0,0,0,0,0,0,0,35,20,200,0,0,0,0,0,0,0,0.0671785028790787,0.1038442336495257,0.17345871787328604,20.0,40.0,40.0
00-0032959,Charone Peake,WR,2017,NYJ,1,0,0,0,0,0,0,0,0,0,1,1,3,0,0,0,0,0,0,0,0.0020161290322580645,0.0005074854097944684,0.0033794333352432245,0.30000000000000004,1.3,1.3
00-0032964,Byron Marshall,RB,2017,WAS,4,0,0,0,0,0,9,32,0,0,8,6,36,0,0,0,0,0,0,0,0.0149812734082397,-0.003611846857693234,0.019943617311974287,6.800000000000001,12.8,12.8
00-0032966,Corey Coleman,WR,2017,CLE,9,0,0,0,0,0,0,0,0,0,58,23,305,2,0,0,0,0,0,0,0.10247349823321555,0.1513107170393215,0.2596277492773484,42.5,65.5,65.5
00-0032972,Devontae Booker,RB,2017,DEN,13,0,0,0,0,0,79,299,1,0,38,30,275,0,0,1,0,0,1,0,0.06896551724137931,0.01600336913034323,0.11465063425330922,61.400000000000006,91.4,91.4
00-0032977,Rashard Higgins,WR,2017,CLE,14,0,0,0,0,0,1,4,0,0,50,27,312,2,0,1,0,0,1,0,0.08833922261484099,0.08943716268311488,0.19511484780044192,41.6,68.6,68.6
00-0032980,Marcus Johnson,WR,2017,PHI,6,0,0,0,0,0,0,0,0,0,8,5,45,0,0,1,0,0,0,0,0.014388489208633094,0.026141314642924796,0.039881654062997,4.5,9.5,9.5
00-0033006,Jaydon Mickens,WR,2017,JAX,10,0,0,0,0,0,0,0,0,0,11,6,77,2,0,2,0,0,0,1,0.02127659574468085,0.02000487923883874,0.045918309084208395,25.7,31.7,31.7
00-0033009,Tyler Boyd,WR,2017,CIN,10,0,0,0,0,0,0,0,0,0,32,22,225,2,0,0,0,0,0,0,0.06557377049180328,0.04917246342048453,0.13278138013204407,34.5,56.5,56.5
00-0033025,Jalen Richard,RB,2017,LV,16,0,0,0,0,0,56,275,1,0,36,27,256,1,0,3,0,1,0,0,0.06521739130434782,0.011815252416756176,0.10609676364825105,63.099999999999994,90.1,90.1
00-0033040,Tyreek Hill,WR,2017,KC,15,1,0,0,1,0,17,59,0,0,105,75,1183,7,0,0,0,0,0,1,0.19886363636363635,0.289185326345879,0.5007251829875699,170.2,245.2,245.20000000000002
00-0033043,Austin Traylor,TE,2017,DEN,5,0,0,0,0,0,0,0,0,0,13,8,100,0,0,0,0,0,0,0,0.023593466424682397,0.02568961886712992,0.05337293284401454,10.0,18.0,18.0
00-0033045,Ezekiel Elliott,RB,2017,DAL,10,0,0,0,0,0,242,983,7,0,38,26,269,2,0,1,0,1,0,0,0.07835051546391752,0.002028911995942176,0.1189460115930358,177.2,203.2,203.20000000000002
00-0033060,Leonte Carroo,WR,2017,MIA,4,0,0,0,0,0,0,0,0,0,14,7,69,0,0,0,0,0,0,0,0.023809523809523808,0.02375102375102375,0.052340002340002335,6.9,13.9,13.9
00-0033069,Braxton Miller,WR,2017,HOU,10,0,0,0,0,0,1,1,0,0,29,19,162,1,0,0,0,0,0,0,0.0562015503875969,0.04592621060722521,0.11645067300645301,22.3,41.3,41.3
00-0033077,Dak Prescott,QB,2017,DAL,16,490,3324,22,13,0,57,357,6,0,0,0,0,0,0,3,3,0,0,0,0.0,0.0,0.0,260.66,260.66,260.66
00-0033079,Ricardo Louis,WR,2017,CLE,14,0,0,0,0,0,0,0,0,0,61,27,357,0,0,0,0,0,0,0,0.10777385159010601,0.1451426368542791,0.2632606231831544,35.7,62.7,62.7
00-0033080,Seth DeValve,TE,2017,CLE,16,0,0,0,0,0,0,0,0,0,58,33,395,1,0,1,0,0,1,0,0.10247349823321555,0.09656900539707017,0.22130855112777242,43.5,76.5,76.5
00-0033087,Marquis Bundy,WR,2017,NYG,1,0,0,0,0,0,0,0,0,0,3,0,0,0,0,0,0,0,0,0,0.004975124378109453,0.004554771122751082,0.010651026353089937,0.0,0.0,0.0
00-0033090,Hunter Henry,TE,2017,LAC,12,0,0,0,0,0,0,0,0,0,62,45,579,4,0,0,0,0,0,0,0.1082024432809773,0.11171548117154811,0.24050450174154964,81.9,126.9,126.9
00-0033094,Marvin Hall,WR,2017,ATL,6,0,0,0,0,0,0,0,0,0,9,2,60,1,0,0,0,0,0,0,0.017408123791102514,0.03018867924528302,0.04724426115835188,12.0,14.0,14.0
00-0033095,Garrett Griffin,TE,2017,NO,2,0,0,0,0,0,0,0,0,0,1,1,4,0,0,0,0,0,0,0,0.001890359168241966,0.001170617500731636,0.003654971002875094,0.4,1.4,1.4
00-0033104,Cody Kessler,QB,2017,CLE,3,23,126,0,1,0,1,-1,0,0,0,0,0,0,0,0,0,0,0,0,0.0,0.0,0.0,2.94,2.94,2.94
00-0033106,Jared Goff,QB,2017,LA,15,477,3804,28,7,0,28,51,1,0,0,0,0,0,0,3,2,1,0,0,0.0,0.0,0.0,255.26,255.26,255.26
00-0033108,Paxton Lynch,QB,2017,DEN,2,45,295,2,3,0,5,30,0,0,0,0,0,0,0,1,1,0,0,0,0.0,0.0,0.0,14.8,14.8,14.8
00-0033110,Tyler Higbee,TE,2017,LA,14,0,0,0,0,0,0,0,0,0,45,25,295,1,0,0,0,0,0,0,0.08823529411764706,0.11889491859891466,0.21557938419571085,35.5,60.5,60.5
00-0033111,Pharoh Cooper,WR,2017,LA,16,0,0,0,0,0,1,6,0,0,19,11,84,0,0,1,0,0,0,1,0.03725490196078431,0.034040453872718306,0.07971067065207928,15.0,26.0,26.0
00-0033114,Mike Thomas,WR,2017,LA,6,0,0,0,0,0,0,0,0,0,7,5,93,0,0,0,0,0,0,0,0.013725490196078431,0.025407005426739022,0.03837313909283496,9.3,14.3,14.3
00-0033117,Bronson Kaufusi,TE,2017,BAL,3,0,0,0,0,0,0,0,0,0,0,0,0,0,0,0,0,0,0,0,0.0,0.0,0.0,0.0,0.0,0.0
00-0033118,Kenyan Drake,RB,2017,MIA,16,0,0,0,0,0,133,644,3,1,48,32,239,1,0,2,0,2,0,0,0.08163265306122448,0.006347256347256347,0.12689205903491618,110.30000000000001,142.3,142.3
00-0033119,Jacoby Brissett,QB,2017,IND,16,469,3098,13,7,0,63,260,4,0,0,0,0,0,0,3,2,1,0,0,0.0,0.0,0.0,205.92000000000002,205.92000000000002,205.92000000000002
00-0033127,Will Fuller,WR,2017,HOU,10,0,0,0,0,0,2,9,0,0,50,28,423,7,0,0,0,0,0,0,0.09689922480620156,0.1525749423520369,0.2521512968557281,85.2,113.2,113.2
00-0033258,Darrell Daniels,TE,2017,IND,7,0,0,0,0,0,0,0,0,0,13,3,26,0,0,0,0,0,0,0,0.02754237288135593,0.025829255029907558,0.05939403784296919,2.6,5.6,5.6
00-0033266,JoJo Natson,WR,2017,NYJ,7,0,0,0,0,0,1,15,0,0,5,2,18,0,0,0,0,0,0,0,0.010080645161290322,0.021568129916264906,0.030218658683320916,3.3000000000000003,5.300000000000001,5.3
00-0033280,Christian McCaffrey,RB,2017,CAR,16,0,0,0,0,0,117,435,2,0,113,80,651,5,0,1,0,1,0,0,0.22967479674796748,0.057674199623352164,0.3848841348582977,148.60000000000002,228.60000000000002,228.60000000000002
00-0033282,Curtis Samuel,WR,2017,CAR,8,0,0,0,0,0,4,64,0,0,26,15,115,0,0,0,0,0,0,0,0.052845528455284556,0.060263653483992465,0.12145285012172155,17.900000000000002,32.900000000000006,32.9
00-0033288,George Kittle,TE,2017,SF,15,0,0,0,0,0,0,0,0,0,63,43,515,2,0,0,0,0,0,0,0.10517529215358931,0.09011627906976744,0.22084433357922117,63.5,106.5,106.5
00-0033292,Trent Taylor,WR,2017,SF,15,0,0,0,0,0,0,0,0,0,60,43,430,2,0,1,0,0,0,0,0.1001669449081803,0.08471760797342193,0.2095527429436658,55.0,98.0,98.0
00-0033293,Aaron Jones,RB,2017,GB,10,0,0,0,0,0,81,448,4,0,18,9,22,0,0,0,0,0,0,0,0.032490974729241874,-0.0012251899044351876,0.04787882916075818,71.0,80.0,80.00000000000001
00-0033295,Elijah McGuire,RB,2017,NYJ,15,0,0,0,0,0,88,315,1,1,26,17,177,1,0,2,0,1,0,0,0.05241935483870968,0.019791930981984267,0.0924833839454535,61.2,78.2,78.2
00-0033296,Alex Armah,RB,2017,CAR,3,0,0,0,0,0,0,0,0,0,0,0,0,0,0,0,0,0,0,0,0.0,0.0,0.0,0.0,0.0,0.0
00-0033304,Devante Mays,RB,2017,GB,2,0,0,0,0,0,4,1,0,0,3,3,0,0,0,1,0,1,0,0,0.005415162454873646,-0.0012251899044351876,0.007265110749205837,-1.9,1.1,1.1
00-0033306,Victor Bolden,WR,2017,SF,8,0,0,0,0,0,0,0,0,0,0,0,0,0,0,0,0,0,0,0,0.0,0.0,0.0,0.0,0.0,0.0
00-0033307,Kendrick Bourne,WR,2017,SF,10,0,0,0,0,0,0,0,0,0,34,16,257,0,0,0,0,0,0,0,0.05676126878130217,0.08139534883720931,0.14211864735799978,25.700000000000003,41.7,41.7
00-0033308,Matt Breida,RB,2017,SF,16,0,0,0,0,0,105,465,2,0,36,21,180,1,0,0,0,0,0,0,0.06010016694490818,0.009136212624584718,0.09654559925457157,82.5,103.5,103.5
00-0033315,Cole Hikutini,TE,2017,SF,2,0,0,0,0,0,0,0,0,0,3,2,15,0,0,0,0,0,0,0,0.005008347245409015,0.0026993355481727574,0.009402055751834452,1.5,3.5,3.5
00-0033338,Cethan Carter,TE,2017,CIN,6,0,0,0,0,0,0,0,0,0,1,0,0,0,0,0,0,0,0,0,0.0020491803278688526,0.005037179179659391,0.0065997959175648525,0.0,0.0,0.0
00-0033352,Michael Clark,WR,2017,GB,2,0,0,0,0,0,0,0,0,0,14,4,41,0,0,0,0,0,0,0,0.02527075812274368,0.05733888752756677,0.07804335845341226,4.1000000000000005,8.100000000000001,8.100000000000001
00-0033357,Taysom Hill,TE,2017,NO,3,0,0,0,0,0,0,0,0,0,0,0,0,0,0,0,0,0,0,0,0.0,0.0,0.0,0.0,0.0,0.0
00-0033376,Patrick Ricard,RB,2017,BAL,6,0,0,0,0,0,0,0,0,0,4,4,12,2,0,0,0,0,0,0,0.0071301247771836,0.0005205622071837585,0.011059580710804031,13.2,17.2,17.2
00-0033384,LeShun Daniels,RB,2017,WAS,2,0,0,0,0,0,3,14,0,0,0,0,0,0,0,0,0,0,0,0,0.0,0.0,0.0,1.4000000000000001,1.4000000000000001,1.4000000000000001
00-0033387,Jacob Hollister,TE,2017,NE,13,0,0,0,0,0,1,5,0,0,11,4,42,0,0,0,0,0,0,0,0.018835616438356163,0.01699029126213592,0.04014662854102939,4.7,8.7,8.7
00-0033413,De'Veon Smith,RB,2017,MIA,1,0,0,0,0,0,0,0,0,0,3,3,27,0,0,0,0,0,0,0,0.00510204081632653,0.001638001638001638,0.008799662371090942,2.7,5.7,5.7
00-0033421,Antony Auclair,TE,2017,TB,4,0,0,0,0,0,0,0,0,0,2,2,25,0,0,0,0,0,0,0,0.003355704697986577,0.0008101101749837978,0.005600634169468524,2.5,4.5,4.5
00-0033434,Bobo Wilson,WR,2017,TB,3,0,0,0,0,0,3,8,0,0,1,1,18,1,0,0,0,0,0,0,0.0016778523489932886,0.002916396629941672,0.004558256164449103,8.6,9.6,9.6
00-0033449,Isaac Whitney,WR,2017,LV,1,0,0,0,0,0,0,0,0,0,1,0,0,0,0,0,0,0,0,0,0.0018115942028985507,0.010741138560687433,0.010236188296829029,0.0,0.0,0.0
00-0033460,John Ross,WR,2017,CIN,3,0,0,0,0,0,1,12,0,0,2,0,0,0,0,1,0,1,0,0,0.004098360655737705,0.011033821060206284,0.013871215725750955,-0.7999999999999998,-0.7999999999999998,-0.7999999999999998
00-0033464,Jehu Chesson,WR,2017,KC,6,0,0,0,0,0,0,0,0,0,4,2,18,0,0,0,0,0,0,0,0.007575757575757576,0.0023820867079561697,0.013031097059205682,1.8,3.8,3.8
00-0033466,Isaiah McKenzie,WR,2017,DEN,11,0,0,0,0,0,1,4,0,0,13,4,29,0,0,2,0,0,0,0,0.023593466424682397,0.04274584122973257,0.0653122884978364,3.3000000000000003,7.300000000000001,7.300000000000001
00-0033514,Emanuel Byrd,TE,2017,GB,1,0,0,0,0,0,0,0,0,0,2,2,31,0,0,0,0,0,0,0,0.0036101083032490976,0.00098015192354815,0.006101268801357352,3.1,5.1,5.1
00-0033526,Samaje Perine,RB,2017,WAS,13,0,0,0,0,0,175,603,1,0,24,22,182,1,0,2,0,2,0,0,0.0449438202247191,-0.005538165181796292,0.06353901470982125,86.5,108.5,108.50000000000001
00-0033528,Jeremy Sprinkle,TE,2017,WAS,3,0,0,0,0,0,0,0,0,0,3,2,13,1,0,0,0,0,0,0,0.0056179775280898875,0.004815795810257645,0.011798023359315183,7.3,9.3,9.3
00-0033536,Mike Williams,WR,2017,LAC,9,0,0,0,0,0,0,0,0,0,23,11,95,0,0,0,0,0,0,0,0.04013961605584642,0.05481171548117155,0.09857762492058972,9.5,20.5,20.5
00-0033537,Deshaun Watson,QB,2017,HOU,7,204,1699,19,8,1,36,269,2,1,0,0,0,0,0,1,1,0,0,0,0.0,0.0,0.0,168.86,168.86,168.86
00-0033552,Brendan Langley,WR,2017,DEN,5,0,0,0,0,0,0,0,0,0,0,0,0,0,0,0,0,0,0,0,0.0,0.0,0.0,0.0,0.0,0.0
00-0033553,James Conner,RB,2017,PIT,12,0,0,0,0,0,32,144,0,0,1,0,0,0,0,0,0,0,0,0,0.0017094017094017094,-0.0007629219912263971,0.0020300571702440862,14.4,14.4,14.4
00-0033555,Mack Hollins,WR,2017,PHI,12,0,0,0,0,0,0,0,0,0,22,16,226,1,0,0,0,0,0,0,0.039568345323741004,0.05247205910210267,0.09608295935708336,28.6,44.6,44.6
00-0033556,Tarik Cohen,RB,2017,CHI,16,2,21,1,0,0,87,370,2,0,71,53,353,1,0,2,0,1,0,1,0.1517094017094017,0.045024376254660166,0.25908116594236463,99.14,152.14,152.14000000000001
00-0033559,Michael Roberts,TE,2017,DET,6,0,0,0,0,0,0,0,0,0,7,4,46,0,0,0,0,0,0,0,0.012389380530973451,0.01052400789300592,0.02595087632156432,4.6000000000000005,8.600000000000001,8.600000000000001
00-0033562,Ryan Switzer,WR,2017,DAL,16,0,0,0,0,0,4,5,0,0,7,6,41,0,0,1,0,0,0,1,0.01443298969072165,0.008369261983261477,0.02750796792436551,10.600000000000001,16.6,16.6
00-0033567,Brian Hill,RB,2017,CIN,4,0,0,0,0,0,11,37,0,0,2,2,36,0,0,0,0,0,0,0,0.004098360655737705,0.000959462700887503,0.006819164874227809,7.300000000000001,9.3,9.3
00-0033572,Jamal Agnew,WR,2017,DET,13,0,0,0,0,0,2,9,0,0,2,2,18,0,0,0,0,0,0,2,0.0035398230088495575,-0.00131550098662574,0.004388883822636318,14.7,16.7,16.7
00-0033573,Shelton Gibson,WR,2017,PHI,2,0,0,0,0,0,0,0,0,0,3,2,11,0,0,0,0,0,0,0,0.00539568345323741,0.0043568857738207995,0.011143345221530675,1.1,3.1,3.1
00-0033576,Eric Saubert,TE,2017,ATL,3,0,0,0,0,0,0,0,0,0,0,0,0,0,0,0,0,0,0,0,0.0,0.0,0.0,0.0,0.0,0.0
00-0033581,De'Angelo Henderson Sr.,RB,2017,DEN,3,0,0,0,0,0,7,13,0,0,2,2,36,1,0,0,0,0,0,0,0.003629764065335753,0.0002105706464518846,0.0055920455505199486,10.9,12.9,12.9
00-0033591,Noah Brown,WR,2017,DAL,7,0,0,0,0,0,0,0,0,0,9,4,33,0,0,0,0,0,0,0,0.018556701030927835,0.014963225970073548,0.03830930972544323,3.3000000000000003,7.300000000000001,7.300000000000001
00-0033594,Chris Carson,RB,2017,SEA,4,0,0,0,0,0,49,208,0,0,8,7,59,1,0,0,0,0,0,0,0.015209125475285171,0.003125574554145983,0.025001590400829946,32.7,39.7,39.7
00-0033596,Matt Dayes,RB,2017,CLE,13,0,0,0,0,0,5,13,0,0,5,4,29,0,0,0,0,0,0,0,0.0088339222614841,0.0013492675404780262,0.014195370670560767,4.2,8.2,8.2
00-0033604,Krishawn Hogan,WR,2017,IND,2,0,0,0,0,0,0,0,0,0,0,0,0,0,0,0,0,0,0,0,0.0,0.0,0.0,0.0,0.0,0.0
00-0033611,Ricky Seals-Jones,TE,2017,ARI,8,0,0,0,0,0,0,0,0,0,28,12,201,3,0,0,0,0,0,0,0.0472972972972973,0.054933700706044426,0.10939953644017704,38.1,50.1,50.1
00-0033633,Tanner Gentry,WR,2017,CHI,4,0,0,0,0,0,0,0,0,0,6,3,35,0,0,0,0,0,0,0,0.01282051282051282,0.020361342127903644,0.03348370872030178,3.5,6.5,6.5
00-0033662,Cooper Rush,QB,2017,DAL,2,3,2,0,0,0,2,13,0,0,0,0,0,0,0,0,0,0,0,0,0.0,0.0,0.0,1.3800000000000001,1.3800000000000001,1.3800000000000001
00-0033681,Keelan Cole,WR,2017,JAX,16,0,0,0,0,0,0,0,0,0,83,42,748,3,0,1,0,0,1,0,0.16054158607350097,0.25323249573066603,0.41807512612171766,90.8,132.8,132.8
00-0033699,Austin Ekeler,RB,2017,LAC,14,0,0,0,0,0,47,260,2,0,35,27,279,3,0,2,0,1,1,0,0.06108202443280977,0.008368200836820083,0.09748077723498871,79.9,106.9,106.9
00-0033717,Travis Rudolph,WR,2017,NYG,6,0,0,0,0,0,0,0,0,0,21,8,101,0,0,0,0,0,0,0,0.03482587064676617,0.03826007743110909,0.07902086017192561,10.100000000000001,18.1,18.1
00-0033725,Corey Clement,RB,2017,PHI,15,0,0,0,0,0,74,321,4,1,15,10,123,2,0,0,0,0,0,0,0.02697841726618705,-0.0009471490812653912,0.0398046215423948,82.4,92.4,92.4
00-0033748,Tion Green,RB,2017,DET,5,0,0,0,0,0,42,165,2,0,2,2,14,0,0,0,0,0,0,0,0.0035398230088495575,0.0,0.005309734513274336,29.900000000000002,31.900000000000002,31.9
00-0033760,Justin Davis,RB,2017,LA,1,0,0,0,0,0,1,1,0,0,0,0,0,0,0,0,0,0,0,0,0.0,0.0,0.0,0.1,0.1,0.1
00-0033763,Evan Baylis,TE,2017,HOU,1,0,0,0,0,0,0,0,0,0,0,0,0,0,0,0,0,0,0,0,0.0,0.0,0.0,0.0,0.0,0.0
00-0033838,Trey Edmunds,RB,2017,NO,7,0,0,0,0,0,9,48,1,0,0,0,0,0,0,0,0,0,0,0,0.0,0.0,0.0,10.8,10.8,10.8
00-0033839,Dede Westbrook,WR,2017,JAX,7,0,0,0,0,0,0,0,0,0,51,27,339,1,0,0,0,0,0,0,0.09864603481624758,0.1485728226396682,0.2519700280721391,39.9,66.9,66.9
00-0033840,Chad Hansen,WR,2017,NYJ,8,0,0,0,0,0,0,0,0,0,17,9,94,0,0,0,0,0,0,0,0.034274193548387094,0.04364374524232428,0.08196191199220763,9.4,18.4,18.4
00-0033855,Chris Thompson,WR,2017,HOU,12,0,0,0,0,0,0,0,0,0,6,5,84,0,0,0,0,0,0,0,0.011627906976744186,0.011145272867025366,0.025243551472034033,8.4,13.4,13.4
00-0033856,Leonard Fournette,RB,2017,JAX,13,0,0,0,0,0,268,1040,9,0,48,36,302,1,0,0,0,0,0,0,0.09284332688588008,0.004147353012929983,0.1421681374378711,194.20000000000002,230.20000000000002,230.2
00-0033857,JuJu Smith-Schuster,WR,2017,PIT,14,0,0,0,0,0,0,0,0,0,79,58,917,7,0,0,0,0,0,1,0.13504273504273503,0.13904253290101087,0.2998938755948102,139.7,197.7,197.7
00-0033858,Jonnu Smith,TE,2017,TEN,14,0,0,0,0,0,0,0,0,0,30,18,157,2,0,0,0,0,0,0,0.06198347107438017,0.045714285714285714,0.12497520661157024,27.700000000000003,45.7,45.7
00-0033859,Josh Malone,WR,2017,CIN,9,0,0,0,0,0,2,2,0,0,17,6,63,1,0,0,0,0,0,0,0.03483606557377049,0.0652434636603502,0.09792452292290088,12.5,18.5,18.5
00-0033869,Mitchell Trubisky,QB,2017,CHI,12,330,2193,7,7,0,41,248,2,1,0,0,0,0,0,3,2,1,0,0,0.0,0.0,0.0,134.51999999999998,134.51999999999998,134.51999999999998
00-0033871,Corey Davis,WR,2017,TEN,11,0,0,0,0,0,0,0,0,0,65,34,375,0,0,1,0,0,1,0,0.13429752066115702,0.1702857142857143,0.32064628099173553,35.5,69.5,69.5
00-0033873,Patrick Mahomes,QB,2017,KC,1,35,284,0,1,0,7,10,0,0,0,0,0,0,0,0,0,0,0,0,0.0,0.0,0.0,10.36,10.36,10.36
00-0033879,O.J. Howard,TE,2017,TB,13,0,0,0,0,0,0,0,0,0,39,26,432,6,0,2,0,0,2,0,0.06543624161073826,0.07388204795852236,0.14987179598707304,75.2,101.2,101.2
00-0033881,Evan Engram,TE,2017,NYG,15,0,0,0,0,0,1,14,0,0,115,64,722,6,0,0,0,0,0,0,0.19071310116086235,0.22341152357094057,0.4424577182409519,109.60000000000001,173.60000000000002,173.60000000000002
00-0033885,David Njoku,TE,2017,CLE,16,0,0,0,0,0,1,1,0,0,60,32,386,4,0,0,0,0,0,0,0.10600706713780919,0.11738627602158828,0.2411809939218256,62.7,94.7,94.7
00-0033891,Zay Jones,WR,2017,BUF,14,0,0,0,0,0,0,0,0,0,74,27,316,2,0,0,0,0,0,0,0.1581196581196581,0.2408529197964623,0.4057765310370108,43.6,70.6,70.6
00-0033893,Dalvin Cook,RB,2017,MIN,4,0,0,0,0,0,74,354,2,0,16,11,90,0,0,1,0,1,0,0,0.030710172744721688,-0.00199700449326011,0.04466735597180046,54.400000000000006,65.4,65.4
00-0033895,Gerald Everett,TE,2017,LA,14,0,0,0,0,0,1,13,0,0,32,16,244,2,0,1,0,0,1,0,0.06274509803921569,0.07030093734583127,0.14332830320090542,35.7,51.7,51.7
00-0033896,Adam Shaheen,TE,2017,CHI,7,0,0,0,0,0,0,0,0,0,14,12,127,3,0,0,0,0,0,0,0.029914529914529916,0.027244049326068255,0.06394262940004265,30.700000000000003,42.7,42.7
00-0033897,Joe Mixon,RB,2017,CIN,14,0,0,0,0,0,178,626,4,0,34,30,287,0,0,2,0,1,1,0,0.06967213114754098,-0.0074358359318781484,0.09930311156899677,111.30000000000001,141.3,141.3
00-0033899,DeShone Kizer,QB,2017,CLE,15,476,2894,11,22,0,77,419,5,0,0,0,0,0,0,6,5,1,0,0,0.0,0.0,0.0,175.66,175.66,175.66
00-0033906,Alvin Kamara,RB,2017,NO,16,0,0,0,0,0,120,728,8,1,100,81,826,5,0,1,0,1,0,1,0.1890359168241966,0.07052970441908106,0.3329246683296516,239.4,320.4,320.4
00-0033908,Cooper Kupp,WR,2017,LA,15,1,0,0,0,0,0,0,0,0,94,62,869,5,0,1,0,0,1,0,0.1843137254901961,0.19930932412432165,0.4159871151223193,114.9,176.9,176.9
00-0033911,Taywan Taylor,WR,2017,TEN,16,0,0,0,0,0,8,43,0,0,28,16,231,1,0,0,0,0,0,0,0.05785123966942149,0.08822857142857143,0.14853685950413223,33.400000000000006,49.400000000000006,49.400000000000006
00-0033916,ArDarius Stewart,WR,2017,NYJ,12,0,0,0,0,0,7,27,0,0,13,6,82,0,0,0,0,0,0,0,0.02620967741935484,0.028419182948490232,0.05920794419297542,10.9,16.9,16.900000000000002
00-0033921,Chris Godwin Jr.,WR,2017,TB,15,0,0,0,0,0,0,0,0,0,55,34,525,1,0,0,0,0,0,0,0.09228187919463088,0.11746597537265067,0.2206490015528018,58.5,92.5,92.5
00-0033923,Kareem Hunt,RB,2017,KC,16,0,0,0,0,0,272,1327,8,0,63,53,455,3,0,1,0,1,0,0,0.11931818181818182,0.024535493091948548,0.19615211789163672,242.20000000000002,295.20000000000005,295.20000000000005
00-0033925,D'Onta Foreman,RB,2017,HOU,9,0,0,0,0,0,78,327,2,0,8,6,83,0,0,1,0,1,0,0,0.015503875968992248,0.002690238278247502,0.025138980748261625,51.0,57.0,57.0
00-0033932,Kenny Golladay,WR,2017,DET,11,0,0,0,0,0,1,9,0,0,48,28,477,3,0,0,0,0,0,0,0.08495575221238938,0.1558868669151502,0.2365544351591892,66.6,94.6,94.6
00-0033933,Chad Williams,WR,2017,ARI,6,0,0,0,0,0,2,33,0,0,7,3,31,0,0,0,0,0,0,0,0.011824324324324325,0.013776476666092647,0.027380020152751337,6.4,9.4,9.4
00-0033936,C.J. Beathard,QB,2017,SF,6,224,1430,4,6,0,26,136,3,0,0,0,0,0,0,2,2,0,0,0,0.0,0.0,0.0,88.80000000000001,88.80000000000001,88.80000000000001
00-0033937,Amara Darboh,WR,2017,SEA,8,0,0,0,0,0,0,0,0,0,13,8,71,0,0,0,0,0,0,0,0.024714828897338403,0.028865600294171723,0.05727816355192781,7.1000000000000005,15.100000000000001,15.100000000000001
00-0033943,Josh Reynolds,WR,2017,LA,10,0,0,0,0,0,0,0,0,0,24,11,104,1,0,0,0,0,0,0,0.047058823529411764,0.04440059200789344,0.10166864969964305,16.4,27.4,27.4
00-0033948,Jamaal Williams,RB,2017,GB,15,0,0,0,0,0,153,556,4,0,34,25,262,2,0,0,0,0,0,0,0.061371841155234655,0.012496937025238911,0.10080561765051922,117.80000000000001,142.8,142.8
00-0033950,Wayne Gallman,RB,2017,NYG,13,0,0,0,0,0,111,476,0,0,48,34,193,1,0,1,0,1,0,0,0.07960199004975124,0.004554771122751082,0.12259132486055262,70.9,104.9,104.9
00-0033951,Marlon Mack,RB,2017,IND,14,0,0,0,0,0,93,358,3,0,33,21,225,1,0,0,0,0,0,0,0.06991525423728813,-0.017128874388254486,0.09288266928415406,82.30000000000001,103.30000000000001,103.30000000000001
00-0033955,Jeremy McNichols,RB,2017,SF,1,0,0,0,0,0,0,0,0,0,0,0,0,0,0,0,0,0,0,0,0.0,0.0,0.0,0.0,0.0,0.0
00-0033958,Nathan Peterman,QB,2017,BUF,4,48,231,2,5,0,7,23,0,0,0,0,0,0,0,0,0,0,0,0,0.0,0.0,0.0,9.540000000000003,9.540000000000003,9.540000000000003
00-0033968,Stacy Coley,WR,2017,MIN,2,0,0,0,0,0,0,0,0,0,1,0,0,0,0,0,0,0,0,0,0.0019193857965451055,0.0014977533699450823,0.003927506053779216,0.0,0.0,0.0
00-0019596,Tom Brady,QB,2018,NE,16,570,4355,29,11,0,23,35,2,0,1,1,6,0,0,2,2,0,0,0,0.0017985611510791368,0.0,0.002697841726618705,280.30000000000007,281.30000000000007,281.30000000000007
00-0020531,Drew Brees,QB,2018,NO,15,489,3992,32,5,1,31,22,4,0,1,1,1,0,0,1,1,0,0,0,0.0019569471624266144,-0.0005306447333510214,0.0025639694302942067,303.98,304.98,304.98
00-0021206,Josh McCown,QB,2018,NYJ,4,110,539,1,4,0,5,32,0,0,0,0,0,0,0,0,0,0,0,0,0.0,0.0,0.0,20.759999999999998,20.759999999999998,20.759999999999998
00-0021547,Antonio Gates,TE,2018,LAC,16,0,0,0,0,0,0,0,0,0,45,28,333,2,2,1,0,0,1,0,0.08893280632411067,0.08992169739833292,0.19634439766499906,47.300000000000004,75.30000000000001,75.30000000000001
00-0022787,Matt Schaub,QB,2018,ATL,2,7,20,0,0,0,1,0,0,0,1,1,-7,0,0,0,0,0,0,0,0.0016556291390728477,-0.0013282732447817836,0.001553652437262023,0.09999999999999998,1.1,1.1
00-0022803,Eli Manning,QB,2018,NYG,16,576,4299,21,11,3,15,20,1,0,0,0,0,0,0,4,4,0,0,0,0.0,0.0,0.0,239.96,239.96,239.96
00-0022921,Larry Fitzgerald,WR,2018,ARI,16,1,32,1,0,0,0,0,0,0,112,69,734,6,1,0,0,0,0,0,0.23678646934460887,0.2596129680824328,0.5369087816746162,116.68,185.68,185.68
00-0022924,Ben Roethlisberger,QB,2018,PIT,16,675,5129,34,16,4,31,98,3,0,1,1,-1,0,0,2,2,0,0,0,0.0014792899408284023,0.0,0.0022189349112426036,340.85999999999996,341.85999999999996,341.85999999999996
00-0022942,Philip Rivers,QB,2018,LAC,16,508,4308,32,12,5,18,7,0,0,0,0,0,0,0,1,1,0,0,0,0.0,0.0,0.0,285.02,285.02,285.02
00-0022943,Benjamin Watson,TE,2018,NO,13,0,0,0,0,0,0,0,0,0,46,35,400,2,0,0,0,0,0,0,0.09001956947162426,0.12470151233749005,0.22232041284367943,52.0,87.0,87.0
00-0023436,Alex Smith,QB,2018,WAS,10,328,2180,10,5,0,41,168,1,0,0,0,0,0,0,1,1,0,0,0,0.0,0.0,0.0,138.0,138.0,138.0
00-0023459,Aaron Rodgers,QB,2018,GB,16,597,4442,25,2,2,43,269,2,1,0,0,0,0,0,3,3,0,0,0,0.0,0.0,0.0,312.58,312.58,312.58
00-0023500,Frank Gore,RB,2018,MIA,14,0,0,0,0,0,156,722,0,0,16,12,124,1,0,0,0,0,0,0,0.0367816091954023,0.0056772100567721,0.05914646083284392,90.60000000000001,102.60000000000001,102.60000000000001
00-0023564,Darren Sproles,RB,2018,PHI,6,0,0,0,0,0,29,120,1,0,23,15,160,2,0,0,0,0,0,0,0.03885135135135135,0.006282252636302446,0.06267460387243874,46.0,61.0,61.0
00-0023645,Derek Anderson,QB,2018,BUF,2,70,465,0,4,0,1,-1,0,0,0,0,0,0,0,2,2,0,0,0,0.0,0.0,0.0,6.500000000000002,6.500000000000002,6.500000000000002
00-0023662,Matt Cassel,QB,2018,DET,2,17,59,0,1,0,2,13,0,0,0,0,0,0,0,0,0,0,0,0,0.0,0.0,0.0,1.66,1.66,1.66
00-0023682,Ryan Fitzpatrick,QB,2018,TB,8,246,2366,17,12,1,36,152,2,0,0,0,0,0,0,1,1,0,0,0,0.0,0.0,0.0,165.83999999999997,165.83999999999997,165.83999999999997
00-0024221,Vernon Davis,TE,2018,WAS,13,0,0,0,0,0,0,0,0,0,36,25,367,2,1,0,0,0,0,0,0.0736196319018405,0.09916567342073898,0.17984541924727804,50.7,75.7,75.7
00-0024243,Marcedes Lewis,TE,2018,GB,5,0,0,0,0,0,0,0,0,0,4,3,39,0,0,0,0,0,0,0,0.0065040650406504065,0.0008823010411152286,0.01037370828975627,3.9000000000000004,6.9,6.9
00-0024334,Brandon Marshall,WR,2018,SEA,6,0,0,0,0,0,0,0,0,0,23,11,136,1,0,0,0,0,0,0,0.0575,0.06704930863553353,0.13318451604487347,19.6,30.6,30.6
00-0024389,Delanie Walker,TE,2018,TEN,1,0,0,0,0,0,0,0,0,0,7,4,52,0,0,0,0,0,0,0,0.01647058823529412,0.014088820826952527,0.03456805693180795,5.2,9.2,9.2
00-0025394,Adrian Peterson,RB,2018,WAS,16,0,0,0,0,0,251,1042,7,0,26,20,208,1,0,2,0,1,1,0,0.053169734151329244,0.0021454112038140644,0.0812563890696637,169.0,189.0,189.0
00-0025396,Ted Ginn,WR,2018,NO,5,0,0,0,0,0,3,26,0,0,30,17,209,2,1,1,0,0,1,0,0.05870841487279843,0.13239586097107986,0.18073972498895355,35.5,52.5,52.5
00-0025399,Marshawn Lynch,RB,2018,LV,6,0,0,0,0,0,90,376,3,0,20,15,84,0,0,0,0,0,0,0,0.03773584905660377,-0.001585204755614267,0.055494130255975674,64.0,79.0,79.0
00-0025418,Greg Olsen,TE,2018,CAR,9,0,0,0,0,0,0,0,0,0,38,27,291,4,0,0,0,0,0,0,0.06985294117647059,0.08099014659937515,0.1614725143842685,53.1,80.1,80.1
00-0026035,Danny Amendola,WR,2018,MIA,15,1,28,1,0,0,1,-2,0,0,79,59,575,1,0,0,0,0,0,0,0.18160919540229886,0.15923222492565559,0.3838763505514072,68.42,127.42,127.42
00-0026143,Matt Ryan,QB,2018,ATL,16,608,4924,35,7,2,33,125,3,0,1,1,5,1,0,5,5,0,0,0,0.0016556291390728477,0.00018975332068311195,0.00261627103308745,353.96000000000004,354.96000000000004,354.96000000000004
00-0026153,Jonathan Stewart,RB,2018,NYG,3,0,0,0,0,0,6,17,0,0,0,0,0,0,0,0,0,0,0,0,0.0,0.0,0.0,1.7000000000000002,1.7000000000000002,1.7000000000000002
00-0026158,Joe Flacco,QB,2018,BAL,9,379,2465,12,6,0,19,45,0,0,0,0,0,0,0,1,1,0,0,0,0.0,0.0,0.0,137.10000000000002,137.10000000000002,137.10000000000002
00-0026176,Jordy Nelson,WR,2018,LV,15,0,0,0,0,0,1,-2,0,0,88,63,739,3,1,0,0,0,0,0,0.1660377358490566,0.21453104359313077,0.39922833428877647,93.7,156.7,156.7
00-0026189,DeSean Jackson,WR,2018,TB,12,0,0,0,0,0,6,29,1,0,74,41,774,4,0,0,0,0,0,0,0.11954765751211632,0.21394158386028306,0.3290805949703726,110.30000000000001,151.3,151.3
00-0026197,Chad Henne,QB,2018,KC,1,3,29,0,0,0,1,3,0,0,0,0,0,0,0,0,0,0,0,0,0.0,0.0,0.0,1.46,1.46,1.46
00-0026213,Jamaal Charles,RB,2018,JAX,2,0,0,0,0,0,6,7,0,0,3,2,7,0,0,0,0,0,0,0,0.0057251908396946565,0.0010590415673815197,0.009329115356709048,1.4000000000000001,3.4000000000000004,3.4000000000000004
00-0026293,Matthew Slater,WR,2018,NE,9,0,0,0,0,0,0,0,0,0,0,0,0,0,0,0,0,0,0,0,0.0,0.0,0.0,0.0,0.0,0.0
00-0026300,Josh Johnson,QB,2018,WAS,4,91,590,3,4,2,23,120,1,0,0,0,0,0,0,0,0,0,0,0,0.0,0.0,0.0,49.6,49.6,49.6
00-0026345,Pierre Garcon,WR,2018,SF,8,0,0,0,0,0,0,0,0,0,46,24,286,1,0,0,0,0,0,0,0.08932038834951456,0.10690832676648279,0.2088164112608098,34.6,58.6,58.6
00-0026498,Matthew Stafford,QB,2018,DET,16,555,3777,21,11,0,25,71,0,0,0,0,0,0,0,4,3,1,0,0,0.0,0.0,0.0,212.18,212.18,212.18
00-0026544,Chase Daniel,QB,2018,CHI,4,76,515,3,2,0,13,3,0,0,1,1,8,0,0,0,0,0,0,0,0.001984126984126984,-0.0013327410039982231,0.0020432717733917197,29.700000000000003,30.700000000000003,30.700000000000003
00-0026625,Brian Hoyer,QB,2018,NE,5,2,7,0,0,0,11,-8,0,0,0,0,0,0,0,0,0,0,0,0,0.0,0.0,0.0,-0.52,-0.52,-0.52
00-0026898,Mark Sanchez,QB,2018,WAS,2,35,138,0,3,0,1,8,0,0,0,0,0,0,0,0,0,0,0,0,0.0,0.0,0.0,0.3200000000000005,0.3200000000000005,0.3200000000000005
00-0026901,Mike Wallace,WR,2018,PHI,1,0,0,0,0,0,0,0,0,0,3,0,0,0,0,0,0,0,0,0,0.005067567567567568,0.02445591204846309,0.024720489785275516,0.0,0.0,0.0
00-0026983,Darrius Heyward-Bey,WR,2018,PIT,8,0,0,0,0,0,1,-7,0,0,2,1,9,0,0,0,0,0,0,0,0.0029585798816568047,0.0046930730242162565,0.007723020939436586,0.2,1.2,1.2
00-0026986,Michael Crabtree,WR,2018,BAL,16,0,0,0,0,0,0,0,0,0,100,54,607,3,0,0,0,0,0,0,0.18552875695732837,0.22714969810535082,0.4372979241097381,78.7,132.7,132.7
00-0027029,LeSean McCoy,RB,2018,BUF,14,0,0,0,0,0,161,514,3,0,46,34,238,0,0,0,0,0,0,0,0.09603340292275574,-0.00991300829455796,0.13711099857794304,93.2,127.2,127.2
00-0027057,Brandon Tate,WR,2018,NO,1,0,0,0,0,0,0,0,0,0,0,0,0,0,0,0,0,0,0,0,0.0,0.0,0.0,0.0,0.0,0.0
00-0027061,Jared Cook,TE,2018,LV,16,0,0,0,0,0,0,0,0,0,101,68,896,6,0,0,0,0,0,0,0.19056603773584907,0.22192866578599735,0.4411991226539717,125.60000000000001,193.60000000000002,193.60000000000002
00-0027139,John Phillips,TE,2018,ARI,2,0,0,0,0,0,0,0,0,0,3,3,38,0,0,0,0,0,0,0,0.006342494714587738,0.007539582809751194,0.014791450038707441,3.8000000000000003,6.800000000000001,6.800000000000001
00-0027150,Julian Edelman,WR,2018,NE,12,2,43,0,0,0,9,107,0,0,108,74,850,6,0,0,0,0,0,0,0.19424460431654678,0.18511918021831142,0.42095033262763815,133.42000000000002,207.42000000000002,207.42000000000002
00-0027215,Logan Paulsen,TE,2018,ATL,8,0,0,0,0,0,0,0,0,0,9,9,91,1,0,0,0,0,0,0,0.014900662251655629,0.0062618595825426945,0.02673429508526333,15.1,24.1,24.1
00-0027325,LeGarrette Blount,RB,2018,DET,16,0,0,0,0,0,154,418,5,0,15,10,67,0,0,1,0,0,1,0,0.026737967914438502,-0.0047762694821518355,0.03676356323415147,76.5,86.5,86.50000000000001
00-0027531,Chris Ivory,RB,2018,BUF,13,0,0,0,0,0,115,385,1,0,20,12,175,0,0,0,0,0,0,0,0.04175365344467641,-0.00040461258345134534,0.06234725135859867,62.0,74.0,74.0
00-0027656,Rob Gronkowski,TE,2018,NE,13,0,0,0,0,0,0,0,0,0,72,47,682,3,0,1,0,0,1,0,0.12949640287769784,0.19893071953664512,0.33349610799219837,84.2,131.2,131.2
00-0027675,Ed Dickson,TE,2018,SEA,9,0,0,0,0,0,1,9,0,0,13,12,143,3,0,0,0,0,0,0,0.0325,0.01852334985650926,0.061716344899556484,33.2,45.2,45.2
00-0027681,Brandon LaFell,WR,2018,LV,4,0,0,0,0,0,0,0,0,0,16,12,135,2,0,0,0,0,0,0,0.03018867924528302,0.03513870541611625,0.0698801126592059,25.5,37.5,37.5
00-0027685,Emmanuel Sanders,WR,2018,DEN,12,1,28,1,0,0,4,53,1,0,98,71,868,4,0,0,0,0,0,0,0.17375886524822695,0.21451319381255687,0.41079753354113024,127.22000000000001,198.22000000000003,198.22000000000003
00-0027688,Colt McCoy,QB,2018,WAS,3,54,372,3,3,0,10,63,0,0,0,0,0,0,0,0,0,0,0,0,0.0,0.0,0.0,27.180000000000003,27.180000000000003,27.180000000000003
00-0027691,Andre Roberts,WR,2018,NYJ,16,0,0,0,0,0,2,20,0,0,18,10,79,1,0,1,0,0,0,2,0.03564356435643564,0.03299547120983395,0.07656217638153721,27.9,37.9,37.9
00-0027696,Jimmy Graham,TE,2018,GB,16,0,0,0,0,0,0,0,0,0,89,55,636,2,0,0,0,0,0,0,0.14471544715447154,0.1494617963649197,0.3216964281871511,75.6,130.6,130.6
00-0027793,Antonio Brown,WR,2018,PIT,15,1,0,0,0,0,0,0,0,0,168,104,1297,15,0,0,0,0,0,0,0.2485207100591716,0.35498404355171764,0.6212698955749597,219.70000000000002,323.70000000000005,323.70000000000005
00-0027796,Joe Webb,QB,2018,HOU,4,0,0,0,0,0,0,0,0,0,3,2,13,0,0,0,0,0,0,0,0.006072874493927126,0.003919760202905234,0.011853143882924352,1.3,3.3,3.3
00-0027854,Sam Bradford,QB,2018,ARI,3,80,400,2,4,0,2,7,0,0,0,0,0,0,0,2,2,0,0,0,0.0,0.0,0.0,12.7,12.7,12.7
00-0027873,Jermaine Gresham,TE,2018,ARI,8,0,0,0,0,0,0,0,0,0,12,9,94,0,0,1,0,0,1,0,0.02536997885835095,0.006031666247800955,0.04227713466098709,7.4,16.4,16.4
00-0027874,Demaryius Thomas,WR,2018,HOU,15,0,0,0,0,0,0,0,0,0,89,59,677,5,0,0,0,0,0,0,0.15780141843971632,0.20632393084622383,0.3811288792519312,97.7,156.7,156.7
00-0027891,Golden Tate,WR,2018,PHI,15,0,0,0,0,0,4,34,0,0,113,74,795,4,1,0,0,0,0,0,0.2014260249554367,0.18652589240824535,0.4327071621189268,108.9,182.9,182.9
00-0027939,Cam Newton,QB,2018,CAR,14,471,3395,24,13,2,101,488,4,0,0,0,0,0,0,0,0,0,0,0,0.0,0.0,0.0,282.6,282.6,282.6
00-0027942,A.J. Green,WR,2018,CIN,9,0,0,0,0,0,0,0,0,0,77,46,694,6,0,1,0,0,1,0,0.14555765595463138,0.21977517779307182,0.37217910838709733,103.4,149.4,149.4
00-0027944,Julio Jones,WR,2018,ATL,16,0,0,0,0,0,2,12,0,0,170,113,1677,8,0,2,0,0,2,0,0.2814569536423841,0.4510436432637571,0.7379159807482061,212.9,325.9,325.9
00-0027948,Blaine Gabbert,QB,2018,TEN,8,101,626,4,4,0,6,0,0,0,0,0,0,0,0,0,0,0,0,0,0.0,0.0,0.0,33.04,33.04,33.04
00-0027966,Mark Ingram,RB,2018,NO,12,0,0,0,0,0,138,645,6,0,27,21,170,1,0,1,0,1,0,0,0.05283757338551859,0.0023879013000795966,0.0809278909883336,121.5,142.5,142.5
00-0027973,Andy Dalton,QB,2018,CIN,11,365,2566,21,11,0,16,99,0,0,0,0,0,0,0,0,0,0,0,0,0.0,0.0,0.0,174.54,174.54,174.54
00-0027981,Kyle Rudolph,TE,2018,MIN,16,0,0,0,0,0,0,0,0,0,82,64,634,4,0,0,0,0,0,0,0.13851351351351351,0.11851683348498634,0.29073205370976074,87.4,151.4,151.4
00-0027985,Lance Kendricks,TE,2018,GB,14,0,0,0,0,0,0,0,0,0,25,19,170,1,0,0,0,0,0,0,0.04065040650406504,0.024880889359449446,0.07839223230771217,23.0,42.0,42.0
00-0027996,Torrey Smith,WR,2018,CAR,8,0,0,0,0,0,0,0,0,0,31,17,190,2,1,0,0,0,0,0,0.05698529411764706,0.10021629416005767,0.15562934708851095,33.0,50.0,50.0
00-0028002,Randall Cobb,WR,2018,GB,9,0,0,0,0,0,0,0,0,0,61,38,383,2,0,1,0,0,1,0,0.0991869918699187,0.09211222869242985,0.21325904788957895,48.300000000000004,86.30000000000001,86.30000000000001
00-0028011,Stevan Ridley,RB,2018,PIT,9,0,0,0,0,0,29,80,1,0,4,3,18,0,0,2,0,1,1,0,0.005917159763313609,0.0016895062887178525,0.010058394047072912,11.8,14.8,14.8
00-0028042,Luke Stocker,TE,2018,TEN,12,0,0,0,0,0,1,0,0,0,21,15,165,2,0,0,0,0,0,0,0.04941176470588235,0.049923430321592646,0.10906404828393837,28.5,43.5,43.5
00-0028063,Taiwan Jones,RB,2018,BUF,5,0,0,0,0,0,0,0,0,0,2,0,0,0,0,0,0,0,0,0,0.0041753653444676405,0.00606918875177018,0.010511480142940587,0.0,0.0,0.0
00-0028064,Bilal Powell,RB,2018,NYJ,7,0,0,0,0,0,80,343,0,0,18,11,110,1,0,1,0,1,0,0,0.03564356435643564,0.019193444037092947,0.06690075736061851,49.300000000000004,60.300000000000004,60.300000000000004
00-0028083,Jacquizz Rodgers,RB,2018,TB,15,0,0,0,0,0,33,106,1,0,45,38,304,0,0,1,0,0,1,0,0.07269789983844911,0.012044564890093345,0.11747804518073901,45.0,83.0,83.0
00-0028087,Dion Lewis,RB,2018,TEN,16,0,0,0,0,0,155,517,1,0,67,59,400,1,0,1,0,1,0,0,0.15764705882352942,-0.021745788667687595,0.22124853616791282,101.7,160.7,160.7
00-0028091,Jeremy Kerley,WR,2018,BUF,1,0,0,0,0,0,0,0,0,0,4,2,7,0,0,0,0,0,0,0,0.008350730688935281,0.00303459437588509,0.014650312096522485,0.7000000000000001,2.7,2.7
00-0028093,Niles Paul,TE,2018,JAX,6,0,0,0,0,0,1,-3,0,0,13,10,98,0,0,0,0,0,0,0,0.02480916030534351,0.02832936192745565,0.05704429380723422,9.5,19.5,19.5
00-0028097,Lee Smith,TE,2018,LV,9,0,0,0,0,0,0,0,0,0,11,10,73,3,0,0,0,0,0,0,0.020754716981132074,0.005284015852047556,0.0348308865681314,25.3,35.3,35.3
00-0028112,Charles Clay,TE,2018,BUF,11,0,0,0,0,0,0,0,0,0,36,21,184,0,0,1,0,0,1,0,0.07515657620041753,0.05866882460044508,0.15380304152093785,16.400000000000002,37.400000000000006,37.400000000000006
00-0028114,Dwayne Harris,WR,2018,LV,15,0,0,0,0,0,2,12,0,0,6,6,40,0,0,0,0,0,0,1,0.011320754716981131,-0.0018494055482166448,0.015686548191720048,11.2,17.2,17.2
00-0028116,Aldrick Robinson,WR,2018,MIN,14,0,0,0,0,0,0,0,0,0,35,17,231,5,0,0,0,0,0,0,0.05912162162162162,0.1367151956323931,0.1843830693751076,53.1,70.1,70.1
00-0028118,Tyrod Taylor,QB,2018,CLE,4,85,473,2,2,0,16,125,1,0,0,0,0,0,0,0,0,0,0,0,0.0,0.0,0.0,41.42,41.42,41.42
00-0028142,Virgil Green,TE,2018,LAC,14,0,0,0,0,0,0,0,0,0,27,19,210,1,0,0,0,0,0,0,0.0533596837944664,0.03687799949482193,0.10585412533807495,27.0,46.0,46.0
00-0028237,Chris Hogan,WR,2018,NE,15,0,0,0,0,0,0,0,0,0,55,35,532,3,0,0,0,0,0,0,0.09892086330935251,0.14524392960570284,0.25005204568802075,71.2,106.2,106.2
00-0028263,Andre Holmes,WR,2018,DEN,13,0,0,0,0,0,0,0,0,0,24,13,162,0,0,0,0,0,0,0,0.05010438413361169,0.06332186931013555,0.11948188471751242,16.2,29.2,29.2
00-0028411,Dontrelle Inman,WR,2018,IND,8,0,0,0,0,0,0,0,0,0,39,28,304,3,0,0,0,0,0,0,0.061514195583596214,0.08257825370675453,0.1500760709701225,48.400000000000006,76.4,76.4
00-0028434,Doug Baldwin,WR,2018,SEA,13,0,0,0,0,0,0,0,0,0,73,50,618,5,0,0,0,0,0,0,0.1825,0.21654056874510827,0.42532839812157575,91.80000000000001,141.8,141.8
00-0028497,Kamar Aiken,WR,2018,PHI,3,0,0,0,0,0,0,0,0,0,7,6,53,0,0,0,0,0,0,0,0.011824324324324325,0.010545209782364819,0.025118133334141857,5.300000000000001,11.3,11.3
00-0028581,Patrick DiMarco,RB,2018,BUF,8,0,0,0,0,0,1,9,0,0,4,3,62,0,0,0,0,0,0,0,0.008350730688935281,0.005462269876593162,0.016349684947018134,7.1000000000000005,10.100000000000001,10.100000000000001
00-0028825,Terrelle Pryor,WR,2018,BUF,8,0,0,0,0,0,1,-1,0,0,30,16,252,2,0,0,0,0,0,0,0.0594059405940594,0.08022428294155703,0.14526590895017902,37.1,53.1,53.1
00-0028903,Garrett Celek,TE,2018,SF,8,0,0,0,0,0,0,0,0,0,8,5,90,2,0,0,0,0,0,0,0.015533980582524271,0.02364066193853428,0.0398494342307604,21.0,26.0,26.0
00-0028986,Case Keenum,QB,2018,DEN,16,586,3890,18,15,0,26,93,2,0,0,0,0,0,0,2,1,1,0,0,0.0,0.0,0.0,214.9,214.9,214.9
00-0029000,Cole Beasley,WR,2018,DAL,16,1,0,0,0,0,0,0,0,0,87,65,672,3,0,0,0,0,0,0,0.16827852998065765,0.16164658634538154,0.36557040541275354,85.2,150.2,150.2
00-0029091,Bradley Sowell,TE,2018,CHI,2,0,0,0,0,0,0,0,0,0,2,1,2,1,0,0,0,0,0,0,0.003968253968253968,0.000888494002665482,0.006574326754246789,6.2,7.2,7.2
00-0029119,Derek Carrier,TE,2018,LV,10,0,0,0,0,0,0,0,0,0,12,7,67,1,0,0,0,0,0,0,0.022641509433962263,0.02774108322324967,0.05338102240721816,12.7,19.7,19.7
00-0029129,Rod Streater,WR,2018,CLE,1,0,0,0,0,0,1,-11,0,0,0,0,0,0,0,0,0,0,0,0,0.0,0.0,0.0,-1.1,-1.1,-1.1
00-0029137,Alshon Jeffery,WR,2018,PHI,13,0,0,0,0,0,0,0,0,0,92,65,843,6,0,0,0,0,0,0,0.1554054054054054,0.2272829257347992,0.39220615612246756,120.30000000000001,185.3,185.3
00-0029141,Alfred Morris,RB,2018,SF,11,0,0,0,0,0,111,428,2,0,13,8,73,0,0,1,0,1,0,0,0.02524271844660194,-0.0010506960861570791,0.03712859040959295,60.1,68.1,68.10000000000001
00-0029159,Jermaine Kearse,WR,2018,NYJ,13,0,0,0,0,0,0,0,0,0,76,37,371,1,0,0,0,0,0,0,0.1504950495049505,0.1524692689238732,0.33247106250413694,43.1,80.1,80.1
00-0029205,Travaris Cadet,RB,2018,CAR,1,0,0,0,0,0,11,17,0,0,1,1,5,0,0,0,0,0,0,0,0.001838235294117647,0.0002403268445085316,0.0029255817323324425,2.2,3.2,3.2
00-0029239,Brandon Bolden,RB,2018,MIA,9,0,0,0,0,0,8,91,2,0,3,3,13,1,0,1,0,1,0,0,0.006896551724137931,-0.0016220600162206002,0.009209385574852477,26.4,29.4,29.400000000000002
00-0029263,Russell Wilson,QB,2018,SEA,16,427,3448,35,7,1,67,376,0,0,1,1,-11,0,0,2,2,0,0,0,0.0025,-0.0026089225150013043,0.001923754239499087,298.42,299.42,299.42
00-0029269,Travis Benjamin,WR,2018,LAC,12,0,0,0,0,0,7,41,0,0,24,12,186,1,0,0,0,0,0,0,0.04743083003952569,0.11922202576408183,0.1546016630941458,28.700000000000003,40.7,40.7
00-0029273,Robert Turbin,RB,2018,IND,2,0,0,0,0,0,4,10,0,0,2,1,3,0,0,1,0,1,0,0,0.0031545741324921135,-0.0012355848434925864,0.0038669518082933597,-0.7,0.30000000000000004,0.2999999999999998
00-0029293,Marvin Jones,WR,2018,DET,9,0,0,0,0,0,0,0,0,0,62,35,508,5,0,0,0,0,0,0,0.11051693404634581,0.22724987430869784,0.3248503130856072,80.80000000000001,115.80000000000001,115.80000000000001
00-0029319,Josh Bellamy,WR,2018,CHI,14,0,0,0,0,0,0,0,0,0,25,14,117,1,1,0,0,0,0,0,0.0496031746031746,0.06530430919591293,0.12011777834190096,19.700000000000003,33.7,33.7
00-0029388,Deonte Thompson,WR,2018,BUF,13,0,0,0,0,0,0,0,0,0,30,17,161,0,0,0,0,0,0,0,0.058027079303675046,0.0946285140562249,0.15328057879487,16.1,33.1,33.1
00-0029414,Orson Charles,TE,2018,CLE,10,0,0,0,0,0,0,0,0,0,5,3,23,0,0,0,0,0,0,0,0.008976660682226212,0.0031192660550458714,0.015648477261871428,2.3000000000000003,5.300000000000001,5.300000000000001
00-0029492,Jamize Olawale,RB,2018,DAL,10,0,0,0,0,0,0,0,0,0,4,2,13,0,0,0,0,0,0,0,0.007736943907156673,0.000251004016064257,0.011781118671979991,1.3,3.3,3.3
00-0029567,Nick Foles,QB,2018,PHI,5,195,1413,7,4,0,9,17,0,0,1,1,10,0,0,2,2,0,0,0,0.0016891891891891893,0.0017949293246578416,0.0037902343110442728,75.22000000000001,76.22000000000001,76.22000000000001
00-0029572,Jarius Wright,WR,2018,CAR,16,0,0,0,0,0,2,39,0,0,59,43,447,1,1,1,0,0,1,0,0.10845588235294118,0.08771929824561403,0.2240873323013416,54.6,97.6,97.6
00-0029580,Rishard Matthews,WR,2018,NYJ,6,0,0,0,0,0,0,0,0,0,9,5,24,0,0,0,0,0,0,0,0.021176470588235293,0.013782542113323124,0.04141248536167912,2.4000000000000004,7.4,7.4
00-0029587,Rhett Ellison,TE,2018,NYG,13,0,0,0,0,0,0,0,0,0,34,25,272,1,1,0,0,0,0,0,0.059233449477351915,0.049165332723530755,0.1232659071224994,35.2,60.2,60.2
00-0029604,Kirk Cousins,QB,2018,MIN,16,606,4298,30,10,3,44,123,1,0,1,1,-1,0,0,7,5,2,0,0,0.0016891891891891893,-0.0015923566878980893,0.0014191341022551215,282.12,283.12,283.12
00-0029608,T.Y. Hilton,WR,2018,IND,14,0,0,0,0,0,0,0,0,0,120,76,1270,6,0,0,0,0,0,0,0.1892744479495268,0.27635914332784184,0.4773630722537795,163.0,239.0,239.0
00-0029613,Doug Martin,RB,2018,LV,16,0,0,0,0,0,172,723,4,0,24,18,116,0,0,3,0,3,0,0,0.045283018867924525,0.005548216644649934,0.07180827995314175,101.9,119.9,119.9
00-0029615,Lamar Miller,RB,2018,HOU,14,0,0,0,0,0,210,973,5,0,35,25,163,1,0,1,0,0,1,0,0.0708502024291498,0.00553377910998386,0.1101489490207134,147.60000000000002,172.60000000000002,172.60000000000002
00-0029632,Mohamed Sanu,WR,2018,ATL,16,2,5,1,0,0,7,44,0,0,94,66,838,4,1,1,0,0,1,0,0.15562913907284767,0.1430740037950664,0.333595511265818,116.4,182.4,182.4
00-0029638,Michael Floyd,WR,2018,WAS,10,0,0,0,0,0,0,0,0,0,24,10,100,1,1,0,0,0,0,0,0.049079754601226995,0.08176400476758046,0.1308544352391468,18.0,28.0,28.0
00-0029640,Brian Quick,WR,2018,WAS,2,0,0,0,0,0,0,0,0,0,3,3,18,0,0,0,0,0,0,0,0.006134969325153374,0.004052443384982122,0.012039164357217547,1.8,4.8,4.8
00-0029664,Josh Gordon,WR,2018,NE,12,0,0,0,0,0,0,0,0,0,71,41,737,4,0,0,0,0,0,0,0.12746858168761221,0.18605504587155963,0.32144140464151005,97.7,138.7,138.7
00-0029665,Robert Griffin III,QB,2018,BAL,2,6,21,0,0,0,0,0,0,0,0,0,0,0,0,0,0,0,0,0,0.0,0.0,0.0,0.84,0.84,0.84
00-0029668,Andrew Luck,QB,2018,IND,16,639,4593,39,15,2,46,148,0,0,2,1,4,0,0,1,1,0,0,0,0.0031545741324921135,0.0016474464579901153,0.005885073719331251,326.92,327.92,327.92
00-0029677,Brandon Weeden,QB,2018,HOU,1,0,0,0,0,0,1,-1,0,0,0,0,0,0,0,0,0,0,0,0,0.0,0.0,0.0,-0.1,-0.1,-0.1
00-0029682,Brock Osweiler,QB,2018,MIA,7,178,1247,6,4,1,8,21,0,0,0,0,0,0,0,1,0,1,0,0,0.0,0.0,0.0,67.97999999999999,67.97999999999999,67.97999999999999
00-0029689,Dwayne Allen,TE,2018,NE,4,0,0,0,0,0,0,0,0,0,4,3,27,0,0,0,0,0,0,0,0.007194244604316547,0.007128536422365783,0.015781342402130867,2.7,5.7,5.7
00-0029701,Ryan Tannehill,QB,2018,MIA,11,274,1979,17,9,0,32,145,0,0,1,1,3,1,0,4,3,1,0,0,0.0022988505747126436,0.0005406866720735334,0.003826756532520439,141.96,142.96,142.96
00-0029738,Darren Fells,TE,2018,CLE,10,0,0,0,0,0,0,0,0,0,12,11,117,3,0,0,0,0,0,0,0.02154398563734291,0.010458715596330275,0.03963707937344555,29.700000000000003,40.7,40.7
00-0029795,Benny Cunningham,RB,2018,CHI,9,0,0,0,0,0,11,20,0,0,2,1,9,0,0,0,0,0,0,0,0.003968253968253968,-0.003109729009329187,0.0037755706458505213,2.9000000000000004,3.9000000000000004,3.9
00-0029848,Nick Williams,WR,2018,LA,4,0,0,0,0,0,0,0,0,0,5,2,17,0,0,0,0,0,0,0,0.011764705882352941,0.01439509954058193,0.027723628501936763,1.7000000000000002,3.7,3.7
00-0029854,C.J. Anderson,RB,2018,LA,9,0,0,0,0,0,67,403,2,0,9,5,41,1,0,0,0,0,0,0,0.016544117647058824,-0.0007209805335255948,0.02431149009712032,62.400000000000006,67.4,67.4
00-0030035,Adam Thielen,WR,2018,MIN,16,0,0,0,0,0,5,30,0,0,153,113,1373,9,1,1,0,0,1,0,0.25844594594594594,0.32825295723384895,0.6174459889826132,194.3,307.3,307.3
00-0030061,Zach Ertz,TE,2018,PHI,16,0,0,0,0,0,0,0,0,0,156,116,1163,8,0,0,0,0,0,0,0.2635135135135135,0.25353376710792014,0.5727439072458143,164.3,280.3,280.3
00-0030068,Marquise Goodwin,WR,2018,SF,11,0,0,0,0,0,4,9,0,0,44,23,395,4,0,0,0,0,0,0,0.0854368932038835,0.16154452324665092,0.24123650607848088,64.4,87.4,87.4
00-0030085,Kenny Stills,WR,2018,MIA,15,1,3,1,0,0,0,0,0,0,64,37,553,6,1,0,0,0,0,0,0.1471264367816092,0.2811570694782374,0.41749960380717993,97.42,134.42000000000002,134.42000000000002
00-0030089,Luke Willson,TE,2018,DET,10,0,0,0,0,0,0,0,0,0,19,13,87,0,0,0,0,0,0,0,0.0338680926916221,0.017848164906988435,0.06329585447232505,8.700000000000001,21.700000000000003,21.700000000000003
00-0030107,Theo Riddick,RB,2018,DET,14,0,0,0,0,0,40,171,0,0,74,61,384,0,0,0,0,0,0,0,0.1319073083778966,0.013323278029160382,0.20718725718725717,55.5,116.5,116.5
00-0030108,Ryan Griffin,TE,2018,HOU,13,0,0,0,0,0,0,0,0,0,43,24,305,0,0,0,0,0,0,0,0.08704453441295547,0.07401429559603412,0.18237680853665708,30.5,54.5,54.5
00-0030147,Russell Shepard,WR,2018,NYG,8,0,0,0,0,0,0,0,0,0,19,10,188,2,0,0,0,0,0,0,0.033101045296167246,0.07614909672993368,0.10295593565520444,30.8,40.8,40.8
00-0030155,Demetrius Harris,TE,2018,KC,15,0,0,0,0,0,0,0,0,0,25,12,164,3,0,0,0,0,0,0,0.044326241134751775,0.036601555091978,0.09211045026651227,34.400000000000006,46.400000000000006,46.400000000000006
00-0030181,Jack Doyle,TE,2018,IND,6,0,0,0,0,0,0,0,0,0,33,26,245,2,0,1,0,0,1,0,0.052050473186119876,0.03686161449752883,0.10387883992744999,34.5,60.5,60.5
00-0030216,Josh Hill,TE,2018,NO,12,0,0,0,0,0,0,0,0,0,24,16,185,1,0,0,0,0,0,0,0.046966731898238745,0.019368532767312284,0.08400807078447671,24.5,40.5,40.5
00-0030279,Keenan Allen,WR,2018,LAC,15,0,0,0,0,0,9,75,0,0,136,97,1196,6,1,1,0,0,1,0,0.26877470355731226,0.2952765849962112,0.6098556648333162,163.10000000000002,260.1,260.1
00-0030288,Rex Burkhead,RB,2018,NE,8,0,0,0,0,0,57,186,0,0,20,14,131,1,0,1,0,0,1,0,0.03597122302158273,0.00957897081755402,0.060662114104661914,35.7,49.7,49.7
00-0030300,Jaron Brown,WR,2018,SEA,12,0,0,0,0,0,0,0,0,0,19,14,166,5,0,0,0,0,0,0,0.0475,0.06365770936603182,0.11581039655622227,46.6,60.6,60.6
00-0030404,Chris Thompson,RB,2018,WAS,10,0,0,0,0,0,43,178,0,0,55,41,268,1,0,0,0,0,0,0,0.11247443762781185,0.01907032181168057,0.18206088170989418,50.6,91.6,91.6
00-0030414,Spencer Ware,RB,2018,KC,12,0,0,0,0,0,51,246,2,0,23,20,224,0,0,0,0,0,0,0,0.040780141843971635,0.0009482268158543523,0.0618339715370555,59.0,79.0,79.0
00-0030422,Dion Sims,TE,2018,CHI,3,0,0,0,0,0,0,0,0,0,4,2,9,0,0,0,0,0,0,0,0.007936507936507936,0.007996446023989337,0.01750227412155444,0.9,2.9,2.9
00-0030431,Robert Woods,WR,2018,LA,16,0,0,0,0,0,19,157,1,0,130,86,1219,6,0,0,0,0,0,0,0.23853211009174313,0.30228291887484715,0.5693962083500077,179.6,265.6,265.6
00-0030432,Christine Michael,RB,2018,IND,1,0,0,0,0,0,2,9,0,0,0,0,0,0,0,0,0,0,0,0,0.0,0.0,0.0,0.9,0.9,0.9
00-0030433,Mike Gillislee,RB,2018,NO,4,0,0,0,0,0,16,43,0,0,1,1,9,0,0,1,0,1,0,0,0.0019569471624266144,0.0,0.0029354207436399216,3.2,4.2,4.2
00-0030443,Levine Toilolo,TE,2018,DET,11,0,0,0,0,0,0,0,0,0,24,21,263,1,0,0,0,0,0,0,0.0427807486631016,0.04524886877828054,0.09584533113944878,32.3,53.3,53.3
00-0030456,Giovani Bernard,RB,2018,CIN,12,0,0,0,0,0,56,211,3,0,48,35,218,0,0,0,0,0,0,0,0.09073724007561437,-0.001605872906629961,0.1349817490787806,60.900000000000006,95.9,95.9
00-0030465,Kenjon Barner,RB,2018,CAR,9,0,0,0,0,0,19,71,0,0,1,1,3,0,0,0,0,0,0,0,0.0017985611510791368,0.0006683002895967921,0.0031656519293364596,7.4,8.4,8.4
00-0030470,Vance McDonald,TE,2018,PIT,15,0,0,0,0,0,0,0,0,0,72,50,610,4,0,1,0,0,1,0,0.10650887573964497,0.0713347099680871,0.20969761058712844,83.0,133.0,133.0
00-0030472,Jordan Reed,TE,2018,WAS,13,0,0,0,0,0,0,0,0,0,84,54,558,2,0,1,0,0,1,0,0.17177914110429449,0.13706793802145412,0.3536162682714596,65.80000000000001,119.80000000000001,119.80000000000001
00-0030506,Travis Kelce,TE,2018,KC,16,0,0,0,0,0,0,0,0,0,150,103,1336,10,0,1,0,0,1,0,0.26595744680851063,0.2607623743599469,0.5814698322647288,191.6,294.6,294.6
00-0030513,Latavius Murray,RB,2018,MIN,16,0,0,0,0,0,140,578,6,0,26,22,141,0,1,0,0,0,0,0,0.04391891891891892,0.0065969062784349405,0.07049621277328284,109.9,131.9,131.9
00-0030516,Brice Butler,WR,2018,MIA,6,0,0,0,0,0,0,0,0,0,10,6,60,1,0,0,0,0,0,0,0.019342359767891684,0.03463855421686747,0.053260527603644754,12.0,18.0,18.0
00-0030520,Mike Glennon,QB,2018,ARI,2,21,174,1,0,0,0,0,0,0,0,0,0,0,0,0,0,0,0,0,0.0,0.0,0.0,10.96,10.96,10.96
00-0030521,Justin Hunter,WR,2018,PIT,4,0,0,0,0,0,0,0,0,0,13,3,21,0,0,0,0,0,0,0,0.019230769230769232,0.04993429697766097,0.06380016173051653,2.1,5.1,5.1
00-0030525,Tavon Austin,WR,2018,DAL,7,0,0,0,0,0,6,55,0,0,13,8,140,2,0,0,0,0,0,0,0.025145067698259187,0.05220883534136546,0.07426378628634459,31.5,39.5,39.5
00-0030533,Matt Barkley,QB,2018,BUF,1,25,232,2,0,0,3,-2,0,0,0,0,0,0,0,0,0,0,0,0,0.0,0.0,0.0,17.080000000000002,17.080000000000002,17.080000000000002
00-0030542,Terrance Williams,WR,2018,DAL,2,0,0,0,0,0,0,0,0,0,3,2,18,0,0,0,0,0,0,0,0.005802707930367505,0.00677710843373494,0.013448037799165716,1.8,3.8,3.8
00-0030549,Tyler Eifert,TE,2018,CIN,4,0,0,0,0,0,0,0,0,0,19,15,179,1,0,0,0,0,0,0,0.035916824196597356,0.040146822665749024,0.08197801216092035,23.900000000000002,38.900000000000006,38.900000000000006
00-0030564,DeAndre Hopkins,WR,2018,HOU,16,1,0,0,0,0,1,-7,0,0,163,115,1572,11,0,2,0,0,2,0,0.3299595141700405,0.43094304818999307,0.7965994049880558,218.5,333.5,333.5
00-0030565,Geno Smith,QB,2018,LAC,4,4,8,0,0,0,8,2,0,0,0,0,0,0,0,1,1,0,0,0,0.0,0.0,0.0,-1.48,-1.48,-1.48
00-0030578,Cordarrelle Patterson,RB,2018,NE,15,0,0,0,0,0,42,228,1,0,28,21,247,3,0,1,0,0,0,1,0.050359712230215826,0.03876141679661395,0.1026725601029535,77.5,98.5,98.5
00-0030656,Isaiah Crowell,RB,2018,NYJ,13,0,0,0,0,0,143,685,6,0,28,21,152,0,0,0,0,0,0,0,0.055445544554455446,-0.0019409100711667026,0.08180967978186648,119.7,140.7,140.7
00-0030663,Willie Snead,WR,2018,BAL,15,0,0,0,0,0,1,13,0,0,95,62,651,1,0,0,0,0,0,0,0.17625231910946196,0.16031646887362067,0.3766000068757274,72.4,134.4,134.4
00-0030668,Charcandrick West,RB,2018,KC,2,0,0,0,0,0,2,-1,0,0,3,2,37,1,0,0,0,0,0,0,0.005319148936170213,0.0030343258107339275,0.010102751471769068,9.6,11.6,11.6
00-0030669,Albert Wilson,WR,2018,MIA,7,1,52,1,0,0,8,16,0,0,35,26,391,4,0,0,0,0,0,0,0.08045977011494253,0.0665044606650446,0.167242777637945,70.78,96.78,96.78
00-0030670,Bennie Fowler,WR,2018,NYG,10,0,0,0,0,0,0,0,0,0,27,16,199,1,0,0,0,0,0,0,0.047038327526132406,0.05968442716670478,0.11233659030589195,25.900000000000002,41.900000000000006,41.900000000000006
00-0030710,Trey Burton,TE,2018,CHI,16,0,0,0,0,0,1,2,0,0,76,54,569,6,1,1,0,0,1,0,0.15079365079365079,0.13838294091514883,0.3230585348310803,93.1,147.1,147.10000000000002
00-0030711,David Fluellen,RB,2018,TEN,5,0,0,0,0,0,4,16,0,0,0,0,0,0,0,0,0,0,0,0,0.0,0.0,0.0,1.6,1.6,1.6
00-0030737,Freddie Martino,WR,2018,TB,1,0,0,0,0,0,0,0,0,0,1,0,0,0,0,0,0,0,0,0,0.0016155088852988692,0.00045167118337850043,0.0027394331563132543,0.0,0.0,0.0
00-0030780,Ryan Hewitt,TE,2018,IND,4,0,0,0,0,0,0,0,0,0,2,1,1,1,0,0,0,0,0,0,0.0031545741324921135,0.0012355848434925864,0.005596770589182981,6.1,7.1,7.1
00-0030821,Allen Hurns,WR,2018,DAL,14,0,0,0,0,0,0,0,0,0,35,20,295,2,0,0,0,0,0,0,0.06769825918762089,0.10015060240963855,0.17165281046817832,41.5,61.5,61.5
00-0030854,Erik Swoope,TE,2018,IND,7,0,0,0,0,0,0,0,0,0,10,8,87,3,0,0,0,0,0,0,0.015772870662460567,0.019357495881383854,0.03720955311065954,26.700000000000003,34.7,34.7
00-0030874,Damien Williams,RB,2018,KC,13,0,0,0,0,0,50,256,4,0,24,23,160,2,0,1,0,1,0,0,0.0425531914893617,-0.009482268158543524,0.05719219952306208,75.6,98.6,98.6
00-0031023,Quincy Enunwa,WR,2018,NYJ,11,0,0,0,0,0,1,0,0,0,68,38,449,1,0,1,0,0,1,0,0.13465346534653466,0.10502480051757603,0.2754975583821052,48.900000000000006,86.9,86.9
00-0031035,Xavier Grimble,TE,2018,PIT,8,0,0,0,0,0,0,0,0,0,8,6,86,0,0,1,0,0,1,0,0.011834319526627219,0.010512483574244415,0.02511021779191192,6.6,12.6,12.6
00-0031045,Carlos Hyde,RB,2018,JAX,14,0,0,0,0,0,172,571,5,0,16,10,33,0,0,1,0,1,0,0,0.02872531418312388,-0.0023853211009174312,0.04141824650404362,88.4,98.4,98.39999999999999
00-0031051,John Brown,WR,2018,BAL,16,0,0,0,0,0,3,4,0,0,97,42,715,5,0,0,0,0,0,0,0.17996289424860853,0.32958567561940455,0.500654314306496,101.9,143.9,143.9
00-0031060,De'Anthony Thomas,WR,2018,KC,5,0,0,0,0,0,1,6,0,0,5,3,29,1,0,0,0,0,0,0,0.008865248226950355,0.012895884695619192,0.022324991627358966,9.5,12.5,12.5
00-0031062,James White,RB,2018,NE,16,0,0,0,0,0,94,425,5,0,123,87,751,7,0,0,0,0,0,0,0.22122302158273383,0.06705279572287814,0.37877148938011546,189.60000000000002,276.6,276.6
00-0031068,Ryan Grant,WR,2018,IND,14,0,0,0,0,0,0,0,0,0,52,35,334,1,0,0,0,0,0,0,0.08201892744479496,0.0978171334431631,0.1915003845774066,39.4,74.4,74.4
00-0031075,Alfred Blue,RB,2018,HOU,16,0,0,0,0,0,150,499,2,0,27,20,154,0,0,0,0,0,0,0,0.05465587044534413,0.01683191145953424,0.09376614368969016,77.3,97.3,97.30000000000001
00-0031102,Kapri Bibbs,RB,2018,GB,10,0,0,0,0,0,21,103,3,0,23,16,115,1,0,0,0,0,0,0,0.04703476482617587,0.009058402860548272,0.0768930292416476,45.8,61.8,61.8
00-0031166,Seth Roberts,WR,2018,LV,15,0,0,0,0,0,3,5,0,0,64,45,494,2,0,0,0,0,0,0,0.12075471698113208,0.1511228533685601,0.2869180728296902,61.900000000000006,106.9,106.9
00-0031167,Scott Simonson,TE,2018,NYG,10,0,0,0,0,0,0,0,0,0,14,9,86,1,0,0,0,0,0,0,0.024390243902439025,0.015092613766293162,0.04715019549006375,14.6,23.6,23.6
00-0031189,T.J. Jones,WR,2018,DET,12,0,0,0,0,0,0,0,0,0,27,19,190,2,0,0,0,0,0,0,0.0481283422459893,0.06737053795877325,0.11935188994012522,31.0,50.0,50.0
00-0031209,Senorise Perry,RB,2018,MIA,11,0,0,0,0,0,0,0,0,0,0,0,0,0,0,0,0,0,0,0,0.0,0.0,0.0,0.0,0.0,0.0
00-0031228,Taylor Gabriel,WR,2018,CHI,16,0,0,0,0,0,9,61,0,0,93,67,688,2,0,1,0,0,1,0,0.18452380952380953,0.23078631719235895,0.43833613632036555,84.9,151.9,151.89999999999998
00-0031235,Odell Beckham Jr.,WR,2018,NYG,12,2,106,2,0,0,5,19,0,0,124,77,1052,6,0,1,0,0,0,0,0.21602787456445993,0.3228904642122113,0.5500651367952378,155.34,232.34,232.34
00-0031236,Brandin Cooks,WR,2018,LA,15,0,0,0,0,0,10,68,1,0,117,80,1204,5,0,0,0,0,0,0,0.21467889908256882,0.3053403995108031,0.5357566282814155,163.2,243.2,243.20000000000002
00-0031237,Teddy Bridgewater,QB,2018,NO,4,23,118,1,1,0,11,5,0,0,0,0,0,0,0,0,0,0,0,0,0.0,0.0,0.0,7.219999999999999,7.219999999999999,7.219999999999999
00-0031257,Paul Richardson,WR,2018,WAS,7,0,0,0,0,0,2,9,0,0,35,20,262,2,0,0,0,0,0,0,0.07157464212678936,0.10297973778307509,0.17944777963833658,39.1,59.1,59.1
00-0031260,Logan Thomas,TE,2018,BUF,9,1,15,0,0,0,0,0,0,0,17,12,77,0,0,0,0,0,0,0,0.03549060542797495,0.02731134938296581,0.0723538527100385,8.3,20.3,20.3
00-0031273,Cameron Brate,TE,2018,TB,15,0,0,0,0,0,0,0,0,0,49,30,289,6,0,1,0,0,1,0,0.0791599353796446,0.06097560975609756,0.1614228298987352,62.900000000000006,92.9,92.9
00-0031280,Derek Carr,QB,2018,LV,16,553,4049,19,10,1,24,47,1,0,1,1,-9,0,0,7,7,0,0,0,0.0018867924528301887,-0.0018494055482166448,0.001535604795493632,215.76000000000002,216.76000000000002,216.76
00-0031285,Devonta Freeman,RB,2018,ATL,2,0,0,0,0,0,14,68,0,0,7,5,23,0,0,0,0,0,0,0,0.011589403973509934,0.00018975332068311195,0.017516933284743078,9.1,14.1,14.100000000000001
00-0031288,AJ McCarron,QB,2018,LV,2,3,8,0,0,0,3,-2,0,0,0,0,0,0,0,0,0,0,0,0,0.0,0.0,0.0,0.12,0.12,0.12
00-0031299,Jordan Matthews,TE,2018,PHI,11,0,0,0,0,0,0,0,0,0,28,20,300,2,0,0,0,0,0,0,0.0472972972972973,0.06394435719093561,0.11570699597960087,42.0,62.0,62.0
00-0031301,Jeremy Hill,RB,2018,NE,1,0,0,0,0,0,4,25,0,0,1,1,6,0,0,0,0,0,0,0,0.0017985611510791368,0.00022276676319893073,0.002853778460857957,3.1,4.1,4.1
00-0031325,Sammy Watkins,WR,2018,KC,10,0,0,0,0,0,5,52,0,0,55,40,519,3,0,0,0,0,0,0,0.0975177304964539,0.08723686705860041,0.20734240268570114,75.1,115.1,115.10000000000001
00-0031326,Bruce Ellington,WR,2018,DET,7,1,0,0,0,0,1,2,0,0,42,31,224,1,0,0,0,0,0,0,0.08502024291497975,0.047037122434862806,0.1604563500768736,28.6,59.6,59.6
00-0031339,Donte Moncrief,WR,2018,JAX,16,0,0,0,0,0,0,0,0,0,89,48,668,3,0,1,0,0,0,0,0.16984732824427481,0.308710616891713,0.47086842419061126,84.8,132.8,132.8
00-0031344,Cody Latimer,WR,2018,NYG,6,0,0,0,0,0,0,0,0,0,16,11,190,1,0,0,0,0,0,0,0.027874564459930314,0.07271895723759433,0.0927151167562115,25.0,36.0,36.0
00-0031345,Jimmy Garoppolo,QB,2018,SF,3,89,718,5,3,1,8,33,0,0,0,0,0,0,0,0,0,0,0,0,0.0,0.0,0.0,48.019999999999996,48.019999999999996,48.019999999999996
00-0031359,Kelvin Benjamin,WR,2018,KC,15,0,0,0,0,0,0,0,0,0,67,25,380,1,0,0,0,0,0,0,0.13987473903966596,0.21141007485332794,0.3577991609568285,44.0,69.0,69.0
00-0031373,Martavis Bryant,WR,2018,LV,7,0,0,0,0,0,3,23,0,0,27,19,266,0,0,1,0,0,1,0,0.0509433962264151,0.0845442536327609,0.1355960718825553,26.900000000000002,45.900000000000006,45.900000000000006
00-0031381,Davante Adams,WR,2018,GB,15,0,0,0,0,0,0,0,0,0,169,111,1386,13,1,0,0,0,0,0,0.27479674796747966,0.3363331568731251,0.647628331762407,218.6,329.6,329.6
00-0031382,Jarvis Landry,WR,2018,CLE,16,2,63,0,0,1,3,60,1,0,149,81,976,4,0,1,0,0,1,0,0.26750448833034113,0.3018348623853211,0.6125411361652364,136.12,217.12,217.12
00-0031384,Richard Rodgers,TE,2018,PHI,2,0,0,0,0,0,0,0,0,0,1,1,7,0,0,0,0,0,0,0,0.0016891891891891893,-0.0004487323311644604,0.0022196711519686615,0.7000000000000001,1.7000000000000002,1.7000000000000002
00-0031387,Eric Ebron,TE,2018,IND,16,1,0,0,0,0,3,-8,1,0,110,66,750,13,0,1,0,1,0,0,0.17350157728706625,0.21375617792421747,0.4098816904775516,156.2,222.2,222.2
00-0031395,Garrett Gilbert,QB,2018,CAR,1,3,40,0,0,0,0,0,0,0,0,0,0,0,0,0,0,0,0,0,0.0,0.0,0.0,1.6,1.6,1.6
00-0031407,Blake Bortles,QB,2018,JAX,13,403,2718,13,11,0,58,365,1,0,0,0,0,0,0,4,2,2,0,0,0.0,0.0,0.0,173.22,173.22,173.22
00-0031408,Mike Evans,WR,2018,TB,16,0,0,0,0,0,0,0,0,0,138,86,1524,8,0,1,0,0,1,0,0.22294022617124395,0.32324601023788013,0.560682546423382,198.4,284.4,284.4
00-0031418,Austin Seferian-Jenkins,TE,2018,JAX,5,0,0,0,0,0,0,0,0,0,19,11,90,1,0,0,0,0,0,0,0.03625954198473282,0.026740799576383374,0.07310787268056759,15.0,26.0,26.0
00-0031428,Allen Robinson,WR,2018,CHI,13,0,0,0,0,0,1,9,0,0,94,55,754,4,0,1,0,0,1,0,0.1865079365079365,0.2534429142603287,0.45717194474413486,98.3,153.3,153.3
00-0031462,Jerome Cunningham,TE,2018,DET,1,0,0,0,0,0,0,0,0,0,1,0,0,0,0,0,0,0,0,0,0.0017825311942959,0.0007541478129713424,0.0032017002605237896,0.0,0.0,0.0
00-0031484,Chris Manhertz,TE,2018,CAR,7,0,0,0,0,0,0,0,0,0,5,2,52,1,0,0,0,0,0,0,0.009191176470588236,0.007930785868781542,0.019338314814029433,11.2,13.2,13.2
00-0031503,Jameis Winston,QB,2018,TB,11,378,2992,19,14,0,49,281,1,0,0,0,0,0,0,3,2,1,0,0,0.0,0.0,0.0,195.78,195.78,195.78
00-0031544,Amari Cooper,WR,2018,DAL,15,0,0,0,0,0,2,20,0,0,107,75,1005,7,0,2,0,0,2,0,0.2018867924528302,0.27688243064729195,0.49664789013234967,140.5,215.5,215.5
00-0031545,Kevin White,WR,2018,CHI,3,0,0,0,0,0,0,0,0,0,8,4,92,0,0,0,0,0,0,0,0.015873015873015872,0.04109284762327854,0.05257451714581879,9.200000000000001,13.200000000000001,13.200000000000001
00-0031547,DeVante Parker,WR,2018,MIA,11,0,0,0,0,0,0,0,0,0,47,24,309,1,0,0,0,0,0,0,0.10804597701149425,0.16436874831035414,0.27712708933448926,36.900000000000006,60.900000000000006,60.900000000000006
00-0031549,Nelson Agholor,WR,2018,PHI,16,1,15,0,0,0,3,32,0,0,97,64,736,4,0,0,0,0,0,0,0.16385135135135134,0.22571236257572358,0.4037756808300335,101.4,165.4,165.4
00-0031558,Maxx Williams,TE,2018,BAL,10,0,0,0,0,0,3,8,0,0,17,16,143,1,0,0,0,0,0,0,0.03153988868274583,0.009577347491151364,0.0540139762679247,21.1,37.1,37.1
00-0031569,Jeremy Langford,RB,2018,ATL,1,0,0,0,0,0,9,25,0,0,0,0,0,0,0,0,0,0,0,0,0.0,0.0,0.0,2.5,2.5,2.5
00-0031570,Justin Hardy,WR,2018,ATL,16,0,0,0,0,0,0,0,0,0,22,14,133,2,0,0,0,0,0,0,0.03642384105960265,0.025047438330170778,0.07216896842052352,25.3,39.3,39.3
00-0031577,Javorius Allen,RB,2018,BAL,13,0,0,0,0,0,41,110,3,0,43,35,196,2,0,1,0,0,1,0,0.07977736549165121,0.012283989173433272,0.1282648406588801,58.6,93.6,93.6
00-0031585,MyCole Pruitt,TE,2018,TEN,7,0,0,0,0,0,0,0,0,0,11,9,102,1,0,0,0,0,0,0,0.02588235294117647,0.03246554364471669,0.06154940996306639,16.200000000000003,25.200000000000003,25.200000000000003
00-0031588,Stefon Diggs,WR,2018,MIN,15,0,0,0,0,0,10,62,0,0,149,102,1021,9,1,0,0,0,0,0,0.2516891891891892,0.29253867151956325,0.582310853847478,164.3,266.3,266.3
00-0031590,Jay Ajayi,RB,2018,PHI,4,0,0,0,0,0,45,184,3,1,6,5,20,0,0,1,0,1,0,0,0.010135135135135136,0.0,0.015202702702702704,38.400000000000006,43.400000000000006,43.400000000000006
00-0031598,Nick Boyle,TE,2018,BAL,12,0,0,0,0,0,0,0,0,0,37,23,213,0,0,0,0,0,0,0,0.0686456400742115,0.024984384759525295,0.12045752944298496,21.3,44.3,44.3
00-0031599,Cameron Artis-Payne,RB,2018,CAR,4,0,0,0,0,0,19,69,1,0,4,3,15,0,0,0,0,0,0,0,0.007352941176470588,-0.001201634222542658,0.01018826780892602,14.4,17.4,17.4
00-0031609,A.J. Derby,TE,2018,MIA,3,0,0,0,0,0,0,0,0,0,5,3,48,1,0,0,0,0,0,0,0.011494252873563218,0.011895106785617735,0.025567954060277242,10.8,13.8,13.8
00-0031610,Darren Waller,TE,2018,LV,4,0,0,0,0,0,1,21,0,0,6,6,75,0,0,0,0,0,0,0,0.011320754716981131,0.005019815059445178,0.020495002617083324,9.600000000000001,15.600000000000001,15.6
00-0031665,Zach Zenner,RB,2018,DET,7,0,0,0,0,0,55,265,3,0,10,7,56,0,0,0,0,0,0,0,0.017825311942959002,0.0,0.026737967914438505,50.1,57.1,57.1
00-0031687,Raheem Mostert,RB,2018,SF,8,0,0,0,0,0,34,261,1,0,7,6,25,0,0,1,0,1,0,0,0.013592233009708738,-0.0010506960861570791,0.019652862254253153,32.6,38.6,38.6
00-0031690,Eric Tomlinson,TE,2018,NYJ,12,0,0,0,0,0,0,0,0,0,14,8,72,0,0,0,0,0,0,0,0.027722772277227723,0.009704550355833513,0.04837734366492505,7.2,15.2,15.2
00-0031731,Corey Grant,RB,2018,JAX,5,0,0,0,0,0,13,40,0,0,12,9,67,0,0,0,0,0,0,0,0.022900763358778626,0.0,0.03435114503816794,10.700000000000001,19.700000000000003,19.7
00-0031744,Matt LaCosse,TE,2018,DEN,13,0,0,0,0,0,0,0,0,0,37,24,250,1,0,0,0,0,0,0,0.06560283687943262,0.045950864422202004,0.13056986041469032,31.0,55.0,55.0
00-0031763,DeAndre Carter,WR,2018,HOU,13,0,0,0,0,0,1,7,0,0,25,22,216,0,0,1,0,0,0,0,0.04222972972972973,0.019295490240071798,0.07685143776264486,22.3,44.3,44.3
00-0031782,Eli Rogers,WR,2018,PIT,3,0,0,0,0,0,1,-4,0,0,14,12,79,0,1,0,0,0,0,0,0.020710059171597635,0.011638821100056316,0.03921226352743587,9.5,21.5,21.5
00-0031787,Jake Kumerow,WR,2018,GB,5,0,0,0,0,0,0,0,0,0,11,8,103,1,0,0,0,0,0,0,0.01788617886178862,0.019587083112758072,0.04054022647161358,16.3,24.3,24.3
00-0031788,Matt Lengel,TE,2018,CIN,7,0,0,0,0,0,0,0,0,0,8,3,17,1,0,0,0,0,0,0,0.015122873345935728,0.009176416609314062,0.029107801645423436,7.7,10.7,10.7
00-0031800,Taylor Heinicke,QB,2018,CAR,5,57,320,1,3,0,5,31,0,0,0,0,0,0,0,0,0,0,0,0,0.0,0.0,0.0,13.9,13.9,13.9
00-0031806,Malcolm Brown,RB,2018,LA,11,0,0,0,0,0,43,212,0,0,7,5,52,1,1,0,0,0,0,0,0.012844036697247707,0.0036689767631471666,0.021834338780074576,34.400000000000006,39.400000000000006,39.400000000000006
00-0031868,Damiere Byrd,WR,2018,CAR,7,0,0,0,0,0,0,0,0,0,2,1,8,0,0,0,0,0,0,0,0.003676470588235294,0.00600817111271329,0.009720425661252243,0.8,1.8,1.8
00-0031884,Gabe Holmes,TE,2018,ARI,1,0,0,0,0,0,0,0,0,0,0,0,0,0,0,0,0,0,0,0,0.0,0.0,0.0,0.0,0.0,0.0
00-0031900,Rod Smith,RB,2018,DAL,14,0,0,0,0,0,44,127,1,0,12,9,60,0,0,0,0,0,0,0,0.02321083172147002,-0.0012550200803212851,0.03393773352598013,24.7,33.7,33.7
00-0031912,Cameron Meredith,WR,2018,NO,3,0,0,0,0,0,0,0,0,0,10,9,114,1,0,1,0,0,1,0,0.019569471624266144,0.024409657734146988,0.046440967850302106,15.399999999999999,24.4,24.4
00-0031922,Khari Lee,TE,2018,BUF,1,0,0,0,0,0,0,0,0,0,1,1,5,0,0,0,0,0,0,0,0.0020876826722338203,-0.00020230629172567267,0.0029899096041427595,0.5,1.5,1.5
00-0031941,Jamison Crowder,WR,2018,WAS,9,0,0,0,0,0,4,30,0,0,49,29,388,2,0,0,0,0,0,0,0.10020449897750511,0.1098927294398093,0.22723165907412418,53.800000000000004,82.80000000000001,82.80000000000001
00-0031951,James O'Shaughnessy,TE,2018,JAX,14,0,0,0,0,0,0,0,0,0,38,24,214,0,0,0,0,0,0,0,0.07251908396946564,0.06036536934074663,0.1510343844927211,21.400000000000002,45.400000000000006,45.400000000000006
00-0031953,Geremy Davis,WR,2018,LAC,5,0,0,0,0,0,0,0,0,0,1,0,0,0,0,0,0,0,0,0,0.001976284584980237,0.0,0.0029644268774703555,0.0,0.0,0.0
00-0031959,Marcus Murphy,RB,2018,BUF,11,0,0,0,0,0,52,250,0,0,19,11,26,0,0,0,0,0,0,0,0.03966597077244259,0.005259963584867489,0.06318093066807112,27.6,38.6,38.6
00-0031972,Darius Jennings,WR,2018,TEN,14,1,21,0,0,0,1,2,0,0,15,11,101,0,0,0,0,0,0,1,0.03529411764705882,0.046860643185298624,0.08574362670029727,17.14,28.14,28.14
00-0032009,Adam Humphries,WR,2018,TB,16,0,0,0,0,0,2,11,0,0,105,76,816,5,0,0,0,0,0,0,0.16962843295638125,0.09951821740439627,0.3241054016176492,112.7,188.7,188.7
00-0032054,Breshad Perriman,WR,2018,CLE,10,0,0,0,0,0,4,2,0,0,25,16,340,2,0,0,0,0,0,0,0.04488330341113106,0.08422018348623853,0.12627908355706355,46.2,62.2,62.2
00-0032055,Devin Funchess,WR,2018,CAR,14,0,0,0,0,0,0,0,0,0,79,44,549,4,0,0,0,0,0,0,0.14522058823529413,0.2434510934871425,0.3882466477939409,78.9,122.9,122.9
00-0032058,Tevin Coleman,RB,2018,ATL,16,0,0,0,0,0,167,800,4,0,44,32,276,5,0,0,0,0,0,0,0.0728476821192053,0.003984819734345351,0.1120608969928497,161.60000000000002,193.60000000000002,193.6
00-0032062,Blake Bell,TE,2018,JAX,8,0,0,0,0,0,0,0,0,0,11,8,67,0,0,0,0,0,0,0,0.02099236641221374,0.015356102727032035,0.042237821527243036,6.7,14.7,14.7
00-0032063,Mike Davis,RB,2018,SEA,15,0,0,0,0,0,112,514,4,0,42,34,214,1,0,0,0,0,0,0,0.105,0.0013044612575006521,0.15841312288025045,102.8,136.8,136.8
00-0032089,Brian Parker,TE,2018,DEN,8,0,0,0,0,0,0,0,0,0,10,5,33,0,0,0,0,0,0,0,0.01773049645390071,0.009781619654231119,0.03344287843881285,3.3000000000000003,8.3,8.3
00-0032098,Daniel Brown,TE,2018,CHI,1,0,0,0,0,0,0,0,0,0,0,0,0,0,0,0,0,0,0,0,0.0,0.0,0.0,0.0,0.0,0.0
00-0032104,Ameer Abdullah,RB,2018,MIN,9,0,0,0,0,0,1,1,0,0,4,3,28,0,0,1,0,0,0,0,0.0071301247771836,0.004273504273504274,0.013686640157228392,2.9000000000000004,5.9,5.9
00-0032112,J.J. Nelson,WR,2018,ARI,9,0,0,0,0,0,4,0,0,0,19,7,64,0,0,0,0,0,0,0,0.040169133192389,0.08997235486303092,0.12323434819270515,6.4,13.4,13.4
00-0032115,Kaelin Clay,WR,2018,NYG,2,0,0,0,0,0,0,0,0,0,0,0,0,0,0,1,0,0,0,0,0.0,0.0,0.0,0.0,0.0,0.0
00-0032117,Nick O'Leary,TE,2018,MIA,6,0,0,0,0,0,0,0,0,0,10,8,86,1,0,0,0,0,0,0,0.022988505747126436,0.010543390105433901,0.041863131694493384,14.6,22.6,22.6
00-0032120,Neal Sterling,TE,2018,NYJ,4,0,0,0,0,0,0,0,0,0,8,6,47,0,0,0,0,0,0,0,0.015841584158415842,0.00668535691179642,0.028442126075881258,4.7,10.7,10.7
00-0032128,Chris Conley,WR,2018,KC,16,0,0,0,0,0,0,0,0,0,52,32,334,5,0,2,0,0,2,0,0.09219858156028368,0.08249573297932866,0.19604488542595558,59.4,91.4,91.4
00-0032134,C.J. Uzomah,TE,2018,CIN,16,0,0,0,0,0,0,0,0,0,64,43,439,3,0,0,0,0,0,0,0.12098298676748583,0.10828171598990594,0.2572716813441629,61.900000000000006,104.9,104.9
00-0032135,Jesse James,TE,2018,PIT,15,0,0,0,0,0,0,0,0,0,39,30,423,2,0,0,0,0,0,0,0.057692307692307696,0.056316876290595085,0.1259602749418781,54.300000000000004,84.30000000000001,84.30000000000001
00-0032141,Geoff Swaim,TE,2018,DAL,9,0,0,0,0,0,0,0,0,0,32,26,242,1,0,0,0,0,0,0,0.061895551257253385,0.034889558232931724,0.11726601764893228,30.200000000000003,56.2,56.2
00-0032144,Melvin Gordon,RB,2018,LAC,12,0,0,0,0,0,175,885,10,1,66,50,490,4,1,0,0,0,0,0,0.13043478260869565,-0.0055569588279868656,0.19176230273345266,225.5,275.5,275.5
00-0032160,Tyrell Williams,WR,2018,LAC,15,0,0,0,0,0,2,15,0,0,65,41,653,5,0,0,0,0,0,0,0.12845849802371542,0.20358676433442788,0.3351984820696726,96.8,137.8,137.8
00-0032166,Sammie Coates,WR,2018,HOU,4,0,0,0,0,0,0,0,0,0,2,1,12,0,0,0,0,0,0,0,0.004048582995951417,0.0020751671662439476,0.007525491510297889,1.2000000000000002,2.2,2.2
00-0032170,Rashad Greene,WR,2018,JAX,7,0,0,0,0,0,0,0,0,0,8,6,60,0,0,1,0,0,1,0,0.015267175572519083,0.015885623510722795,0.03402069981628458,4.0,10.0,10.0
00-0032187,David Johnson,RB,2018,ARI,16,0,0,0,0,0,258,940,7,1,76,50,446,3,0,2,0,2,0,0,0.160676532769556,0.015833123900477506,0.25209798588466825,196.6,246.6,246.6
00-0032200,Ty Montgomery,WR,2018,BAL,13,0,0,0,0,0,41,188,1,0,40,25,235,0,0,1,0,0,0,0,0.06504065040650407,0.011999294159167107,0.10596048152117307,48.300000000000004,73.30000000000001,73.3
00-0032208,Phillip Dorsett,WR,2018,NE,11,0,0,0,0,0,4,29,0,0,42,32,290,3,0,0,0,0,0,0,0.07553956834532374,0.09846290933392737,0.18223338905173475,49.900000000000006,81.9,81.9
00-0032209,T.J. Yeldon,RB,2018,JAX,14,0,0,0,0,0,104,414,1,0,78,55,487,4,0,1,0,1,0,0,0.14885496183206107,0.015091342335186657,0.23384638238272226,118.10000000000001,173.10000000000002,173.10000000000002
00-0032211,Tyler Lockett,WR,2018,SEA,16,0,0,0,0,0,13,69,0,0,70,57,965,10,1,0,0,0,0,0,0.175,0.24863031567962432,0.436541220975737,165.4,222.4,222.4
00-0032214,Tyler Kroft,TE,2018,CIN,5,0,0,0,0,0,0,0,0,0,6,4,36,0,0,0,0,0,0,0,0.011342155009451797,0.009864647855012617,0.023918486012686528,3.6,7.6,7.6
00-0032227,Jeff Heuerman,TE,2018,DEN,11,0,0,0,0,0,0,0,0,0,48,31,281,2,0,0,0,0,0,0,0.0851063829787234,0.054140127388535034,0.1655576636400596,40.1,71.1,71.1
00-0032241,Todd Gurley,RB,2018,LA,14,0,0,0,0,0,256,1251,17,2,81,59,580,4,1,1,0,0,1,0,0.14862385321100918,0.010191602119853241,0.23006990130041105,313.1,372.1,372.1
00-0032245,Sean Mannion,QB,2018,LA,3,3,23,0,0,0,7,-9,0,0,0,0,0,0,0,0,0,0,0,0,0.0,0.0,0.0,0.020000000000000018,0.020000000000000018,0.020000000000000018
00-0032257,Duke Johnson,RB,2018,CLE,16,0,0,0,0,0,40,201,0,2,62,47,429,3,0,0,0,0,0,0,0.11131059245960502,0.028073394495412844,0.18661726483619653,85.0,132.0,132.0
00-0032268,Marcus Mariota,QB,2018,TEN,14,331,2528,11,8,0,64,357,2,0,1,1,21,0,0,2,1,1,0,0,0.002352941176470588,0.0030627871362940277,0.005673362760111701,174.92000000000002,175.92000000000002,175.92
00-0032355,Chester Rogers,WR,2018,IND,16,0,0,0,0,0,1,-4,0,0,72,53,485,2,2,0,0,0,0,0,0.11356466876971609,0.09411037891268534,0.23622426839345384,64.1,117.1,117.1
00-0032362,Maurice Harris,WR,2018,WAS,11,0,0,0,0,0,2,10,0,0,47,28,304,0,0,0,0,0,0,0,0.09611451942740286,0.11060786650774732,0.22159728569652742,31.400000000000002,59.400000000000006,59.400000000000006
00-0032371,Rob Kelley,RB,2018,WAS,2,0,0,0,0,0,4,8,0,0,0,0,0,0,0,0,0,0,0,0,0.0,0.0,0.0,0.8,0.8,0.8
00-0032385,Sterling Shepard,WR,2018,NYG,16,0,0,0,0,0,3,33,0,0,107,66,872,4,1,0,0,0,0,0,0.18641114982578397,0.24742739538074549,0.4528159015051978,116.5,182.5,182.5
00-0032392,Austin Hooper,TE,2018,ATL,16,0,0,0,0,0,0,0,0,0,88,71,660,4,1,0,0,0,0,0,0.1456953642384106,0.11347248576850096,0.2979737863955666,92.0,163.0,163.0
00-0032393,C.J. Prosise,RB,2018,SEA,2,0,0,0,0,0,1,-3,0,0,3,3,22,0,0,0,0,0,0,0,0.0075,0.0013044612575006521,0.012163122880250456,1.9000000000000001,4.9,4.9
00-0032394,Nick Vannett,TE,2018,SEA,15,0,0,0,0,0,0,0,0,0,43,29,269,3,0,0,0,0,0,0,0.1075,0.06965823115053484,0.2100107618053744,44.900000000000006,73.9,73.9
00-0032398,Chris Moore,WR,2018,BAL,15,0,0,0,0,0,5,17,0,0,25,19,196,1,0,0,0,0,0,0,0.04638218923933209,0.059962523422860715,0.11154705025500064,27.3,46.3,46.3
00-0032404,Tyler Ervin,RB,2018,HOU,9,0,0,0,0,0,0,0,0,0,3,3,35,0,0,0,0,0,0,0,0.006072874493927126,0.005303204980401199,0.012821555227171526,3.5,6.5,6.5
00-0032411,Kenneth Dixon,RB,2018,BAL,6,0,0,0,0,0,60,333,2,0,7,6,51,0,0,1,0,1,0,0,0.012987012987012988,-0.0012492192379762648,0.018606066013936096,48.400000000000006,54.400000000000006,54.400000000000006
00-0032423,Trevor Davis,WR,2018,GB,2,0,0,0,0,0,0,0,0,0,0,0,0,0,0,0,0,0,0,0,0.0,0.0,0.0,0.0,0.0,0.0
00-0032426,Alex Collins,RB,2018,BAL,10,0,0,0,0,0,114,411,7,0,21,15,105,1,0,3,0,3,0,0,0.03896103896103896,0.005621486570893191,0.06237659904118367,93.6,108.6,108.6
00-0032430,David Morgan,TE,2018,MIN,6,0,0,0,0,0,0,0,0,0,6,5,36,0,0,0,0,0,0,0,0.010135135135135136,0.00272975432211101,0.01711353072818041,3.6,8.6,8.6
00-0032436,Jeff Driskel,QB,2018,CIN,8,176,1003,6,2,1,25,130,2,0,0,0,0,0,0,1,1,0,0,0,0.0,0.0,0.0,85.12,85.12,85.12
00-0032450,Dwayne Washington,RB,2018,NO,7,0,0,0,0,0,27,154,0,0,0,0,0,0,0,0,0,0,0,0,0.0,0.0,0.0,15.4,15.4,15.4
00-0032475,Tanner McEvoy,WR,2018,MIA,1,0,0,0,0,0,0,0,0,0,0,0,0,0,0,0,0,0,0,0,0.0,0.0,0.0,0.0,0.0,0.0
00-0032508,Hakeem Valles,TE,2018,DET,2,0,0,0,0,0,0,0,0,0,3,2,11,0,0,0,0,0,0,0,0.0053475935828877,0.00628456510809452,0.012420585949997714,1.1,3.1,3.1
00-0032540,Tra Carson,RB,2018,GB,2,0,0,0,0,0,0,0,0,0,0,0,0,0,0,0,0,0,0,0,0.0,0.0,0.0,0.0,0.0,0.0
00-0032543,Alex Erickson,WR,2018,CIN,16,0,0,0,0,0,3,22,0,0,29,20,167,0,0,1,0,0,0,0,0.054820415879017016,0.06079376003670567,0.12478625584421948,18.900000000000002,38.900000000000006,38.9
00-0032562,Cole Wick,TE,2018,SF,2,0,0,0,0,0,0,0,0,0,1,0,0,0,0,0,0,0,0,0,0.001941747572815534,0.0002626740215392698,0.00309649317430079,0.0,0.0,0.0
00-0032593,Brandon Wilds,RB,2018,JAX,3,0,0,0,0,0,6,15,0,0,0,0,0,0,0,0,0,0,0,0,0.0,0.0,0.0,1.5,1.5,1.5
00-0032599,Josh Perkins,TE,2018,PHI,6,0,0,0,0,0,0,0,0,0,11,5,67,0,0,0,0,0,0,0,0.018581081081081082,0.026475207538703163,0.04640426689871384,6.7,11.7,11.7
00-0032602,J.D. McKissic,RB,2018,SEA,3,0,0,0,0,0,3,8,0,0,1,0,0,0,0,0,0,0,0,0,0.0025,0.001826245760500913,0.005028372032350639,0.8,0.8,0.8
00-0032626,Geronimo Allison,WR,2018,GB,5,0,0,0,0,0,0,0,0,0,30,20,303,2,0,0,0,0,0,0,0.04878048780487805,0.06846656079054174,0.1210973242606963,42.3,62.3,62.3
00-0032634,David Grinnage,TE,2018,JAX,3,0,0,0,0,0,0,0,0,0,8,6,61,0,0,0,0,0,0,0,0.015267175572519083,0.016679904686258934,0.03457669663915988,6.1000000000000005,12.100000000000001,12.100000000000001
00-0032661,Ben Braunecker,TE,2018,CHI,10,0,0,0,0,0,0,0,0,0,5,3,42,0,0,0,0,0,0,0,0.00992063492063492,0.015326521545979565,0.025609517463138075,4.2,7.2,7.2
00-0032688,Robbie Chosen,WR,2018,NYJ,14,0,0,0,0,0,2,-8,0,0,94,50,752,6,0,2,0,0,2,0,0.18613861386138614,0.3224067284882467,0.5048926307338519,106.4,156.4,156.4
00-0032707,Andy Jones,WR,2018,DET,6,0,0,0,0,0,0,0,0,0,24,11,80,1,0,0,0,0,0,0,0.0427807486631016,0.05505279034690799,0.10270807623748798,14.0,25.0,25.0
00-0032741,Peyton Barber,RB,2018,TB,16,0,0,0,0,0,234,871,5,0,29,20,92,1,0,1,0,1,0,0,0.046849757673667204,0.006022282445046673,0.07449023422203348,130.3,150.3,150.3
00-0032745,Alan Cross,TE,2018,TB,6,0,0,0,0,0,0,0,0,0,5,2,9,0,0,0,0,0,0,0,0.008077544426494346,0.0018066847335140017,0.01338099595320132,0.9,2.9,2.9
00-0032760,Josh Doctson,WR,2018,WAS,15,0,0,0,0,0,0,0,0,0,78,44,532,2,0,0,0,0,0,0,0.15950920245398773,0.2693682955899881,0.4278216105939733,65.2,109.2,109.2
00-0032764,Derrick Henry,RB,2018,TEN,16,3,14,0,0,0,215,1059,12,0,18,15,99,0,0,1,0,0,1,0,0.042352941176470586,-0.003981623277182236,0.060742275470678314,186.36,201.36,201.36
00-0032765,Michael Thomas,WR,2018,NO,16,0,0,0,0,0,0,0,0,0,147,125,1405,9,0,2,0,0,2,0,0.2876712328767123,0.30087556381002917,0.6421197439820888,190.5,315.5,315.5
00-0032775,Demarcus Robinson,WR,2018,KC,14,0,0,0,0,0,0,0,0,0,33,22,288,4,0,0,0,0,0,0,0.05851063829787234,0.073203110183956,0.1390081345755777,52.8,74.8,74.8
00-0032778,Tajae Sharpe,WR,2018,TEN,15,0,0,0,0,0,1,16,0,0,47,26,316,2,0,0,0,0,0,0,0.11058823529411765,0.1540581929555896,0.27372308801008916,45.2,71.2,71.2
00-0032780,Jordan Howard,RB,2018,CHI,16,0,0,0,0,0,250,935,9,0,27,20,145,0,0,1,0,1,0,0,0.05357142857142857,0.0046645935139937806,0.0836223583169385,160.0,180.0,180.0
00-0032782,Wendell Smallwood,RB,2018,PHI,15,0,0,0,0,0,87,364,3,1,35,28,230,2,0,1,0,0,0,0,0.05912162162162162,0.001121830827911151,0.08946771401197023,91.4,119.4,119.4
00-0032791,Jakeem Grant,WR,2018,MIA,10,0,0,0,0,0,1,5,0,0,34,21,268,2,0,0,0,0,0,2,0.07816091954022988,0.07434441741011084,0.16928247149742243,51.3,72.3,72.3
00-0032792,Nate Sudfeld,QB,2018,PHI,2,2,22,1,0,0,2,-2,0,0,0,0,0,0,0,0,0,0,0,0,0.0,0.0,0.0,4.68,4.68,4.68
00-0032794,Danny Vitale,RB,2018,GB,2,0,0,0,0,0,0,0,0,0,2,1,2,0,0,0,0,0,0,0,0.0032520325203252032,0.0005293806246691371,0.005248615217756201,0.2,1.2,1.2
00-0032795,Cody Core,WR,2018,CIN,10,0,0,0,0,0,0,0,0,0,28,13,160,1,1,0,0,0,0,0,0.052930056710775046,0.08419362239045652,0.13833062073948213,24.0,37.0,37.0
00-0032881,Tommylee Lewis,WR,2018,NO,7,0,0,0,0,0,2,10,0,0,3,3,60,1,0,1,0,1,0,0,0.005870841487279843,0.015654019633855133,0.019764075974618357,11.0,14.0,14.0
00-0032935,Johnny Holton,WR,2018,LV,1,0,0,0,0,0,0,0,0,0,1,0,0,0,0,0,0,0,0,0,0.0018867924528301887,0.011889035667107,0.011152513646220184,0.0,0.0,0.0
00-0032940,DeAndre Washington,RB,2018,LV,8,0,0,0,0,0,30,115,0,0,1,1,9,0,0,1,0,1,0,0,0.0018867924528301887,0.0005284015852047556,0.0032000697888886123,10.4,11.4,11.4
00-0032950,Carson Wentz,QB,2018,PHI,11,401,3074,21,7,1,34,93,0,0,1,1,4,0,0,6,6,0,0,0,0.0016891891891891893,-0.001121830827911151,0.0017485022042459783,192.66,193.66,193.66000000000003
00-0032951,Laquon Treadwell,WR,2018,MIN,15,0,0,0,0,0,0,0,0,0,53,35,302,1,0,0,0,0,0,0,0.08952702702702703,0.07279344858962693,0.18524595455327938,36.2,71.2,71.2
00-0032959,Charone Peake,WR,2018,NYJ,6,0,0,0,0,0,0,0,0,0,3,2,25,0,0,0,0,0,0,0,0.005940594059405941,0.006901013586370498,0.01374160059956826,2.5,4.5,4.5
00-0032964,Byron Marshall,RB,2018,WAS,5,0,0,0,0,0,3,9,0,0,6,4,30,0,0,0,0,0,0,0,0.012269938650306749,0.0023837902264600714,0.020073561133982173,3.9000000000000004,7.9,7.9
00-0032966,Corey Coleman,WR,2018,NYG,8,0,0,0,0,0,1,5,0,0,8,5,71,0,0,0,0,0,0,0,0.013937282229965157,0.0228675966155957,0.03691324097586472,7.6000000000000005,12.600000000000001,12.600000000000001
00-0032972,Devontae Booker,RB,2018,DEN,16,0,0,0,0,0,34,183,1,0,51,38,275,0,0,1,0,0,1,0,0.09042553191489362,0.01751592356687898,0.14789944436915572,49.800000000000004,87.80000000000001,87.8
00-0032975,Jonathan Williams,RB,2018,NO,3,0,0,0,0,0,3,0,0,0,1,1,1,0,0,0,0,0,0,0,0.0019569471624266144,0.0002653223666755107,0.003121146400312779,0.1,1.1,1.1
00-0032977,Rashard Higgins,WR,2018,CLE,13,0,0,0,0,0,0,0,0,0,53,39,572,4,0,1,0,0,1,0,0.09515260323159784,0.10899082568807339,0.21902248282904813,79.2,118.2,118.2
00-0032980,Marcus Johnson,WR,2018,IND,4,0,0,0,0,0,1,-2,0,0,8,6,102,1,0,0,0,0,0,0,0.012618296529968454,0.022652388797364087,0.03478411695310754,16.0,22.0,22.0
00-0033006,Jaydon Mickens,WR,2018,JAX,6,0,0,0,0,0,0,0,0,0,0,0,0,0,0,0,0,0,0,0,0.0,0.0,0.0,0.0,0.0,0.0
00-0033009,Tyler Boyd,WR,2018,CIN,14,1,0,0,0,0,2,3,0,0,108,76,1028,7,0,0,0,0,0,0,0.20415879017013233,0.23124569855471439,0.46811017424349854,145.10000000000002,221.10000000000002,221.10000000000002
00-0033025,Jalen Richard,RB,2018,LV,16,0,0,0,0,0,55,259,1,0,81,68,607,0,0,2,0,2,0,0,0.15283018867924528,0.035667107001321,0.25421225791979263,88.60000000000001,156.60000000000002,156.60000000000002
00-0033040,Tyreek Hill,WR,2018,KC,16,0,0,0,0,0,22,151,1,0,137,87,1479,12,0,0,0,0,0,1,0.2429078014184397,0.38422150578418357,0.633316756176588,247.0,334.0,334.0
00-0033045,Ezekiel Elliott,RB,2018,DAL,15,0,0,0,0,0,304,1434,6,0,95,77,567,3,0,1,0,1,0,0,0.18375241779497098,0.008283132530120483,0.2814268194635408,252.10000000000002,329.1,329.1
00-0033049,Darius Jackson,RB,2018,DAL,2,0,0,0,0,0,6,16,0,0,1,0,0,0,0,0,0,0,0,0,0.0019342359767891683,-0.000251004016064257,0.0027256511539387727,1.6,1.6,1.6
00-0033054,Rico Gathers,TE,2018,DAL,7,0,0,0,0,0,0,0,0,0,7,3,45,0,0,0,0,0,0,0,0.013539651837524178,0.017570281124497992,0.032608674543434864,4.5,7.5,7.5
00-0033060,Leonte Carroo,WR,2018,MIA,5,0,0,0,0,0,1,14,0,0,4,2,94,1,0,0,0,0,0,0,0.009195402298850575,0.028386050283860504,0.033663338646978215,16.8,18.8,18.8
00-0033077,Dak Prescott,QB,2018,DAL,16,526,3885,22,8,1,75,305,6,1,1,0,0,0,0,6,5,1,0,0,0.0019342359767891683,0.0027610441767068274,0.004834084888878531,285.9,285.9,285.9
00-0033080,Seth DeValve,TE,2018,CLE,7,0,0,0,0,0,0,0,0,0,7,5,74,1,0,0,0,0,0,0,0.012567324955116697,0.015963302752293577,0.030025299359280548,13.4,18.4,18.4
00-0033094,Marvin Hall,WR,2018,ATL,14,0,0,0,0,0,2,0,0,0,19,10,149,1,0,0,0,0,0,0,0.03145695364238411,0.039468690702087285,0.07481351395503727,20.9,30.9,30.9
00-0033104,Cody Kessler,QB,2018,JAX,5,131,709,2,2,0,19,123,0,0,0,0,0,0,0,3,3,0,0,0,0.0,0.0,0.0,38.66,38.66,38.66
00-0033106,Jared Goff,QB,2018,LA,16,561,4688,32,12,3,43,108,2,0,0,0,0,0,0,5,5,0,0,0,0.0,0.0,0.0,310.32,310.32,310.32
00-0033110,Tyler Higbee,TE,2018,LA,14,0,0,0,0,0,0,0,0,0,34,24,292,2,0,0,0,0,0,0,0.062385321100917435,0.046677537708927845,0.12625225804762563,41.2,65.2,65.2
00-0033111,Pharoh Cooper,WR,2018,ARI,7,0,0,0,0,0,0,0,0,0,1,0,0,0,0,0,0,0,0,0,0.001834862385321101,0.0012229922543823889,0.0036083881560493238,0.0,0.0,0.0
00-0033112,Temarrick Hemingway,TE,2018,DEN,1,0,0,0,0,0,0,0,0,0,0,0,0,0,0,0,0,0,0,0,0.0,0.0,0.0,0.0,0.0,0.0
00-0033117,Bronson Kaufusi,TE,2018,NYJ,2,0,0,0,0,0,0,0,0,0,0,0,0,0,0,0,0,0,0,0,0.0,0.0,0.0,0.0,0.0,0.0
00-0033118,Kenyan Drake,RB,2018,MIA,16,0,0,0,0,0,120,535,4,0,73,53,477,5,0,1,0,1,0,0,0.167816091954023,0.04352527710191944,0.28219183190237807,153.2,206.2,206.2
00-0033119,Jacoby Brissett,QB,2018,IND,4,4,2,0,0,0,7,-7,0,0,0,0,0,0,0,0,0,0,0,0,0.0,0.0,0.0,-0.6200000000000001,-0.6200000000000001,-0.6200000000000001
00-0033127,Will Fuller,WR,2018,HOU,7,0,0,0,0,0,0,0,0,0,45,32,503,4,0,0,0,0,0,0,0.09109311740890688,0.15264007378372146,0.2434877277619653,74.30000000000001,106.30000000000001,106.30000000000001
00-0033217,Mo Alie-Cox,TE,2018,IND,8,0,0,0,0,0,0,0,0,0,13,7,133,2,0,0,0,0,0,0,0.02050473186119874,0.03130148270181219,0.05266813568306664,25.3,32.3,32.3
00-0033246,Johnny Mundt,TE,2018,LA,1,0,0,0,0,0,0,0,0,0,1,1,5,0,0,0,0,0,0,0,0.001834862385321101,0.0,0.0027522935779816515,0.5,1.5,1.5
00-0033251,Zach Pascal,WR,2018,IND,14,0,0,0,0,0,2,10,0,0,46,27,268,2,0,0,0,0,0,0,0.07255520504731862,0.09019769357495881,0.1719711930734491,39.8,66.8,66.8
00-0033258,Darrell Daniels,TE,2018,ARI,6,0,0,0,0,0,0,0,0,0,2,0,0,0,0,0,0,0,0,0,0.005,0.014870858335507435,0.017909600834855204,0.0,0.0,0.0
00-0033266,JoJo Natson,WR,2018,LA,13,0,0,0,0,0,0,0,0,0,0,0,0,0,0,1,0,0,0,0,0.0,0.0,0.0,0.0,0.0,0.0
00-0033280,Christian McCaffrey,RB,2018,CAR,16,1,50,1,0,0,219,1098,7,0,124,107,867,6,0,1,0,1,0,0,0.22794117647058823,0.020187454938716654,0.356042983162984,278.5,385.5,385.5
00-0033282,Curtis Samuel,WR,2018,CAR,13,0,0,0,0,0,8,84,2,0,65,39,494,5,0,1,0,0,0,0,0.11948529411764706,0.1864936313386205,0.30977348311350494,99.80000000000001,138.8,138.8
00-0033288,George Kittle,TE,2018,SF,16,0,0,0,0,0,1,10,0,0,136,88,1377,5,1,0,0,0,0,0,0.26407766990291265,0.2616233254531127,0.5792528326715478,170.70000000000002,258.70000000000005,258.70000000000005
00-0033292,Trent Taylor,WR,2018,SF,13,0,0,0,0,0,0,0,0,0,40,26,215,1,1,0,0,0,0,0,0.07766990291262135,0.06277909114788548,0.16045021817245186,29.5,55.5,55.5
00-0033293,Aaron Jones,RB,2018,GB,12,0,0,0,0,0,133,728,8,0,35,26,206,1,0,1,0,1,0,0,0.056910569105691054,0.0015881418740074113,0.08647755297034176,145.4,171.4,171.4
00-0033295,Elijah McGuire,RB,2018,NYJ,8,0,0,0,0,0,92,276,3,0,31,19,193,1,0,2,0,2,0,0,0.061386138613861385,0.029760621091222773,0.11291164268464801,66.9,85.9,85.9
00-0033296,Alex Armah,RB,2018,CAR,9,0,0,0,0,0,9,15,2,0,1,1,5,0,0,0,0,0,0,0,0.001838235294117647,0.0,0.0027573529411764703,14.0,15.0,15.0
00-0033306,Victor Bolden,WR,2018,BUF,3,0,0,0,0,0,0,0,0,0,4,1,10,0,0,0,0,0,0,0,0.007766990291262136,0.012345679012345678,0.02029246074553518,1.0,2.0,2.0
00-0033307,Kendrick Bourne,WR,2018,SF,16,0,0,0,0,0,0,0,0,0,67,42,487,4,0,0,0,0,0,0,0.13009708737864079,0.14919884423430524,0.29958482203197484,72.7,114.7,114.7
00-0033308,Matt Breida,RB,2018,SF,14,0,0,0,0,0,153,814,3,0,31,27,261,2,0,1,0,1,0,0,0.06019417475728155,0.018124507486209612,0.10297841737626906,135.5,162.5,162.5
00-0033319,Nick Mullens,QB,2018,SF,8,274,2277,13,10,1,18,-16,0,0,0,0,0,0,0,0,0,0,0,0,0.0,0.0,0.0,123.47999999999999,123.47999999999999,123.47999999999999
00-0033357,Taysom Hill,TE,2018,NO,15,7,64,0,1,0,37,196,2,0,7,3,4,0,0,1,0,1,0,0,0.0136986301369863,0.009551605200318386,0.02723406884570232,30.560000000000002,33.56,33.559999999999995
00-0033373,Taquan Mizzell,RB,2018,CHI,8,0,0,0,0,0,9,16,0,0,10,8,78,1,0,0,0,0,0,0,0.01984126984126984,0.011106175033318524,0.03753622728522773,15.4,23.4,23.4
00-0033374,Ricky Ortiz,RB,2018,ATL,4,0,0,0,0,0,0,0,0,0,4,3,11,0,0,0,0,0,0,0,0.006622516556291391,-0.00018975332068311195,0.009800947509958908,1.1,4.1,4.1
00-0033375,Tim Patrick,WR,2018,DEN,12,0,0,0,0,0,3,17,0,0,41,23,315,1,0,1,0,0,1,0,0.0726950354609929,0.0989535941765241,0.1783100691150562,37.2,60.2,60.2
00-0033376,Patrick Ricard,RB,2018,BAL,7,0,0,0,0,0,0,0,0,0,0,0,0,0,0,0,0,0,0,0,0.0,0.0,0.0,0.0,0.0,0.0
00-0033379,Tim White,WR,2018,BAL,3,0,0,0,0,0,0,0,0,0,1,1,14,0,0,0,0,0,0,0,0.0018552875695732839,0.0029148448886112846,0.004823322776387825,1.4000000000000001,2.4000000000000004,2.4000000000000004
00-0033382,Austin Carr,WR,2018,NO,9,0,0,0,0,0,0,0,0,0,14,9,97,2,0,0,0,0,0,0,0.0273972602739726,0.03475723003449191,0.06542595143510324,21.700000000000003,30.700000000000003,30.700000000000003
00-0033387,Jacob Hollister,TE,2018,NE,3,0,0,0,0,0,0,0,0,0,5,4,52,0,0,0,0,0,0,0,0.008992805755395683,0.00913343729115616,0.019882614736902837,5.2,9.2,9.2
00-0033421,Antony Auclair,TE,2018,TB,9,0,0,0,0,0,0,0,0,0,8,7,48,0,0,0,0,0,0,0,0.012924071082390954,0.006022282445046673,0.023601704335119104,4.800000000000001,11.8,11.8
00-0033434,Bobo Wilson,WR,2018,TB,5,0,0,0,0,0,0,0,0,0,5,4,52,0,0,0,0,0,0,0,0.008077544426494346,0.008130081300813009,0.017807373550310625,5.2,9.2,9.2
00-0033441,Keon Hatcher,WR,2018,LV,2,0,0,0,0,0,0,0,0,0,2,1,8,0,0,0,0,0,0,0,0.0037735849056603774,0.0036988110964332895,0.008249545125993869,0.8,1.8,1.8
00-0033455,Anthony Firkser,TE,2018,TEN,9,0,0,0,0,0,0,0,0,0,20,19,225,1,0,0,0,0,0,0,0.047058823529411764,0.040735068912710566,0.09910278353301505,28.5,47.5,47.5
00-0033460,John Ross,WR,2018,CIN,13,0,0,0,0,0,4,9,0,0,58,21,210,7,0,0,0,0,0,0,0.10964083175803403,0.18513420509291123,0.2940551912020889,63.900000000000006,84.9,84.9
00-0033464,Jehu Chesson,WR,2018,WAS,6,0,0,0,0,0,1,-4,0,0,2,1,7,0,0,0,0,0,0,0,0.00408997955010225,0.005244338498212158,0.009806006273901886,0.30000000000000004,1.3,1.3
00-0033466,Isaiah McKenzie,WR,2018,BUF,8,0,0,0,0,0,10,66,2,0,30,18,179,0,0,1,0,0,0,0,0.05319148936170213,0.05595996360327571,0.11895920856484618,36.5,54.5,54.5
00-0033471,Isaiah Ford,WR,2018,MIA,1,0,0,0,0,0,0,0,0,0,1,0,0,0,0,0,0,0,0,0,0.0022988505747126436,0.0016220600162206002,0.004583717873423385,0.0,0.0,0.0
00-0033474,Gehrig Dieter,WR,2018,KC,2,0,0,0,0,0,0,0,0,0,3,1,22,0,0,0,0,0,0,0,0.005319148936170213,0.010240849611227006,0.015147318132114222,2.2,3.2,3.2
00-0033481,Marcus Kemp,WR,2018,KC,5,0,0,0,0,0,0,0,0,0,2,1,7,0,0,0,0,0,0,0,0.0035460992907801418,0.0007585814526834819,0.00585015595304865,0.7000000000000001,1.7000000000000002,1.7000000000000002
00-0033526,Samaje Perine,RB,2018,WAS,4,0,0,0,0,0,8,32,0,0,4,3,5,0,0,0,0,0,0,0,0.0081799591002045,-0.0021454112038140644,0.010768150807636906,3.7,6.7,6.7
00-0033528,Jeremy Sprinkle,TE,2018,WAS,8,0,0,0,0,0,0,0,0,0,9,5,41,1,0,0,0,0,0,0,0.018404907975460124,0.013825983313468414,0.037285550282618075,10.100000000000001,15.100000000000001,15.100000000000001
00-0033536,Mike Williams,WR,2018,LAC,16,0,0,0,0,0,7,28,1,0,66,43,664,10,1,0,0,0,0,0,0.13043478260869565,0.24602172265723668,0.3678673797731091,137.2,180.2,180.2
00-0033537,Deshaun Watson,QB,2018,HOU,16,505,4165,26,9,0,99,551,5,0,0,0,0,0,0,3,2,1,0,0,0.0,0.0,0.0,331.70000000000005,331.70000000000005,331.70000000000005
00-0033552,Brendan Langley,WR,2018,DEN,3,0,0,0,0,0,0,0,0,0,0,0,0,0,0,0,0,0,0,0,0.0,0.0,0.0,0.0,0.0,0.0
00-0033553,James Conner,RB,2018,PIT,13,0,0,0,0,0,215,973,12,0,71,55,497,1,2,2,0,1,1,0,0.10502958579881656,-0.003379012577435705,0.15517906989401986,225.0,280.0,280.0
00-0033556,Tarik Cohen,RB,2018,CHI,16,1,1,1,0,0,99,444,3,0,91,71,725,5,0,3,0,2,1,0,0.18055555555555555,0.0730786317192359,0.32198837553679843,162.94,233.94,233.94
00-0033559,Michael Roberts,TE,2018,DET,8,0,0,0,0,0,0,0,0,0,20,9,100,3,0,0,0,0,0,0,0.035650623885918005,0.032428355957767725,0.07617578499931442,28.0,37.0,37.0
00-0033562,Ryan Switzer,WR,2018,PIT,16,0,0,0,0,0,6,21,0,0,44,36,253,1,0,0,0,0,0,0,0.0650887573964497,0.02778299230336024,0.11708123070702672,33.400000000000006,69.4,69.4
00-0033564,Jake Butt,TE,2018,DEN,3,0,0,0,0,0,0,0,0,0,13,8,85,0,0,0,0,0,0,0,0.02304964539007092,0.022065514103730664,0.05002032795771784,8.5,16.5,16.5
00-0033567,Brian Hill,RB,2018,ATL,5,0,0,0,0,0,20,157,0,0,2,1,9,0,0,1,0,1,0,0,0.0033112582781456954,0.0013282732447817836,0.005896678688565792,14.600000000000001,15.600000000000001,15.600000000000001
00-0033572,Jamal Agnew,WR,2018,DET,6,0,0,0,0,0,1,17,0,0,0,0,0,0,0,0,0,0,0,0,0.0,0.0,0.0,1.7000000000000002,1.7000000000000002,1.7000000000000002
00-0033573,Shelton Gibson,WR,2018,PHI,5,0,0,0,0,0,0,0,0,0,3,1,48,0,0,0,0,0,0,0,0.005067567567567568,0.02243661655822302,0.023306982942107465,4.800000000000001,5.800000000000001,5.800000000000001
00-0033576,Eric Saubert,TE,2018,ATL,7,0,0,0,0,0,0,0,0,0,9,5,48,0,0,0,0,0,0,0,0.014900662251655629,0.009108159392789373,0.028726704952436004,4.800000000000001,9.8,9.8
00-0033581,De'Angelo Henderson Sr.,RB,2018,NYJ,1,0,0,0,0,0,2,19,0,0,0,0,0,0,0,1,0,1,0,0,0.0,0.0,0.0,-0.09999999999999987,-0.09999999999999987,-0.09999999999999987
00-0033589,David Moore,WR,2018,SEA,14,0,0,0,0,0,1,5,0,0,53,26,445,5,0,0,0,0,0,0,0.1325,0.21888859900860944,0.3519720193060266,75.0,101.0,101.0
00-0033591,Noah Brown,WR,2018,DAL,7,0,0,0,0,0,0,0,0,0,8,5,54,0,0,0,0,0,0,0,0.015473887814313346,0.01882530120481928,0.036388542564843515,5.4,10.4,10.4
00-0033594,Chris Carson,RB,2018,SEA,14,0,0,0,0,0,247,1151,9,0,24,20,163,0,0,2,0,2,0,0,0.06,-0.00026089225150013044,0.08981737542394991,181.4,201.4,201.40000000000003
00-0033596,Matt Dayes,RB,2018,SF,3,0,0,0,0,0,0,0,0,0,0,0,0,0,0,0,0,0,0,0,0.0,0.0,0.0,0.0,0.0,0.0
00-0033597,Chad Kelly,QB,2018,DEN,1,0,0,0,0,0,1,-1,0,0,0,0,0,0,0,0,0,0,0,0,0.0,0.0,0.0,-0.1,-0.1,-0.1
00-0033611,Ricky Seals-Jones,TE,2018,ARI,15,0,0,0,0,0,0,0,0,0,69,34,343,1,0,0,0,0,0,0,0.14587737843551796,0.1708972103543604,0.3384441149013292,40.300000000000004,74.30000000000001,74.30000000000001
00-0033627,Jason Croom,TE,2018,BUF,15,0,0,0,0,0,0,0,0,0,35,22,259,1,0,2,0,0,2,0,0.07306889352818371,0.0540157798907546,0.1474143862158038,27.900000000000002,49.900000000000006,49.900000000000006
00-0033658,Blake Jarwin,TE,2018,DAL,13,0,0,0,0,0,0,0,0,0,36,27,307,3,0,0,0,0,0,0,0.06963249516441006,0.07454819277108433,0.15663247768637412,48.7,75.7,75.7
00-0033681,Keelan Cole,WR,2018,JAX,14,0,0,0,0,0,0,0,0,0,70,38,491,1,0,2,0,0,2,0,0.13358778625954199,0.18294943076515754,0.32844628092492323,51.1,89.1,89.1
00-0033696,Sean Culkin,TE,2018,LAC,2,0,0,0,0,0,0,0,0,0,1,1,24,0,0,0,0,0,0,0,0.001976284584980237,0.006062136903258399,0.007207922709751234,2.4000000000000004,3.4000000000000004,3.4000000000000004
00-0033699,Austin Ekeler,RB,2018,LAC,14,0,0,0,0,0,106,554,3,0,53,39,404,3,0,1,0,0,1,0,0.10474308300395258,0.010103561505430665,0.16418711755973034,129.8,168.8,168.8
00-0033725,Corey Clement,RB,2018,PHI,11,0,0,0,0,0,68,259,2,1,25,22,192,0,0,0,0,0,0,0,0.04222972972972973,-0.006955351133049136,0.05847584880146021,59.1,81.1,81.10000000000001
00-0033742,Tyrone Swoopes,TE,2018,SEA,1,0,0,0,0,0,0,0,0,0,1,1,23,0,0,0,0,0,0,0,0.0025,0.0020871380120010435,0.00521099660840073,2.3000000000000003,3.3000000000000003,3.3000000000000003
00-0033757,Robert Tonyan,TE,2018,GB,7,0,0,0,0,0,0,0,0,0,6,4,77,1,0,0,0,0,0,0,0.00975609756097561,0.014646197282512794,0.024886484439222367,13.7,17.7,17.7
00-0033760,Justin Davis,RB,2018,LA,4,0,0,0,0,0,2,19,0,0,0,0,0,0,0,0,0,0,0,0,0.0,0.0,0.0,1.9000000000000001,1.9000000000000001,1.9000000000000001
00-0033773,Riley McCarron,WR,2018,NE,1,0,0,0,0,0,0,0,0,0,1,0,0,0,0,1,0,0,0,0,0.0017985611510791368,0.00601470260637113,0.006908133551078496,0.0,0.0,0.0
00-0033789,T.J. Logan,RB,2018,ARI,6,0,0,0,0,0,2,2,0,0,7,7,37,0,0,0,0,0,0,0,0.014799154334038054,-0.0005026388539834129,0.021846884303268692,3.9000000000000004,10.9,10.9
00-0033798,Mason Schreck,TE,2018,CIN,1,0,0,0,0,0,0,0,0,0,0,0,0,0,0,0,0,0,0,0,0.0,0.0,0.0,0.0,0.0,0.0
00-0033839,Dede Westbrook,WR,2018,JAX,16,1,0,0,0,0,9,98,0,0,101,66,717,5,0,2,0,0,1,1,0.19274809160305342,0.2255758538522637,0.44702523510116476,115.5,181.5,181.5
00-0033854,Dare Ogunbowale,RB,2018,TB,1,0,0,0,0,0,0,0,0,0,0,0,0,0,0,0,0,0,0,0,0.0,0.0,0.0,0.0,0.0,0.0
00-0033856,Leonard Fournette,RB,2018,JAX,8,0,0,0,0,0,133,439,5,0,26,22,185,1,0,0,0,0,0,0,0.04961832061068702,-0.003706645485835319,0.0718328290759458,98.4,120.4,120.4
00-0033857,JuJu Smith-Schuster,WR,2018,PIT,16,0,0,0,0,0,1,13,0,0,166,111,1426,7,1,1,0,0,1,0,0.2455621301775148,0.27426318753519807,0.5603274265409108,185.9,296.9,296.9
00-0033858,Jonnu Smith,TE,2018,TEN,12,0,0,0,0,0,0,0,0,0,30,20,258,3,0,0,0,0,0,0,0.07058823529411765,0.04747320061255743,0.13911359336996668,43.8,63.8,63.8
00-0033859,Josh Malone,WR,2018,CIN,3,0,0,0,0,0,0,0,0,0,5,1,12,0,0,0,0,0,0,0,0.00945179584120983,0.008258774948382657,0.019958836225682605,1.2000000000000002,2.2,2.2
00-0033869,Mitchell Trubisky,QB,2018,CHI,14,434,3223,24,12,4,68,421,3,0,0,0,0,0,0,3,2,1,0,0,0.0,0.0,0.0,263.02,263.02,263.02
00-0033871,Corey Davis,WR,2018,TEN,16,0,0,0,0,0,6,55,0,0,112,65,891,4,0,0,0,0,0,0,0.2635294117647059,0.35497702909647777,0.6437780380145932,118.60000000000001,183.60000000000002,183.60000000000002
00-0033873,Patrick Mahomes,QB,2018,KC,16,580,5097,50,12,0,60,272,2,1,0,0,0,0,0,2,2,0,0,0,0.0,0.0,0.0,417.08,417.08,417.08
00-0033879,O.J. Howard,TE,2018,TB,10,0,0,0,0,0,0,0,0,0,48,34,565,5,0,0,0,0,0,0,0.07754442649434572,0.08536585365853659,0.17607273730249418,86.5,120.5,120.5
00-0033881,Evan Engram,TE,2018,NYG,11,0,0,0,0,0,3,36,0,0,64,45,577,3,1,0,0,0,0,0,0.11149825783972125,0.07752115252686943,0.2215121935283905,81.30000000000001,126.30000000000001,126.30000000000001
00-0033885,David Njoku,TE,2018,CLE,15,0,0,0,0,0,0,0,0,0,88,56,639,4,0,0,0,0,0,0,0.15798922800718132,0.1398165137614679,0.3348554016437995,87.9,143.9,143.9
00-0033891,Zay Jones,WR,2018,BUF,16,1,0,0,0,0,1,0,0,0,102,56,652,7,1,0,0,0,0,0,0.21294363256784968,0.2480275136556747,0.4930347084107468,109.2,165.2,165.2
00-0033893,Dalvin Cook,RB,2018,MIN,11,0,0,0,0,0,133,615,2,0,49,40,305,2,0,2,0,2,0,0,0.08277027027027027,-0.020473157415832575,0.1098241952143226,112.0,152.0,152.0
00-0033895,Gerald Everett,TE,2018,LA,15,0,0,0,0,0,2,16,0,0,50,33,320,3,1,0,0,0,0,0,0.09174311926605505,0.06196494088870771,0.18099013752117799,53.6,86.6,86.6
00-0033896,Adam Shaheen,TE,2018,CHI,5,0,0,0,0,0,0,0,0,0,6,5,48,1,1,0,0,0,0,0,0.011904761904761904,0.01310528653931586,0.027030843434663956,12.8,17.8,17.8
00-0033897,Joe Mixon,RB,2018,CIN,14,0,0,0,0,0,237,1168,8,0,55,43,296,1,0,0,0,0,0,0,0.10396975425330812,0.00022941041523285156,0.15611521867062517,200.4,243.4,243.4
00-0033899,DeShone Kizer,QB,2018,GB,3,42,187,0,2,0,5,39,0,0,0,0,0,0,0,1,1,0,0,0,0.0,0.0,0.0,5.380000000000001,5.380000000000001,5.380000000000001
00-0033906,Alvin Kamara,RB,2018,NO,15,0,0,0,0,0,194,883,14,3,105,81,709,4,0,0,0,0,0,0,0.2054794520547945,0.050941894401698065,0.34387850416338045,273.20000000000005,354.20000000000005,354.20000000000005
00-0033908,Cooper Kupp,WR,2018,LA,8,0,0,0,0,0,4,25,0,0,55,40,566,6,0,0,0,0,0,0,0.10091743119266056,0.09376273950264982,0.2170100644408457,95.1,135.1,135.1
00-0033911,Taywan Taylor,WR,2018,TEN,13,0,0,0,0,0,0,0,0,0,56,37,466,1,0,1,0,0,1,0,0.13176470588235295,0.22419601837672282,0.3545842716872354,50.6,87.6,87.6
00-0033921,Chris Godwin Jr.,WR,2018,TB,16,0,0,0,0,0,0,0,0,0,95,59,842,7,1,1,0,0,1,0,0.15347334410339256,0.166967780788919,0.34708746270733215,126.19999999999999,185.2,185.2
00-0033923,Kareem Hunt,RB,2018,KC,11,0,0,0,0,0,181,824,7,0,35,26,378,7,0,0,0,0,0,0,0.06205673758865248,0.012895884695619192,0.10211222566991215,204.2,230.2,230.20000000000002
00-0033925,D'Onta Foreman,RB,2018,HOU,1,0,0,0,0,0,7,-1,0,0,2,2,28,1,0,0,0,0,0,0,0.004048582995951417,0.004150334332487895,0.008978108526668652,8.7,10.7,10.7
00-0033932,Kenny Golladay,WR,2018,DET,15,0,0,0,0,0,1,8,0,0,119,70,1063,5,0,0,0,0,0,0,0.21212121212121213,0.3707893413775767,0.5777343571461219,137.10000000000002,207.10000000000002,207.10000000000002
00-0033933,Chad Williams,WR,2018,ARI,10,0,0,0,0,0,1,9,0,0,46,17,171,1,0,0,0,0,0,0,0.09725158562367865,0.14727318421713997,0.24896860738751597,24.0,41.0,41.0
00-0033936,C.J. Beathard,QB,2018,SF,5,169,1252,8,7,0,19,69,1,0,0,0,0,0,0,3,3,0,0,0,0.0,0.0,0.0,74.98,74.98,74.98
00-0033943,Josh Reynolds,WR,2018,LA,12,0,0,0,0,0,2,8,0,0,53,29,402,5,0,0,0,0,0,0,0.09724770642201835,0.1339176518548716,0.23961391593143763,71.0,100.0,100.0
00-0033948,Jamaal Williams,RB,2018,GB,16,0,0,0,0,0,121,464,3,0,41,27,210,0,1,0,0,0,0,0,0.06666666666666667,0.005470266454914417,0.1038291865184401,87.4,114.4,114.4
00-0033949,Joshua Dobbs,QB,2018,PIT,5,12,43,0,1,0,4,11,0,0,0,0,0,0,0,0,0,0,0,0,0.0,0.0,0.0,0.8200000000000001,0.8200000000000001,0.8200000000000001
00-0033950,Wayne Gallman,RB,2018,NYG,13,0,0,0,0,0,51,176,1,0,22,14,89,0,0,1,0,0,1,0,0.03832752613240418,0.0066316030185227534,0.0621334113115722,30.5,44.5,44.5
00-0033951,Marlon Mack,RB,2018,IND,12,0,0,0,0,0,195,908,9,2,26,17,103,1,0,2,0,1,1,0,0.04100946372239748,-0.004942339373970346,0.05805455802181698,161.10000000000002,178.10000000000002,178.10000000000002
00-0033953,Jordan Leggett,TE,2018,NYJ,13,0,0,0,0,0,0,0,0,0,25,14,114,1,0,0,0,0,0,0,0.04950495049504951,0.03472072460642657,0.09856193296707286,17.4,31.4,31.4
00-0033955,Jeremy McNichols,RB,2018,IND,1,0,0,0,0,0,2,4,0,0,0,0,0,0,0,0,0,0,0,0,0.0,0.0,0.0,0.4,0.4,0.4
00-0033958,Nathan Peterman,QB,2018,BUF,4,81,296,1,7,0,10,50,1,0,0,0,0,0,0,0,0,0,0,0,0.0,0.0,0.0,12.84,12.84,12.84
00-0033968,Stacy Coley,WR,2018,NYG,2,0,0,0,0,0,0,0,0,0,1,0,0,0,0,0,0,0,0,0,0.0016891891891891893,0.0020473157415832575,0.003966904802892064,0.0,0.0,0.0
00-0033992,Lance Lenoir,WR,2018,DAL,1,0,0,0,0,0,0,0,0,0,0,0,0,0,0,0,0,0,0,0,0.0,0.0,0.0,0.0,0.0,0.0
00-0034011,Dan Arnold,TE,2018,NO,7,0,0,0,0,0,0,0,0,0,19,12,150,1,0,0,0,0,0,0,0.03718199608610567,0.0543910851684797,0.09384675374709431,21.0,33.0,33.0
00-0034052,Brandon Zylstra,WR,2018,MIN,5,0,0,0,0,0,0,0,0,0,2,1,23,0,0,0,0,0,0,0,0.0033783783783783786,0.009781619654231119,0.01191470132552935,2.3000000000000003,3.3000000000000003,3.3000000000000003
00-0034054,River Cracraft,WR,2018,DEN,8,0,0,0,0,0,0,0,0,0,2,1,44,0,0,1,0,0,0,0,0.0035460992907801418,0.01683348498635123,0.01710258842661607,4.4,5.4,5.4
00-0034073,Ross Dwelley,TE,2018,SF,3,0,0,0,0,0,0,0,0,0,2,2,14,0,0,0,0,0,0,0,0.003883495145631068,0.003414762280010507,0.008215576314453956,1.4000000000000001,3.4000000000000004,3.4000000000000004
00-0034101,Matt Flanagan,TE,2018,WAS,1,0,0,0,0,0,0,0,0,0,1,1,14,0,0,0,0,0,0,0,0.002044989775051125,0.00166865315852205,0.004235541873542123,1.4000000000000001,2.4000000000000004,2.4000000000000004
00-0034109,Phillip Lindsay,RB,2018,DEN,15,0,0,0,0,0,192,1037,9,0,47,35,241,1,0,0,0,0,0,0,0.08333333333333333,-0.009781619654231119,0.11815286624203822,187.8,222.8,222.79999999999998
00-0034115,Jeff Wilson,RB,2018,SF,6,0,0,0,0,0,66,266,0,0,15,12,98,0,0,2,0,2,0,0,0.02912621359223301,0.0,0.043689320388349516,32.4,44.4,44.400000000000006
00-0034159,Will Dissly,TE,2018,SEA,4,0,0,0,0,0,0,0,0,0,14,8,156,2,0,0,0,0,0,0,0.035,0.03678580746151839,0.07825006522306288,27.6,35.6,35.6
00-0034164,Trenton Cannon,RB,2018,NYJ,12,0,0,0,0,0,38,113,1,0,25,17,144,0,0,0,0,0,0,0,0.04950495049504951,0.033858097908130255,0.09795809427826545,31.700000000000003,48.7,48.7
00-0034184,Gus Edwards,RB,2018,BAL,11,0,0,0,0,0,137,718,2,1,2,2,20,0,0,0,0,0,0,0,0.0037105751391465678,0.0006246096189881324,0.006003089442011544,87.8,89.8,89.8
00-0034201,De'Lance Turner,RB,2018,BAL,2,0,0,0,0,0,1,4,0,0,2,2,17,0,0,0,0,0,0,0,0.0037105751391465678,0.0006246096189881324,0.006003089442011544,2.1,4.1,4.1
00-0034206,Quadree Henderson,WR,2018,NYG,5,0,0,0,0,0,0,0,0,0,0,0,0,0,0,0,0,0,0,0,0.0,0.0,0.0,0.0,0.0,0.0
00-0034208,Mike Boone,RB,2018,MIN,6,0,0,0,0,0,11,47,0,0,3,2,1,0,0,0,0,0,0,0,0.005067567567567568,-0.00045495905368516835,0.007282880013771734,4.800000000000001,6.800000000000001,6.8
00-0034221,Roc Thomas,RB,2018,MIN,5,0,0,0,0,0,8,30,0,0,4,2,21,0,0,0,0,0,0,0,0.006756756756756757,0.0018198362147406734,0.011409020485453607,5.1000000000000005,7.1000000000000005,7.1
00-0034253,Dontrell Hilliard,RB,2018,CLE,10,1,0,0,1,0,0,0,0,0,10,9,105,0,0,0,0,0,0,0,0.017953321364452424,0.0034862385321100917,0.029370349019155702,8.5,17.5,17.5
00-0034256,Da'Mari Scott,WR,2018,BUF,1,0,0,0,0,0,0,0,0,0,0,0,0,0,0,0,0,0,0,0,0.0,0.0,0.0,0.0,0.0,0.0
00-0034258,Derrick Willies,WR,2018,CLE,1,0,0,0,0,0,0,0,0,0,5,3,61,0,0,0,0,0,0,0,0.008976660682226212,0.010458715596330275,0.02078609194077051,6.1000000000000005,9.100000000000001,9.100000000000001
00-0034268,J'Mon Moore,WR,2018,GB,7,0,0,0,0,0,0,0,0,0,3,2,15,0,0,1,0,0,0,0,0.004878048780487805,0.0033527439562378684,0.009663993940098214,1.5,3.5,3.5
00-0034270,Tyler Conklin,TE,2018,MIN,4,0,0,0,0,0,0,0,0,0,7,5,77,0,0,0,0,0,0,0,0.011824324324324325,0.013421292083712465,0.02713139094508521,7.7,12.7,12.7
00-0034272,Marquez Valdes-Scantling,WR,2018,GB,16,0,0,0,0,0,2,29,0,0,73,38,581,2,0,0,0,0,0,0,0.11869918699186992,0.15687312511028764,0.28785996806500624,73.0,111.0,111.0
00-0034273,Damion Ratley,WR,2018,CLE,5,0,0,0,0,0,0,0,0,0,20,13,144,0,0,0,0,0,0,0,0.03590664272890485,0.04165137614678899,0.08301592739610957,14.4,27.4,27.4
00-0034279,Equanimeous St. Brown,WR,2018,GB,11,0,0,0,0,0,1,5,0,0,36,21,328,0,0,0,0,0,0,0,0.05853658536585366,0.08911240515263807,0.15018356165562713,33.300000000000004,54.300000000000004,54.300000000000004
00-0034286,Richie James,WR,2018,SF,12,0,0,0,0,0,0,0,0,0,14,9,130,1,0,1,0,0,0,1,0.027184466019417475,0.014709745206199106,0.051073520673465586,25.0,34.0,34.0
00-0034301,Darrel Williams,RB,2018,KC,4,0,0,0,0,0,13,44,0,0,3,3,27,1,0,0,0,0,0,0,0.005319148936170213,-0.0013275175421960932,0.0070494611247180535,13.100000000000001,16.1,16.1
00-0034307,Janarion Grant,WR,2018,BAL,2,0,0,0,0,0,0,0,0,0,0,0,0,0,0,0,0,0,0,0,0.0,0.0,0.0,0.0,0.0,0.0
00-0034309,Chad Beebe,WR,2018,MIN,3,0,0,0,0,0,0,0,0,0,4,4,39,0,0,0,0,0,0,0,0.006756756756756757,0.006141947224749773,0.014434498192459976,3.9000000000000004,7.9,7.9
00-0034317,Keith Kirkwood,WR,2018,NO,7,0,0,0,0,0,0,0,0,0,21,13,209,2,0,0,0,0,0,0,0.0410958904109589,0.07641284160254709,0.11513282473822131,32.900000000000006,45.900000000000006,45.900000000000006
00-0034331,Jaylen Samuels,RB,2018,PIT,9,0,0,0,0,0,56,256,0,0,29,26,199,3,0,0,0,0,0,0,0.042899408284023666,0.00037544584193730055,0.0646119245153916,63.5,89.5,89.5
00-0034339,Trey Quinn,WR,2018,WAS,3,0,0,0,0,0,1,0,0,0,10,9,75,1,0,0,0,0,0,0,0.02044989775051125,0.017401668653158522,0.04285601468297784,13.5,22.5,22.5
00-0034343,Josh Rosen,QB,2018,ARI,14,393,2278,11,14,1,23,138,0,0,0,0,0,0,0,5,5,0,0,0,0.0,0.0,0.0,112.92,112.92,112.92
00-0034348,Courtland Sutton,WR,2018,DEN,16,0,0,0,0,0,1,-1,0,0,84,42,704,4,0,0,0,0,0,0,0.14893617021276595,0.2679708826205642,0.41098387315354384,94.3,136.3,136.3
00-0034349,Kerryon Johnson,RB,2018,DET,10,0,0,0,0,0,118,641,3,0,39,32,213,1,0,1,0,1,0,0,0.06951871657754011,-0.006033182503770739,0.10005484711367064,107.4,139.4,139.4
00-0034351,Dallas Goedert,TE,2018,PHI,15,0,0,0,0,0,0,0,0,0,44,33,334,4,0,0,0,0,0,0,0.07432432432432433,0.0735921023109715,0.16300095810416654,57.4,90.4,90.4
00-0034353,Anthony Miller,WR,2018,CHI,15,1,8,0,0,0,6,26,0,0,54,33,423,7,0,0,0,0,0,0,0.10714285714285714,0.1341625944024878,0.25462810179602713,87.22,120.22,120.22
00-0034364,Jordan Akins,TE,2018,HOU,14,0,0,0,0,0,0,0,0,0,25,17,225,0,0,0,0,0,0,0,0.05060728744939271,0.039658750288217665,0.10367205637584143,22.5,39.5,39.5
00-0034365,Ian Thomas,TE,2018,CAR,10,0,0,0,0,0,0,0,0,0,49,36,333,2,0,0,0,0,0,0,0.0900735294117647,0.07281903388608507,0.1860836178379066,45.300000000000004,81.30000000000001,81.30000000000001
00-0034366,Keke Coutee,WR,2018,HOU,6,0,0,0,0,0,3,0,0,0,41,28,287,1,0,0,0,0,0,0,0.08299595141700405,0.04795941895319345,0.1580655203927415,34.7,62.7,62.7
00-0034367,Nyheim Hines,RB,2018,IND,16,0,0,0,0,0,85,314,2,0,81,63,425,2,0,0,0,0,0,0,0.1277602523659306,0.03439044481054366,0.21571368991627649,97.9,160.9,160.9
00-0034369,Kyle Lauletta,QB,2018,NYG,1,5,0,0,1,0,1,-2,0,0,0,0,0,0,0,0,0,0,0,0,0.0,0.0,0.0,-2.2,-2.2,-2.2
00-0034370,DaeSean Hamilton,WR,2018,DEN,11,0,0,0,0,0,0,0,0,0,46,30,243,2,0,0,0,0,0,0,0.08156028368794327,0.09030937215650592,0.18555698604146903,36.3,66.3,66.3
00-0034378,Ito Smith,RB,2018,ATL,13,0,0,0,0,0,90,315,4,0,32,27,152,0,0,0,0,0,0,0,0.052980132450331126,-0.0015180265654648956,0.07840758007967126,70.7,97.7,97.7
00-0034383,Dalton Schultz,TE,2018,DAL,8,0,0,0,0,0,0,0,0,0,17,12,116,0,0,0,0,0,0,0,0.03288201160541586,0.017570281124497992,0.06162221419527238,11.600000000000001,23.6,23.6
00-0034386,Justin Watson,WR,2018,TB,7,0,0,0,0,0,0,0,0,0,3,1,5,0,0,0,0,0,0,0,0.004846526655896607,0.002258355916892502,0.008850639125669663,0.5,1.5,1.5
00-0034400,Jordan Wilkins,RB,2018,IND,13,0,0,0,0,0,60,336,1,0,17,16,85,0,0,2,0,0,2,0,0.026813880126182965,-0.00514827018121911,0.03661703106242107,44.1,60.1,60.099999999999994
00-0034407,Ray-Ray McCloud,WR,2018,BUF,8,0,0,0,0,0,2,4,0,0,6,5,36,0,0,1,0,0,0,0,0.012526096033402923,0.0026299817924337445,0.020630131304808008,4.0,9.0,9.0
00-0034411,Russell Gage,WR,2018,ATL,9,0,0,0,0,0,0,0,0,0,10,6,63,0,0,0,0,0,0,0,0.016556291390728478,0.019924098671726755,0.038781306156301446,6.300000000000001,12.3,12.3
00-0034414,Boston Scott,RB,2018,PHI,1,0,0,0,0,0,0,0,0,0,0,0,0,0,0,0,0,0,0,0,0.0,0.0,0.0,0.0,0.0,0.0
00-0034426,Javon Wims,WR,2018,CHI,2,0,0,0,0,0,0,0,0,0,5,4,32,0,0,0,0,0,0,0,0.00992063492063492,0.007552199022656597,0.020167491696812,3.2,7.2,7.2
00-0034427,Dave Williams,RB,2018,JAX,3,0,0,0,0,0,8,36,0,0,0,0,0,0,0,0,0,0,0,0,0.0,0.0,0.0,3.6,3.6,3.6
00-0034440,Justin Jackson,RB,2018,LAC,9,0,0,0,0,0,50,206,2,0,19,15,135,0,0,0,0,0,0,0,0.037549407114624504,-0.004799191715079565,0.052964676471381054,46.1,61.1,61.1
00-0034449,Buddy Howell,RB,2018,HOU,7,0,0,0,0,0,0,0,0,0,0,0,0,0,0,0,0,0,0,0,0.0,0.0,0.0,0.0,0.0,0.0
00-0034457,Josh Adams,RB,2018,PHI,13,0,0,0,0,0,120,511,3,1,13,7,58,0,0,1,0,1,0,0,0.02195945945945946,-0.002019295490240072,0.03152568234602114,74.9,81.9,81.89999999999999
00-0034487,Trent Sherfield,WR,2018,ARI,9,0,0,0,0,0,0,0,0,0,28,19,210,1,0,0,0,0,0,0,0.05919661733615222,0.07916561950238754,0.14421085965589958,27.0,46.0,46.0
00-0034489,Jalen Tolliver,WR,2018,ARI,3,0,0,0,0,0,0,0,0,0,6,3,37,0,0,0,0,0,0,0,0.012684989429175475,0.020859512440311635,0.03362914285198136,3.7,6.7,6.7
00-0034499,Jawill Davis,WR,2018,NYG,7,0,0,0,0,0,0,0,0,0,8,4,40,0,0,0,0,0,0,0,0.013937282229965157,0.02904184770180654,0.04123521673621231,4.0,8.0,8.0
00-0034509,Keith Ford,RB,2018,BUF,2,0,0,0,0,0,21,79,0,0,5,3,21,0,0,0,0,0,0,0,0.010438413361169102,-0.001820756625531054,0.014383090403881915,10.0,13.0,13.0
00-0034510,Robert Foster,WR,2018,BUF,11,0,0,0,0,0,0,0,0,0,44,27,541,3,0,0,0,0,0,0,0.0918580375782881,0.18328950030345945,0.26608970657985376,72.1,99.1,99.1
00-0034512,Cam Phillips,WR,2018,BUF,2,0,0,0,0,0,0,0,0,0,1,1,9,0,0,0,0,0,0,0,0.0020876826722338203,0.00040461258345134534,0.003414752816766672,0.9,1.9,1.9
00-0034521,Allen Lazard,WR,2018,GB,1,0,0,0,0,0,0,0,0,0,1,1,7,0,0,0,0,0,0,0,0.0016260162601626016,0.0012352214575613199,0.0033036794105368262,0.7000000000000001,1.7000000000000002,1.7000000000000002
00-0034532,Jordan Franks,TE,2018,CIN,4,0,0,0,0,0,0,0,0,0,3,2,37,0,0,0,0,0,0,0,0.005671077504725898,0.010552879100711171,0.01589363162758667,3.7,5.7,5.7
00-0034560,J.J. Jones,WR,2018,NYJ,4,0,0,0,0,0,1,0,0,0,1,1,3,0,0,1,0,0,0,0,0.001976284584980237,0.0005051780752715333,0.003318051530160429,0.30000000000000004,1.3,1.3
00-0034565,Detrez Newsome,RB,2018,LAC,5,0,0,0,0,0,11,49,0,0,2,2,19,0,0,0,0,0,0,0,0.003952569169960474,0.0,0.005928853754940711,6.800000000000001,8.8,8.8
00-0034577,Kyle Allen,QB,2018,CAR,2,31,266,2,0,0,5,19,1,0,0,0,0,0,0,0,0,0,0,0,0.0,0.0,0.0,26.54,26.54,26.54
00-0034593,Chris Lacy,WR,2018,DET,1,0,0,0,0,0,0,0,0,0,1,0,0,0,0,0,0,0,0,0,0.0017825311942959,0.0022624434389140274,0.004257507198683669,0.0,0.0,0.0
00-0034614,Godwin Igwebuike,RB,2018,SF,2,0,0,0,0,0,0,0,0,0,0,0,0,0,0,0,0,0,0,0,0.0,0.0,0.0,0.0,0.0,0.0
00-0034621,Shaun Wilson,RB,2018,TB,5,0,0,0,0,0,6,29,0,0,5,3,5,0,0,0,0,0,0,0,0.008077544426494346,0.0036133694670280035,0.01464567526666112,3.4000000000000004,6.4,6.4
00-0034631,Vyncint Smith,WR,2018,HOU,4,0,0,0,0,0,0,0,0,0,10,5,91,1,0,0,0,0,0,0,0.020242914979757085,0.04450080700945354,0.061514937376253104,15.1,20.1,20.1
00-0034646,Brandon Powell,WR,2018,DET,6,0,0,0,0,0,1,4,0,0,17,11,129,0,0,0,0,0,0,0,0.030303030303030304,0.014328808446455505,0.05548471136706431,13.3,24.3,24.3
00-0034652,Cameron Batson,WR,2018,TEN,8,0,0,0,0,0,1,1,0,0,11,8,82,0,0,0,0,0,0,0,0.02588235294117647,0.022358346094946403,0.05447437167822719,8.3,16.3,16.3
00-0034653,Deontay Burnett,WR,2018,NYJ,5,0,0,0,0,0,0,0,0,0,15,10,143,0,0,0,0,0,0,0,0.0297029702970297,0.03493638128100065,0.06900992234224501,14.3,24.3,24.3
00-0034676,James Washington,WR,2018,PIT,12,0,0,0,0,0,0,0,0,0,38,16,217,1,0,0,0,0,0,0,0.05621301775147929,0.12014266941993618,0.16841939522117427,27.700000000000003,43.7,43.7
00-0034679,Mark Walton,RB,2018,CIN,10,0,0,0,0,0,14,34,0,0,8,5,41,0,0,0,0,0,0,0,0.015122873345935728,-0.0025235145675613674,0.020917849821610636,7.5,12.5,12.5
00-0034681,Chase Edmonds,RB,2018,ARI,16,0,0,0,0,0,60,208,2,0,23,20,103,0,0,0,0,0,0,0,0.048625792811839326,-0.002764513696908771,0.07100352962992286,43.1,63.1,63.099999999999994
00-0034686,Auden Tate,WR,2018,CIN,5,0,0,0,0,0,0,0,0,0,12,4,35,0,0,0,0,0,0,0,0.022684310018903593,0.02798807065840789,0.05361811448924092,3.5,7.5,7.5
00-0034710,Darvin Kidsy,WR,2018,WAS,1,0,0,0,0,0,0,0,0,0,2,1,8,0,0,0,0,0,0,0,0.00408997955010225,0.004290822407628129,0.009138545010493066,0.8,1.8,1.8
00-0034747,Marcell Ateman,WR,2018,LV,7,0,0,0,0,0,0,0,0,0,31,15,154,1,0,0,0,0,0,0,0.05849056603773585,0.08956406869220608,0.15043069714114804,21.4,36.4,36.4
00-0034750,Rashaad Penny,RB,2018,SEA,13,0,0,0,0,0,85,419,2,0,12,9,75,0,0,0,0,0,0,0,0.03,0.0015653535090007827,0.046095747456300545,61.400000000000006,70.4,70.4
00-0034753,Mark Andrews,TE,2018,BAL,16,0,0,0,0,0,0,0,0,0,50,34,552,3,0,0,0,0,0,0,0.09276437847866419,0.11055590256089944,0.21653569951062587,73.2,107.2,107.2
00-0034764,Michael Gallup,WR,2018,DAL,15,0,0,0,0,0,0,0,0,0,68,33,507,2,1,0,0,0,0,0,0.13152804642166344,0.24021084337349397,0.3654396599939409,64.7,97.7,97.7
00-0034765,Tre'Quan Smith,WR,2018,NO,13,0,0,0,0,0,0,0,0,0,44,28,427,5,0,0,0,0,0,0,0.08610567514677103,0.13717166357123906,0.22517867722002388,72.7,100.7,100.7
00-0034766,Chris Herndon,TE,2018,NYJ,14,0,0,0,0,0,0,0,0,0,56,39,502,4,0,0,0,0,0,0,0.11089108910891089,0.12853137804615053,0.2563085982956717,74.2,113.2,113.2
00-0034772,Antonio Callaway,WR,2018,CLE,16,0,0,0,0,0,2,7,0,0,79,43,586,5,1,1,0,0,1,0,0.14183123877917414,0.20055045871559632,0.35313217926967866,89.30000000000001,132.3,132.3
00-0034775,Christian Kirk,WR,2018,ARI,12,0,0,0,0,0,3,35,0,0,68,43,590,3,0,0,0,0,0,0,0.14376321353065538,0.16436290525257602,0.3306988539727863,80.5,123.5,123.5
00-0034777,DJ Chark,WR,2018,JAX,11,0,0,0,0,0,0,0,0,0,32,14,174,0,0,1,0,0,1,0,0.061068702290076333,0.08313476303944929,0.149797387562729,15.400000000000002,29.400000000000002,29.400000000000002
00-0034791,Nick Chubb,RB,2018,CLE,16,0,0,0,0,0,192,996,8,0,29,20,149,2,0,0,0,0,0,0,0.05206463195691203,0.007706422018348624,0.08349144334821208,174.5,194.5,194.50000000000003
00-0034796,Lamar Jackson,QB,2018,BAL,16,170,1201,6,3,0,147,695,5,0,2,0,0,0,0,4,2,2,0,0,0.0037105751391465678,-0.00041640641265875496,0.005274378219858723,157.54,157.54,157.54
00-0034798,Durham Smythe,TE,2018,MIA,8,0,0,0,0,0,0,0,0,0,11,6,50,0,0,0,0,0,0,0,0.02528735632183908,0.012706136793728035,0.04682533023836824,5.0,11.0,11.0
00-0034799,Kalen Ballage,RB,2018,MIA,12,0,0,0,0,0,36,191,1,0,11,9,56,0,0,1,0,1,0,0,0.02528735632183908,-0.003784806704514734,0.035281669789598305,28.700000000000003,37.7,37.7
00-0034808,John Kelly,RB,2018,LA,4,0,0,0,0,0,27,74,0,0,3,2,27,0,0,0,0,0,0,0,0.005504587155963303,-0.0012229922543823889,0.007400786155877283,10.100000000000001,12.100000000000001,12.100000000000001
00-0034816,Ronald Jones,RB,2018,TB,7,0,0,0,0,0,23,44,1,0,9,7,33,0,0,0,0,0,0,0,0.014539579967689823,-0.0021077988557663355,0.0203339107524983,13.7,20.7,20.700000000000003
00-0034827,DJ Moore,WR,2018,CAR,16,0,0,0,0,0,13,172,0,0,82,55,788,2,0,3,0,1,1,0,0.15073529411764705,0.17712088440278778,0.350087560258422,104.0,159.0,159.0
00-0034829,Mike Gesicki,TE,2018,MIA,14,0,0,0,0,0,0,0,0,0,32,22,202,0,0,1,0,0,1,0,0.0735632183908046,0.07434441741011084,0.16238591977328448,18.200000000000003,40.2,40.2
00-0034830,Hayden Hurst,TE,2018,BAL,9,0,0,0,0,0,1,0,0,0,23,13,163,1,0,0,0,0,0,0,0.04267161410018553,0.034353529044347283,0.0880548914813214,22.3,35.3,35.3
00-0034837,Calvin Ridley,WR,2018,ATL,16,0,0,0,0,0,6,27,0,0,92,64,821,10,0,1,0,0,1,0,0.152317880794702,0.1776091081593928,0.35280319690362794,142.8,206.8,206.8
00-0034838,Royce Freeman,RB,2018,DEN,14,0,0,0,0,0,130,521,5,0,20,14,72,0,0,1,0,1,0,0,0.03546099290780142,0.0034121929026387624,0.05558002439354927,87.30000000000001,101.30000000000001,101.3
00-0034844,Saquon Barkley,RB,2018,NYG,16,0,0,0,0,0,261,1307,11,1,121,91,721,4,0,0,0,0,0,0,0.21080139372822299,0.004116167390807226,0.31908340776589955,294.8,385.8,385.8
00-0034845,Sony Michel,RB,2018,NE,13,0,0,0,0,0,209,931,6,0,11,7,50,0,0,1,0,1,0,0,0.019784172661870502,0.002450434395188238,0.031391563069437516,132.10000000000002,139.10000000000002,139.10000000000002
00-0034854,KhaDarel Hodge,WR,2018,LA,6,0,0,0,0,0,0,0,0,0,3,2,17,0,0,0,0,0,0,0,0.005504587155963303,0.004891969017529555,0.011681259046215644,1.7000000000000002,3.7,3.7
00-0034855,Baker Mayfield,QB,2018,CLE,14,486,3725,27,14,1,39,131,0,0,1,0,0,0,1,3,2,1,0,0,0.0017953321364452424,0.0022018348623853213,0.0042342826083375884,240.1,240.1,240.1
00-0034857,Josh Allen,QB,2018,BUF,12,319,2044,10,12,1,89,631,8,0,1,0,0,0,0,2,1,1,0,0,0.0020876826722338203,0.0026299817924337445,0.0049725112630543515,206.86,206.86,206.86
00-0034860,Dante Pettis,WR,2018,SF,12,0,0,0,0,0,1,-2,0,0,45,27,467,5,0,0,0,0,0,0,0.08737864077669903,0.13159968479117415,0.22318774051887044,76.5,103.5,103.5
00-0034867,Malik Turner,WR,2018,SEA,3,0,0,0,0,0,0,0,0,0,3,2,20,0,0,0,0,0,0,0,0.0075,0.002869814766501435,0.013258870336551005,2.0,4.0,4.0
00-0034869,Sam Darnold,QB,2018,NYJ,13,414,2865,17,15,0,43,135,1,0,0,0,0,0,0,2,1,1,0,0,0.0,0.0,0.0,168.10000000000002,168.10000000000002,168.10000000000002
00-0019596,Tom Brady,QB,2019,NE,16,613,4057,24,8,1,26,34,3,0,0,0,0,0,0,1,1,0,0,0,0.0,0.0,0.0,263.67999999999995,263.67999999999995,263.67999999999995
00-0020531,Drew Brees,QB,2019,NO,11,378,2979,27,4,0,9,-4,1,0,0,0,0,0,0,0,0,0,0,0,0.0,0.0,0.0,224.76,224.76,224.76
00-0021206,Josh McCown,QB,2019,PHI,2,5,24,0,0,0,2,-2,0,0,0,0,0,0,0,0,0,0,0,0,0.0,0.0,0.0,0.76,0.76,0.76
00-0022127,Jason Witten,TE,2019,DAL,16,0,0,0,0,0,0,0,0,0,83,63,529,4,1,1,0,0,1,0,0.1440972222222222,0.09727418492784608,0.28423776278282553,76.9,139.9,139.9
00-0022787,Matt Schaub,QB,2019,ATL,5,67,580,3,1,1,3,-3,0,0,0,0,0,0,0,1,1,0,0,0,0.0,0.0,0.0,32.900000000000006,32.900000000000006,32.900000000000006
00-0022803,Eli Manning,QB,2019,NYG,4,147,1042,6,5,0,4,7,0,0,0,0,0,0,0,1,1,0,0,0,0.0,0.0,0.0,54.38000000000001,54.38000000000001,54.38000000000001
00-0022921,Larry Fitzgerald,WR,2019,ARI,16,0,0,0,0,0,0,0,0,0,109,75,804,4,0,1,0,0,1,0,0.2060491493383743,0.2030989272943981,0.45124297311364014,102.4,177.4,177.4
00-0022924,Ben Roethlisberger,QB,2019,PIT,2,62,351,0,1,0,1,7,0,0,0,0,0,0,0,0,0,0,0,0,0.0,0.0,0.0,12.74,12.74,12.74
00-0022942,Philip Rivers,QB,2019,LAC,16,591,4615,23,20,1,12,29,0,0,0,0,0,0,0,3,2,1,0,0,0.0,0.0,0.0,235.50000000000003,235.50000000000003,235.50000000000003
00-0022943,Benjamin Watson,TE,2019,NE,9,0,0,0,0,0,0,0,0,0,24,17,173,0,0,0,0,0,0,0,0.04088586030664395,0.04601161040636422,0.09353691774442088,17.3,34.3,34.3
00-0023459,Aaron Rodgers,QB,2019,GB,16,569,4002,26,4,2,46,183,1,1,0,0,0,0,0,4,3,1,0,0,0.0,0.0,0.0,278.38000000000005,278.38000000000005,278.38000000000005
00-0023500,Frank Gore,RB,2019,BUF,15,0,0,0,0,0,166,599,2,0,16,13,100,0,0,0,0,0,0,0,0.032989690721649485,0.002987622705932565,0.051575871976627025,81.9,94.9,94.9
00-0023564,Darren Sproles,RB,2019,PHI,6,0,0,0,0,0,17,66,0,1,10,6,24,0,0,0,0,0,0,0,0.016556291390728478,0.003050640634533252,0.026969885530265993,11.0,17.0,17.0
00-0023682,Ryan Fitzpatrick,QB,2019,MIA,15,502,3529,20,13,1,54,243,4,0,0,0,0,0,0,2,1,1,0,0,0.0,0.0,0.0,241.46,241.46,241.46
00-0024221,Vernon Davis,TE,2019,WAS,4,0,0,0,0,0,0,0,0,0,19,10,123,1,0,0,0,0,0,0,0.040948275862068964,0.03599890079692223,0.086621644350949,18.3,28.3,28.3
00-0024243,Marcedes Lewis,TE,2019,GB,12,0,0,0,0,0,0,0,0,0,19,15,156,1,0,0,0,0,0,0,0.03505535055350553,0.021730462519936204,0.06779434959421364,21.6,36.6,36.6
00-0024389,Delanie Walker,TE,2019,TEN,6,0,0,0,0,0,0,0,0,0,31,21,215,2,0,0,0,0,0,0,0.07242990654205607,0.06001538856116953,0.15065563180590277,33.5,54.5,54.5
00-0025394,Adrian Peterson,RB,2019,WAS,15,0,0,0,0,0,211,898,5,0,23,17,142,0,0,2,0,1,1,0,0.04956896551724138,-0.011816433086012641,0.06608194511565323,130.0,147.0,147.0
00-0025396,Ted Ginn,WR,2019,NO,15,0,0,0,0,0,3,18,0,0,56,30,421,2,0,0,0,0,0,0,0.1001788908765653,0.23810796365579903,0.3169439108739073,55.900000000000006,85.9,85.9
00-0025399,Marshawn Lynch,RB,2019,SEA,1,0,0,0,0,0,12,34,1,0,0,0,0,0,0,0,0,0,0,0,0.0,0.0,0.0,9.4,9.4,9.4
00-0025418,Greg Olsen,TE,2019,CAR,14,0,0,0,0,0,0,0,0,0,82,52,597,2,0,0,0,0,0,0,0.13666666666666666,0.13927156067182486,0.30249009247027736,71.7,123.7,123.7
00-0025708,Matt Moore,QB,2019,KC,6,91,659,4,0,0,5,-1,0,0,0,0,0,0,0,0,0,0,0,0,0.0,0.0,0.0,42.26,42.26,42.26
00-0026035,Danny Amendola,WR,2019,DET,15,1,19,1,0,0,0,0,0,0,97,62,678,1,0,0,0,0,0,0,0.17636363636363636,0.15665078783437156,0.3742010060295146,78.56,140.56,140.56
00-0026143,Matt Ryan,QB,2019,ATL,15,616,4466,26,14,1,34,147,1,0,0,0,0,0,0,5,4,1,0,0,0.0,0.0,0.0,267.34,267.34,267.34
00-0026158,Joe Flacco,QB,2019,DEN,8,262,1822,6,5,1,12,20,0,0,0,0,0,0,0,3,3,0,0,0,0.0,0.0,0.0,84.88,84.88,84.88
00-0026189,DeSean Jackson,WR,2019,PHI,2,0,0,0,0,0,0,0,0,0,10,9,159,2,0,0,0,0,0,0,0.016556291390728478,0.02989627821842587,0.045761831838990824,27.9,36.9,36.9
00-0026293,Matthew Slater,WR,2019,NE,7,0,0,0,0,0,0,0,0,0,0,0,0,0,0,0,0,0,0,1,0.0,0.0,0.0,6.0,6.0,6.0
00-0026498,Matthew Stafford,QB,2019,DET,8,291,2499,19,5,0,20,66,0,0,0,0,0,0,0,3,2,1,0,0,0.0,0.0,0.0,166.56,166.56,166.56
00-0026544,Chase Daniel,QB,2019,CHI,3,64,435,3,2,0,6,6,0,0,0,0,0,0,0,0,0,0,0,0,0.0,0.0,0.0,26.000000000000004,26.000000000000004,26.000000000000004
00-0026625,Brian Hoyer,QB,2019,IND,4,65,372,4,4,0,8,2,0,0,0,0,0,0,0,1,1,0,0,0,0.0,0.0,0.0,21.080000000000002,21.080000000000002,21.080000000000002
00-0026986,Michael Crabtree,WR,2019,ARI,2,0,0,0,0,0,0,0,0,0,5,4,22,0,0,0,0,0,0,0,0.00945179584120983,0.006197854588796186,0.018516191973972074,2.2,6.2,6.2
00-0027029,LeSean McCoy,RB,2019,KC,13,0,0,0,0,0,101,465,4,0,34,28,181,1,0,2,0,1,1,0,0.06093189964157706,-0.0048830111902339775,0.08797974162920182,90.60000000000001,118.60000000000001,118.6
00-0027061,Jared Cook,TE,2019,NO,14,0,0,0,0,0,0,0,0,0,65,43,705,9,0,0,0,0,0,0,0.11627906976744186,0.17958311063602353,0.3001267820963792,124.5,167.5,167.5
00-0027150,Julian Edelman,WR,2019,NE,16,2,47,1,0,0,8,27,0,0,153,100,1117,6,1,1,0,0,1,0,0.2606473594548552,0.3119759191571705,0.6093541825923021,156.28,256.28,256.28
00-0027685,Emmanuel Sanders,WR,2019,SF,17,1,35,1,0,0,0,0,0,0,97,66,869,5,1,0,0,0,0,0,0.20166320166320167,0.2918796138557638,0.5068105321938372,124.30000000000001,190.3,190.3
00-0027688,Colt McCoy,QB,2019,WAS,1,27,122,0,1,0,2,14,0,0,0,0,0,0,0,0,0,0,0,0,0.0,0.0,0.0,4.28,4.28,4.28
00-0027691,Andre Roberts,WR,2019,BUF,13,0,0,0,0,0,1,7,0,0,7,3,20,0,0,0,0,0,0,0,0.01443298969072165,0.023260776781903542,0.03793202828341495,2.7,5.7,5.7
00-0027696,Jimmy Graham,TE,2019,GB,16,0,0,0,0,0,0,0,0,0,60,38,447,3,0,0,0,0,0,0,0.11070110701107011,0.10625996810207336,0.24043363818805652,62.7,100.7,100.7
00-0027793,Antonio Brown,WR,2019,NE,1,0,0,0,0,0,1,5,0,0,8,4,56,1,0,0,0,0,0,0,0.013628620102214651,0.01978069232423135,0.034289414780283925,12.100000000000001,16.1,16.1
00-0027874,Demaryius Thomas,WR,2019,NYJ,11,0,0,0,0,0,0,0,0,0,58,36,433,1,0,0,0,0,0,0,0.11788617886178862,0.14004272489912176,0.27485917572206814,49.300000000000004,85.30000000000001,85.30000000000001
00-0027891,Golden Tate,WR,2019,NYG,11,0,0,0,0,0,1,16,0,0,85,49,676,6,0,1,0,0,0,0,0.1445578231292517,0.16710983841276333,0.33381362158281186,105.2,154.2,154.2
00-0027939,Cam Newton,QB,2019,CAR,2,89,572,0,1,0,5,-2,0,0,0,0,0,0,0,2,0,2,0,0,0.0,0.0,0.0,16.68,16.68,16.68
00-0027944,Julio Jones,WR,2019,ATL,15,0,0,0,0,0,2,-3,0,0,157,99,1394,6,0,0,0,0,0,0,0.23969465648854962,0.35320686540198737,0.6067867905142156,175.1,274.1,274.1
00-0027966,Mark Ingram,RB,2019,BAL,15,0,0,0,0,0,202,1018,10,2,29,26,247,5,0,2,0,2,0,0,0.06839622641509434,0.011250654107796965,0.11046979749809938,216.5,242.5,242.5
00-0027973,Andy Dalton,QB,2019,CIN,13,528,3494,16,14,1,32,73,4,1,1,1,-4,0,0,4,4,0,0,0,0.001697792869269949,-0.0015929908403026682,0.0014315957156930557,202.66,203.66,203.66
00-0027981,Kyle Rudolph,TE,2019,MIN,15,0,0,0,0,0,0,0,0,0,48,39,367,6,1,0,0,0,0,0,0.1085972850678733,0.08712871287128712,0.22388602661171095,74.7,113.7,113.7
00-0027985,Lance Kendricks,TE,2019,LAC,4,0,0,0,0,0,0,0,0,0,7,3,50,0,0,0,0,0,0,0,0.012152777777777778,0.01456979720417405,0.028428024709588502,5.0,8.0,8.0
00-0028002,Randall Cobb,WR,2019,DAL,15,1,0,0,0,0,3,11,0,0,83,55,828,3,0,1,0,0,1,0,0.1440972222222222,0.1468020666310351,0.31890727997505786,99.9,154.9,154.9
00-0028042,Luke Stocker,TE,2019,ATL,12,0,0,0,0,0,0,0,0,0,14,8,53,0,0,0,0,0,0,0,0.021374045801526718,0.01084010840108401,0.039649144583048884,5.300000000000001,13.3,13.3
00-0028063,Taiwan Jones,RB,2019,HOU,8,0,0,0,0,0,9,40,0,0,1,1,9,0,0,0,0,0,0,0,0.0019305019305019305,-0.0006326444538169548,0.0024529017780810275,4.9,5.9,5.9
00-0028064,Bilal Powell,RB,2019,NYJ,12,1,0,0,0,0,59,229,0,0,12,7,33,0,0,0,0,0,0,0,0.024390243902439025,0.004984571564206029,0.04007456594860276,26.200000000000003,33.2,33.2
00-0028087,Dion Lewis,RB,2019,TEN,15,0,0,0,0,0,54,209,0,0,32,25,164,1,0,1,0,1,0,0,0.07476635514018691,-0.005898948448320082,0.1080202687964563,41.300000000000004,66.30000000000001,66.30000000000001
00-0028097,Lee Smith,TE,2019,BUF,8,0,0,0,0,0,0,0,0,0,5,4,31,1,0,0,0,0,0,0,0.010309278350515464,0.006828851899274435,0.0202441138552653,9.1,13.1,13.1
00-0028112,Charles Clay,TE,2019,ARI,15,0,0,0,0,0,0,0,0,0,24,18,237,1,0,0,0,0,0,0,0.045368620037807186,0.03623361144219309,0.09341645806624595,29.700000000000003,47.7,47.7
00-0028114,Dwayne Harris,WR,2019,LV,3,0,0,0,0,0,0,0,0,0,1,1,7,0,0,0,0,0,0,0,0.002036659877800407,0.0,0.003054989816700611,0.7000000000000001,1.7000000000000002,1.7000000000000002
00-0028118,Tyrod Taylor,QB,2019,LAC,4,6,33,1,0,0,10,7,0,0,1,0,0,0,0,0,0,0,0,0,0.001736111111111111,-0.0007875566056310297,0.002052877042724946,6.0200000000000005,6.0200000000000005,6.0200000000000005
00-0028142,Virgil Green,TE,2019,LAC,12,0,0,0,0,0,0,0,0,0,13,9,78,1,0,0,0,0,0,0,0.022569444444444444,0.012404016538688719,0.04253697824374877,13.8,22.8,22.8
00-0028237,Chris Hogan,WR,2019,CAR,7,0,0,0,0,0,0,0,0,0,15,8,67,0,0,0,0,0,0,0,0.025,0.023023211926778638,0.05361624834874505,6.7,14.7,14.7
00-0028411,Dontrelle Inman,WR,2019,IND,7,0,0,0,0,0,0,0,0,0,21,12,181,0,0,0,0,0,0,0,0.036458333333333336,0.05631029730261863,0.09410470811183304,18.1,30.1,30.1
00-0028581,Patrick DiMarco,RB,2019,BUF,7,0,0,0,0,0,3,7,0,0,7,5,41,0,0,0,0,0,0,0,0.01443298969072165,0.006828851899274435,0.026429680865574578,4.800000000000001,9.8,9.8
00-0028903,Garrett Celek,TE,2019,SF,3,0,0,0,0,0,0,0,0,0,0,0,0,0,0,0,0,0,0,0,0.0,0.0,0.0,0.0,0.0,0.0
00-0028986,Case Keenum,QB,2019,WAS,10,247,1707,11,5,0,9,12,1,0,0,0,0,0,0,3,2,1,0,0,0.0,0.0,0.0,103.48,103.48,103.48
00-0029000,Cole Beasley,WR,2019,BUF,15,0,0,0,0,0,0,0,0,0,106,67,778,6,2,0,0,0,0,0,0.21855670103092784,0.18011096884336322,0.453912729736746,117.80000000000001,184.8,184.8
00-0029119,Derek Carrier,TE,2019,LV,11,0,0,0,0,0,1,27,0,0,19,13,108,1,0,0,0,0,0,0,0.038696537678207736,0.0475915777329103,0.09135891093034881,19.5,32.5,32.5
00-0029137,Alshon Jeffery,WR,2019,PHI,9,0,0,0,0,0,1,2,1,0,73,43,490,4,0,0,0,0,0,0,0.12086092715231789,0.16331096196868009,0.29560906410655285,79.2,122.2,122.2
00-0029141,Alfred Morris,RB,2019,ARI,1,0,0,0,0,0,1,4,0,0,0,0,0,0,0,0,0,0,0,0,0.0,0.0,0.0,0.4,0.4,0.4
00-0029239,Brandon Bolden,RB,2019,NE,15,0,0,0,0,0,15,68,3,0,11,9,111,1,0,0,0,0,0,0,0.018739352640545145,0.014190496667383359,0.03804237662798607,41.900000000000006,50.900000000000006,50.900000000000006
00-0029263,Russell Wilson,QB,2019,SEA,16,516,4110,31,5,1,75,342,3,0,0,0,0,0,0,2,0,2,0,0,0.0,0.0,0.0,328.59999999999997,328.59999999999997,328.59999999999997
00-0029269,Travis Benjamin,WR,2019,LAC,5,0,0,0,0,0,0,0,0,0,16,6,30,0,0,0,0,0,0,0,0.027777777777777776,0.040756054341405785,0.07019590470565071,3.0,9.0,9.0
00-0029293,Marvin Jones,WR,2019,DET,13,0,0,0,0,0,2,0,0,0,91,62,779,9,0,0,0,0,0,0,0.16545454545454547,0.2172957127152803,0.4002888170825144,131.9,193.9,193.9
00-0029319,Josh Bellamy,WR,2019,NYJ,5,0,0,0,0,0,0,0,0,0,3,2,20,0,0,0,0,0,0,0,0.006097560975609756,0.005459292665558984,0.012967846329305924,2.0,4.0,4.0
00-0029492,Jamize Olawale,RB,2019,DAL,6,0,0,0,0,0,0,0,0,0,2,0,0,0,0,0,0,0,0,0,0.003472222222222222,0.006235524674861928,0.009573200605736682,0.0,0.0,0.0
00-0029567,Nick Foles,QB,2019,JAX,4,117,736,3,2,1,4,23,0,0,0,0,0,0,0,2,2,0,0,0,0.0,0.0,0.0,37.739999999999995,37.739999999999995,37.739999999999995
00-0029572,Jarius Wright,WR,2019,CAR,16,0,0,0,0,0,1,-7,0,0,58,28,296,0,0,0,0,0,0,0,0.09666666666666666,0.11662577844876391,0.22663804491413472,28.900000000000002,56.900000000000006,56.900000000000006
00-0029587,Rhett Ellison,TE,2019,NYG,10,0,0,0,0,0,0,0,0,0,28,18,167,1,0,0,0,0,0,0,0.047619047619047616,0.02986295766005318,0.09233264179060865,22.7,40.7,40.7
00-0029604,Kirk Cousins,QB,2019,MIN,15,444,3603,26,6,1,31,63,1,0,1,0,0,0,0,3,3,0,0,0,0.0022624434389140274,0.0033946251768033945,0.005769902782133417,244.42000000000002,244.42000000000002,244.42000000000002
00-0029608,T.Y. Hilton,WR,2019,IND,10,0,0,0,0,0,0,0,0,0,68,45,501,5,0,0,0,0,0,0,0.13934426229508196,0.16896969696969696,0.3272951813214108,80.1,125.1,125.1
00-0029623,Alex Tanney,QB,2019,NYG,1,1,1,0,0,0,0,0,0,0,0,0,0,0,0,0,0,0,0,0,0.0,0.0,0.0,0.04,0.04,0.04
00-0029632,Mohamed Sanu,WR,2019,NE,15,0,0,0,0,0,3,11,0,0,89,59,520,2,0,0,0,0,0,0,0.13587786259541984,0.12122854561878953,0.28867677582628243,65.1,124.1,124.1
00-0029664,Josh Gordon,WR,2019,SEA,11,1,0,0,1,0,1,1,0,0,47,27,426,1,0,0,0,0,0,0,0.08006814310051108,0.11137389808643303,0.19806394331126975,46.7,73.7,73.7
00-0029665,Robert Griffin III,QB,2019,BAL,6,38,225,1,2,0,20,70,0,0,0,0,0,0,0,0,0,0,0,0,0.0,0.0,0.0,16.0,16.0,16.0
00-0029701,Ryan Tannehill,QB,2019,TEN,12,286,2742,22,6,0,43,185,4,1,0,0,0,0,0,3,3,0,0,0,0.0,0.0,0.0,224.18,224.18,224.18
00-0029738,Darren Fells,TE,2019,HOU,15,0,0,0,0,0,0,0,0,0,48,34,341,7,0,0,0,0,0,0,0.09266409266409266,0.05440742302825812,0.17708133511591967,76.1,110.1,110.1
00-0029854,C.J. Anderson,RB,2019,DET,2,0,0,0,0,0,16,43,0,0,0,0,0,0,0,0,0,0,0,0,0.0,0.0,0.0,4.3,4.3,4.3
00-0029857,Ryan Griffin,QB,2019,TB,2,4,18,0,0,0,4,-1,0,0,0,0,0,0,0,0,0,0,0,0,0.0,0.0,0.0,0.62,0.62,0.62
00-0030035,Adam Thielen,WR,2019,MIN,10,0,0,0,0,0,4,6,1,0,48,30,418,6,0,0,0,0,0,0,0.1085972850678733,0.16577086280056577,0.27893553156220596,84.4,114.4,114.4
00-0030061,Zach Ertz,TE,2019,PHI,15,0,0,0,0,0,0,0,0,0,135,88,916,6,1,1,0,0,1,0,0.22350993377483444,0.2397803538743136,0.5031111483742712,127.60000000000002,215.60000000000002,215.60000000000002
00-0030068,Marquise Goodwin,WR,2019,SF,8,0,0,0,0,0,1,15,0,0,21,12,186,1,0,0,0,0,0,0,0.044967880085653104,0.08989123480486244,0.13037568449188336,26.1,38.1,38.1
00-0030085,Kenny Stills,WR,2019,HOU,13,0,0,0,0,0,0,0,0,0,55,40,561,4,0,0,0,0,0,0,0.10617760617760617,0.12146773513285533,0.24429382385940798,80.1,120.1,120.1
00-0030089,Luke Willson,TE,2019,SEA,7,0,0,0,0,0,0,0,0,0,10,8,79,0,0,0,0,0,0,0,0.020242914979757085,0.014805675508945095,0.0407283453258972,7.9,15.9,15.9
00-0030108,Ryan Griffin,TE,2019,NYJ,13,0,0,0,0,0,0,0,0,0,41,34,320,5,1,0,0,0,0,0,0.08333333333333333,0.052931402800854496,0.16205198196059814,64.0,98.0,98.0
00-0030147,Russell Shepard,WR,2019,NYG,2,0,0,0,0,0,0,0,0,0,8,3,25,0,0,0,0,0,0,0,0.013605442176870748,0.014726938024135815,0.030717019882201192,2.5,5.5,5.5
00-0030155,Demetrius Harris,TE,2019,CLE,14,0,0,0,0,0,0,0,0,0,27,15,149,3,1,0,0,0,0,0,0.05222437137330754,0.03669328728685517,0.10402185816075993,34.9,49.9,49.9
00-0030181,Jack Doyle,TE,2019,IND,16,0,0,0,0,0,0,0,0,0,72,43,448,4,0,0,0,0,0,0,0.14754098360655737,0.11903030303030303,0.30463268753104816,68.80000000000001,111.80000000000001,111.80000000000001
00-0030216,Josh Hill,TE,2019,NO,14,0,0,0,0,0,0,0,0,0,35,25,226,3,0,0,0,0,0,0,0.0626118067978533,0.04623196151790487,0.12628008325931336,40.6,65.6,65.6
00-0030279,Keenan Allen,WR,2019,LAC,16,0,0,0,0,0,3,16,0,0,149,104,1199,6,0,0,0,0,0,0,0.2586805555555556,0.2965150620200827,0.5955813767473912,157.5,261.5,261.5
00-0030288,Rex Burkhead,RB,2019,NE,13,0,0,0,0,0,65,302,3,0,38,27,279,0,0,1,0,0,1,0,0.06473594548551959,0.02644592560739626,0.11561606615345676,74.1,101.1,101.10000000000001
00-0030300,Jaron Brown,WR,2019,SEA,10,0,0,0,0,0,0,0,0,0,28,16,220,2,0,1,0,0,1,0,0.05668016194331984,0.05264240180958256,0.12186992418168754,32.0,48.0,48.0
00-0030404,Chris Thompson,RB,2019,WAS,11,0,0,0,0,0,37,138,0,0,58,42,378,0,0,0,0,0,0,0,0.125,0.0277548777136576,0.2069284143995603,51.6,93.6,93.60000000000001
00-0030414,Spencer Ware,RB,2019,KC,3,0,0,0,0,0,17,51,0,0,7,5,22,0,0,0,0,0,0,0,0.012544802867383513,0.0004069175991861648,0.019102046620505585,7.300000000000001,12.3,12.3
00-0030431,Robert Woods,WR,2019,LA,15,0,0,0,0,0,17,115,1,0,139,90,1134,2,0,0,0,0,0,0,0.22712418300653595,0.2400903676319573,0.508749531852174,142.9,232.9,232.9
00-0030443,Levine Toilolo,TE,2019,SF,3,0,0,0,0,0,0,0,0,0,2,2,10,0,0,0,0,0,0,0,0.004282655246252677,-0.0009596928982725527,0.005752197840588228,1.0,3.0,3.0
00-0030456,Giovani Bernard,RB,2019,CIN,16,0,0,0,0,0,53,170,0,0,43,30,234,0,0,1,0,0,1,0,0.0730050933786078,0.0011947431302270011,0.1103439602590706,38.400000000000006,68.4,68.4
00-0030465,Kenjon Barner,RB,2019,ATL,14,1,3,0,0,0,4,28,0,0,8,6,22,0,0,1,0,0,0,1,0.012213740458015267,-0.0005420054200542005,0.01794120689298496,11.120000000000001,17.12,17.12
00-0030470,Vance McDonald,TE,2019,PIT,14,0,0,0,0,0,1,2,0,0,55,38,273,3,0,0,0,0,0,0,0.1134020618556701,0.06905116741182316,0.21843890997178136,45.5,83.5,83.5
00-0030496,Le'Veon Bell,RB,2019,NYJ,15,0,0,0,0,0,245,789,3,0,78,66,461,1,1,1,0,0,1,0,0.15853658536585366,0.010206503679088536,0.24494943062414246,149.0,215.0,215.0
00-0030506,Travis Kelce,TE,2019,KC,16,0,0,0,0,0,1,4,1,0,136,97,1229,5,0,1,0,0,1,0,0.24372759856630824,0.24903357070193285,0.5399148973408153,157.3,254.3,254.3
00-0030513,Latavius Murray,RB,2019,NO,16,0,0,0,0,0,146,637,5,0,43,34,235,1,0,0,0,0,0,0,0.07692307692307693,-0.013361838588989846,0.1060313283723225,123.2,157.2,157.2
00-0030520,Mike Glennon,QB,2019,LV,2,10,56,1,0,0,2,0,0,0,0,0,0,0,0,1,0,1,0,0,0.0,0.0,0.0,4.24,4.24,4.24
00-0030525,Tavon Austin,WR,2019,DAL,14,0,0,0,0,0,6,47,1,0,24,13,177,1,0,0,0,0,0,0,0.041666666666666664,0.05326919650810618,0.09978843755567432,34.400000000000006,47.400000000000006,47.4
00-0030533,Matt Barkley,QB,2019,BUF,2,51,359,0,3,0,2,-4,0,0,0,0,0,0,0,1,1,0,0,0,0.0,0.0,0.0,5.959999999999999,5.959999999999999,5.959999999999999
00-0030549,Tyler Eifert,TE,2019,CIN,16,0,0,0,0,0,0,0,0,0,63,43,436,3,1,0,0,0,0,0,0.10696095076400679,0.10374352847471127,0.23306189607830807,63.6,106.6,106.6
00-0030564,DeAndre Hopkins,WR,2019,HOU,15,2,6,1,1,0,2,18,0,0,150,104,1165,7,1,0,0,0,0,0,0.28957528957528955,0.31990721214677353,0.6582979828656758,164.54000000000002,268.54,268.54
00-0030578,Cordarrelle Patterson,RB,2019,CHI,16,0,0,0,0,0,17,103,0,0,17,11,83,0,0,0,0,0,0,1,0.030035335689045935,0.01851035698545615,0.05801025342338821,24.6,35.6,35.6
00-0030663,Willie Snead,WR,2019,BAL,16,0,0,0,0,0,2,2,0,0,46,31,339,5,0,0,0,0,0,0,0.10849056603773585,0.10701203558346416,0.23764427396502869,64.1,95.1,95.1
00-0030669,Albert Wilson,WR,2019,MIA,13,2,20,0,0,0,5,45,0,0,62,43,351,1,0,0,0,0,0,0,0.10231023102310231,0.05985722130697419,0.1953654014495354,46.4,89.4,89.4
00-0030670,Bennie Fowler,WR,2019,NYG,8,0,0,0,0,0,1,20,0,0,36,23,193,0,1,0,0,0,0,0,0.061224489795918366,0.07568009817958683,0.14481280341958833,23.3,46.3,46.3
00-0030710,Trey Burton,TE,2019,CHI,8,0,0,0,0,0,0,0,0,0,24,14,84,0,0,0,0,0,0,0,0.04240282685512368,0.026443367122080213,0.08211459726814167,8.4,22.4,22.4
00-0030711,David Fluellen,RB,2019,TEN,1,0,0,0,0,0,0,0,0,0,0,0,0,0,0,0,0,0,0,0,0.0,0.0,0.0,0.0,0.0,0.0
00-0030821,Allen Hurns,WR,2019,MIA,14,0,0,0,0,0,0,0,0,0,47,32,416,2,0,1,0,0,1,0,0.07755775577557755,0.0928061504667765,0.18130093899010988,51.6,83.6,83.6
00-0030874,Damien Williams,RB,2019,KC,11,0,0,0,0,0,111,498,5,0,37,30,213,2,0,1,0,1,0,0,0.06630824372759857,0.006917599186164801,0.10430468502171321,111.10000000000001,141.10000000000002,141.10000000000002
00-0031023,Quincy Enunwa,WR,2019,NYJ,1,0,0,0,0,0,0,0,0,0,3,1,-4,0,0,1,0,0,0,0,0.006097560975609756,0.008307619273676715,0.014961674954988336,-0.4,0.6,0.6
00-0031035,Xavier Grimble,TE,2019,PIT,2,0,0,0,0,0,0,0,0,0,3,1,3,0,0,0,0,0,0,0,0.006185567010309278,0.0022354694485842027,0.01084317912947286,0.30000000000000004,1.3,1.3
00-0031045,Carlos Hyde,RB,2019,HOU,16,0,0,0,0,0,245,1070,6,0,16,10,42,0,0,2,0,2,0,0,0.03088803088803089,0.004639392661324336,0.04957962119497337,143.2,153.2,153.2
00-0031051,John Brown,WR,2019,BUF,15,1,28,1,0,0,2,7,0,0,115,72,1060,6,0,0,0,0,0,0,0.23711340206185566,0.35574050362782755,0.6046884556322627,147.82,219.82,219.82
00-0031060,De'Anthony Thomas,WR,2019,BAL,14,0,0,0,0,0,2,5,0,0,2,1,6,0,0,0,0,0,0,0,0.0035842293906810036,-0.0002034587995930824,0.005233922926306348,1.1,2.1,2.1
00-0031062,James White,RB,2019,NE,15,1,35,0,0,0,67,263,1,1,95,72,645,5,0,1,0,0,0,0,0.16183986371379896,0.04816168565899807,0.27647297553199707,130.20000000000002,202.20000000000002,202.2
00-0031068,Ryan Grant,WR,2019,LV,2,0,0,0,0,0,0,0,0,0,9,4,14,0,0,0,0,0,0,0,0.018329938900203666,0.010095183155465821,0.03456153655913157,1.4000000000000001,5.4,5.4
00-0031076,David Fales,QB,2019,NYJ,1,0,0,0,0,0,0,0,0,0,0,0,0,0,0,0,0,0,0,0,0.0,0.0,0.0,0.0,0.0,0.0
00-0031166,Seth Roberts,WR,2019,BAL,14,0,0,0,0,0,0,0,0,0,35,21,271,2,0,0,0,0,0,0,0.08254716981132075,0.08634222919937205,0.18426031515654157,39.1,60.1,60.1
00-0031167,Scott Simonson,TE,2019,NYG,3,0,0,0,0,0,0,0,0,0,2,2,11,0,0,0,0,0,0,0,0.003401360544217687,0.0016363264471262017,0.006247469329314872,1.1,3.1,3.1
00-0031189,T.J. Jones,WR,2019,NYG,3,0,0,0,0,0,0,0,0,0,4,3,38,1,0,0,0,0,0,0,0.006802721088435374,0.006136224176723257,0.01449943855635934,9.8,12.8,12.8
00-0031209,Senorise Perry,RB,2019,BUF,8,0,0,0,0,0,3,3,0,0,1,1,1,0,0,0,0,0,0,0,0.002061855670103093,-0.0002134016218523261,0.0029434023698580113,0.4,1.4,1.4
00-0031228,Taylor Gabriel,WR,2019,CHI,9,0,0,0,0,0,3,20,0,0,48,29,353,4,0,0,0,0,0,0,0.08480565371024736,0.12252093433230499,0.21297313459798453,61.300000000000004,90.30000000000001,90.30000000000001
00-0031235,Odell Beckham Jr.,WR,2019,CLE,16,2,20,0,0,0,3,10,0,0,133,74,1035,4,0,1,0,0,0,0,0.2572533849129594,0.3725447873947766,0.6466614285457827,129.3,203.3,203.3
00-0031236,Brandin Cooks,WR,2019,LA,14,0,0,0,0,0,6,52,0,0,72,42,583,2,0,0,0,0,0,0,0.11764705882352941,0.20620250564797699,0.320812342188878,75.5,117.5,117.5
00-0031237,Teddy Bridgewater,QB,2019,NO,9,196,1384,9,2,0,28,31,0,0,0,0,0,0,0,0,0,0,0,0,0.0,0.0,0.0,90.46,90.46,90.46
00-0031257,Paul Richardson,WR,2019,WAS,10,0,0,0,0,0,1,0,0,0,42,28,245,2,0,0,0,0,0,0,0.09051724137931035,0.11074471008518824,0.21329715912859729,36.5,64.5,64.5
00-0031260,Logan Thomas,TE,2019,DET,15,0,0,0,0,0,0,0,0,0,28,16,173,1,0,0,0,0,0,0,0.05090909090909091,0.03920850128252107,0.10380958726140112,23.3,39.3,39.3
00-0031273,Cameron Brate,TE,2019,TB,14,0,0,0,0,0,0,0,0,0,55,36,311,4,0,0,0,0,0,0,0.09060955518945635,0.0592946249807485,0.17742057027070846,55.1,91.1,91.1
00-0031280,Derek Carr,QB,2019,LV,16,513,4054,21,8,0,27,82,2,0,0,0,0,0,0,3,0,3,0,0,0.0,0.0,0.0,244.35999999999999,244.35999999999999,244.35999999999999
00-0031285,Devonta Freeman,RB,2019,ATL,14,0,0,0,0,0,184,656,2,0,70,59,410,4,0,2,0,1,1,0,0.10687022900763359,0.014272809394760614,0.1702963100877828,138.60000000000002,197.60000000000002,197.60000000000002
00-0031288,AJ McCarron,QB,2019,HOU,2,37,225,0,1,0,5,39,1,0,0,0,0,0,0,0,0,0,0,0,0.0,0.0,0.0,16.9,16.9,16.9
00-0031299,Jordan Matthews,TE,2019,PHI,2,0,0,0,0,0,0,0,0,0,12,4,33,0,0,0,0,0,0,0,0.019867549668874173,0.03559080740288794,0.054714889685332814,3.3000000000000003,7.300000000000001,7.300000000000001
00-0031319,Diontae Spencer,WR,2019,DEN,16,0,0,0,0,0,3,6,0,0,8,6,31,0,0,1,0,0,1,0,0.016632016632016633,0.013912549687677456,0.034686809729399165,1.7000000000000002,7.7,7.699999999999999
00-0031325,Sammy Watkins,WR,2019,KC,13,0,0,0,0,0,2,12,0,0,90,52,673,3,1,1,0,0,1,0,0.16129032258064516,0.17375381485249236,0.3635631542677124,86.5,138.5,138.5
00-0031339,Donte Moncrief,WR,2019,PIT,4,0,0,0,0,0,0,0,0,0,15,4,18,0,0,0,0,0,0,0,0.030927835051546393,0.050173869846000994,0.08151346146952029,1.8,5.8,5.8
00-0031344,Cody Latimer,WR,2019,NYG,14,0,0,0,0,0,0,0,0,0,42,24,300,2,0,0,0,0,0,0,0.07142857142857142,0.10165678052771528,0.17830260351225782,42.0,66.0,66.0
00-0031345,Jimmy Garoppolo,QB,2019,SF,16,476,3978,27,13,2,46,62,1,0,0,0,0,0,0,5,4,1,0,0,0.0,0.0,0.0,247.32,247.32,247.32
00-0031381,Davante Adams,WR,2019,GB,12,0,0,0,0,0,0,0,0,0,127,83,997,5,1,1,0,0,1,0,0.23431734317343172,0.25318979266347685,0.5287088696245814,129.7,212.7,212.7
00-0031382,Jarvis Landry,WR,2019,CLE,16,0,0,0,0,0,1,10,0,0,138,83,1174,6,0,0,0,0,0,0,0.26692456479690524,0.28987696956615583,0.603300725891667,154.4,237.4,237.4
00-0031387,Eric Ebron,TE,2019,IND,11,0,0,0,0,0,0,0,0,0,52,31,375,3,0,0,0,0,0,0,0.10655737704918032,0.12,0.24383606557377047,55.5,86.5,86.5
00-0031395,Garrett Gilbert,QB,2019,CLE,5,3,0,0,0,0,3,-3,0,0,0,0,0,0,0,0,0,0,0,0,0.0,0.0,0.0,-0.30000000000000004,-0.30000000000000004,-0.30000000000000004
00-0031407,Blake Bortles,QB,2019,LA,2,2,3,0,0,0,2,-9,0,0,0,0,0,0,0,0,0,0,0,0,0.0,0.0,0.0,-0.78,-0.78,-0.78
00-0031408,Mike Evans,WR,2019,TB,13,0,0,0,0,0,0,0,0,0,118,67,1157,8,1,0,0,0,0,0,0.19439868204283361,0.27367934698906515,0.483173565956596,165.7,232.7,232.7
00-0031428,Allen Robinson,WR,2019,CHI,16,0,0,0,0,0,1,2,0,0,154,98,1147,7,0,0,0,0,0,0,0.27208480565371024,0.375055090348171,0.6706657717242851,156.9,254.9,254.9
00-0031431,Marqise Lee,WR,2019,JAX,4,0,0,0,0,0,1,1,0,0,4,3,18,0,0,0,0,0,0,0,0.007104795737122558,0.004026845637583893,0.013475985551992562,1.9000000000000001,4.9,4.9
00-0031484,Chris Manhertz,TE,2019,CAR,3,0,0,0,0,0,0,0,0,0,1,1,11,0,0,0,0,0,0,0,0.0016666666666666668,0.0003774297037176826,0.002764200792602378,1.1,2.1,2.1
00-0031503,Jameis Winston,QB,2019,TB,16,626,5109,33,30,2,59,250,1,2,0,0,0,0,0,5,4,1,0,0,0.0,0.0,0.0,305.36,305.36,305.36
00-0031511,DeAndrew White,WR,2019,CAR,8,0,0,0,0,0,0,0,0,0,9,4,51,0,0,0,0,0,0,0,0.015,0.02509907529722589,0.04006935270805812,5.1000000000000005,9.100000000000001,9.100000000000001
00-0031544,Amari Cooper,WR,2019,DAL,16,0,0,0,0,0,1,6,0,0,119,79,1189,8,0,0,0,0,0,0,0.2065972222222222,0.27133440228042044,0.4998299149296276,167.5,246.5,246.5
00-0031547,DeVante Parker,WR,2019,MIA,16,0,0,0,0,0,0,0,0,0,128,72,1202,9,0,0,0,0,0,0,0.21122112211221122,0.3291231923851364,0.5472179178379123,174.2,246.2,246.2
00-0031549,Nelson Agholor,WR,2019,PHI,11,0,0,0,0,0,2,7,0,0,69,39,363,3,1,1,0,0,1,0,0.11423841059602649,0.15537929631889363,0.2801231233172653,55.0,94.0,94.0
00-0031558,Maxx Williams,TE,2019,ARI,13,0,0,0,0,0,0,0,0,0,19,15,202,1,0,0,0,0,0,0,0.035916824196597356,0.03265792610250298,0.07673578456664812,26.200000000000003,41.2,41.2
00-0031570,Justin Hardy,WR,2019,ATL,12,0,0,0,0,0,0,0,0,0,26,19,195,0,0,0,0,0,0,0,0.03969465648854962,0.03595302619692864,0.08470910307067447,19.5,38.5,38.5
00-0031577,Javorius Allen,RB,2019,NYG,4,0,0,0,0,0,10,36,1,0,2,1,9,0,0,0,0,0,0,0,0.003401360544217687,0.0022499488647985274,0.0066770050216854995,10.5,11.5,11.5
00-0031585,MyCole Pruitt,TE,2019,TEN,9,0,0,0,0,0,0,0,0,0,8,6,90,1,0,0,0,0,0,0,0.018691588785046728,0.007694280584765324,0.03342337958690582,15.0,21.0,21.0
00-0031588,Stefon Diggs,WR,2019,MIN,15,1,0,0,0,0,5,61,0,0,94,63,1130,6,0,3,0,0,2,0,0.21266968325791855,0.39575671852899574,0.5960342278571749,151.10000000000002,214.10000000000002,214.1
00-0031589,Brett Hundley,QB,2019,ARI,3,11,49,0,0,0,7,41,0,0,0,0,0,0,0,0,0,0,0,0,0.0,0.0,0.0,6.0600000000000005,6.0600000000000005,6.0600000000000005
00-0031590,Jay Ajayi,RB,2019,PHI,3,0,0,0,0,0,10,30,0,0,1,0,0,0,0,0,0,0,0,0,0.0016556291390728477,0.0002033760423022168,0.0026258069382208236,3.0,3.0,3.0
00-0031598,Nick Boyle,TE,2019,BAL,15,0,0,0,0,0,0,0,0,0,43,31,321,2,0,0,0,0,0,0,0.10141509433962265,0.06881214024071167,0.20029113967793213,44.1,75.1,75.1
00-0031610,Darren Waller,TE,2019,LV,16,0,0,0,0,0,2,5,0,0,117,90,1145,3,0,1,0,0,1,0,0.23828920570264767,0.24459186616671474,0.5286481148706719,131.0,221.0,221.0
00-0031665,Zach Zenner,RB,2019,ARI,3,0,0,0,0,0,3,-2,0,0,3,2,19,0,0,0,0,0,0,0,0.005366726296958855,0.0013361838588989846,0.00898541814666757,1.7000000000000002,3.7,3.7
00-0031687,Raheem Mostert,RB,2019,SF,16,0,0,0,0,0,137,772,8,0,22,14,180,2,0,2,0,1,0,0,0.047109207708779445,0.014395393474088292,0.08074058699503098,153.2,167.2,167.2
00-0031690,Eric Tomlinson,TE,2019,NE,2,0,0,0,0,0,0,0,0,0,1,1,1,0,0,0,0,0,0,0,0.0017006802721088435,0.0,0.002551020408163265,0.1,1.1,1.1
00-0031744,Matt LaCosse,TE,2019,NE,8,0,0,0,0,0,0,0,0,0,19,13,131,1,0,0,0,0,0,0,0.03236797274275979,0.028811008385293484,0.06871966498384513,19.1,32.1,32.1
00-0031763,DeAndre Carter,WR,2019,HOU,16,0,0,0,0,0,0,0,0,0,14,11,162,0,0,1,0,0,0,0,0.02702702702702703,0.03184310417545339,0.06283071346335792,16.2,27.2,27.2
00-0031787,Jake Kumerow,WR,2019,GB,11,0,0,0,0,0,0,0,0,0,21,12,219,1,0,0,0,0,0,0,0.03874538745387454,0.06319776714513557,0.10235651818240671,27.900000000000002,39.900000000000006,39.900000000000006
00-0031806,Malcolm Brown,RB,2019,LA,14,0,0,0,0,0,69,255,5,0,6,2,16,0,0,0,0,0,0,0,0.00980392156862745,0.0,0.014705882352941176,57.1,59.1,59.1
00-0031868,Damiere Byrd,WR,2019,ARI,11,0,0,0,0,0,0,0,0,0,46,32,359,1,0,1,0,0,1,0,0.08695652173913043,0.10917759237187127,0.20685909726900553,39.9,71.9,71.9
00-0031900,Rod Smith,RB,2019,LV,3,0,0,0,0,0,0,0,0,0,0,0,0,0,0,0,0,0,0,0,0.0,0.0,0.0,0.0,0.0,0.0
00-0031934,Devin Smith,WR,2019,DAL,3,0,0,0,0,0,0,0,0,0,9,5,113,1,0,0,0,0,0,0,0.015625,0.03189025476572243,0.045760678336005695,17.3,22.3,22.3
00-0031941,Jamison Crowder,WR,2019,NYJ,16,0,0,0,0,0,1,4,0,0,122,78,833,6,0,0,0,0,0,0,0.24796747967479674,0.23023973415618323,0.5331190334215233,119.7,197.7,197.70000000000002
00-0031951,James O'Shaughnessy,TE,2019,JAX,5,0,0,0,0,0,0,0,0,0,20,14,153,2,0,0,0,0,0,0,0.035523978685612786,0.027069351230425056,0.07223451388971672,27.3,41.3,41.3
00-0031953,Geremy Davis,WR,2019,LAC,6,0,0,0,0,0,0,0,0,0,3,3,38,0,0,0,0,0,0,0,0.005208333333333333,0.0070880094506792675,0.012774106615475487,3.8000000000000003,6.800000000000001,6.800000000000001
00-0031972,Darius Jennings,WR,2019,TEN,8,0,0,0,0,0,0,0,0,0,5,2,17,0,0,0,0,0,0,0,0.011682242990654205,0.019748653500897665,0.03134742193660967,1.7000000000000002,3.7,3.7
00-0032009,Adam Humphries,WR,2019,TEN,12,0,0,0,0,0,1,1,0,0,47,37,374,2,0,0,0,0,0,0,0.10981308411214953,0.0900230828417543,0.22773578415745233,49.5,86.5,86.5
00-0032054,Breshad Perriman,WR,2019,TB,14,0,0,0,0,0,2,16,0,0,69,36,645,6,0,0,0,0,0,0,0.11367380560131796,0.17372555059294625,0.2921185938170393,102.10000000000001,138.10000000000002,138.1
00-0032055,Devin Funchess,WR,2019,IND,1,0,0,0,0,0,0,0,0,0,5,3,32,0,0,0,0,0,0,0,0.010245901639344262,0.01187878787878788,0.023684003974167908,3.2,6.2,6.2
00-0032058,Tevin Coleman,RB,2019,SF,14,0,0,0,0,0,137,544,6,0,30,21,180,1,0,0,0,0,0,0,0.06423982869379015,-0.009916826615483045,0.0894179644098471,114.4,135.4,135.4
00-0032062,Blake Bell,TE,2019,KC,14,0,0,0,0,0,0,0,0,0,15,8,67,0,0,0,0,0,0,0,0.026881720430107527,0.02014242115971516,0.0544222754569619,6.7,14.7,14.7
00-0032063,Mike Davis,RB,2019,CAR,6,0,0,0,0,0,13,27,0,0,8,7,22,0,0,0,0,0,0,0,0.014134275618374558,0.0013221683561040105,0.02212693127683464,4.9,11.9,11.9
00-0032098,Daniel Brown,TE,2019,NYJ,11,0,0,0,0,0,0,0,0,0,11,7,72,1,0,0,0,0,0,0,0.022357723577235773,0.02634702112508901,0.051979500153415965,13.2,20.2,20.2
00-0032104,Ameer Abdullah,RB,2019,MIN,15,0,0,0,0,0,23,115,0,0,21,15,88,1,0,1,0,0,0,0,0.04751131221719457,0.002545968882602546,0.07304914654361364,26.3,41.3,41.3
00-0032112,J.J. Nelson,WR,2019,LV,1,0,0,0,0,0,0,0,0,0,5,4,36,1,0,0,0,0,0,0,0.010183299389002037,0.0074992789154888955,0.020524444324345283,9.6,13.6,13.6
00-0032117,Nick O'Leary,TE,2019,JAX,8,0,0,0,0,0,0,0,0,0,18,13,109,1,0,0,0,0,0,0,0.0297029702970297,0.017389712612117882,0.05672725427402707,16.9,29.9,29.9
00-0032128,Chris Conley,WR,2019,JAX,16,0,0,0,0,0,0,0,0,0,90,47,775,5,1,0,0,0,0,0,0.15985790408525755,0.28926174496644297,0.4422700776043964,109.5,156.5,156.5
00-0032134,C.J. Uzomah,TE,2019,CIN,14,0,0,0,0,0,0,0,0,0,40,27,242,2,0,0,0,0,0,0,0.06791171477079797,0.03106332138590203,0.12361189712632836,36.2,63.2,63.2
00-0032135,Jesse James,TE,2019,DET,13,0,0,0,0,0,0,0,0,0,27,16,142,0,0,0,0,0,0,0,0.04909090909090909,0.025833638695492853,0.09171991072320863,14.200000000000001,30.200000000000003,30.200000000000003
00-0032139,Ben Koyack,TE,2019,JAX,3,0,0,0,0,0,0,0,0,0,3,1,9,0,0,0,0,0,0,0,0.0053285968028419185,0.0011185682326621924,0.008775892967126412,0.9,1.9,1.9
00-0032141,Geoff Swaim,TE,2019,JAX,6,0,0,0,0,0,0,0,0,0,17,13,65,0,0,0,0,0,0,0,0.03019538188277087,0.013422818791946308,0.054689045978518716,6.5,19.5,19.5
00-0032144,Melvin Gordon,RB,2019,LAC,12,0,0,0,0,0,162,612,8,0,55,42,296,1,0,3,0,2,1,0,0.0954861111111111,-0.009647568418980115,0.13647586877338058,138.8,180.8,180.8
00-0032156,Trevor Siemian,QB,2019,NYJ,1,6,3,0,0,0,0,0,0,0,0,0,0,0,0,0,0,0,0,0,0.0,0.0,0.0,0.12,0.12,0.12
00-0032160,Tyrell Williams,WR,2019,LV,13,0,0,0,0,0,0,0,0,0,64,42,651,6,0,0,0,0,0,0,0.13034623217922606,0.25093740986443613,0.3711755351739444,101.10000000000001,143.10000000000002,143.10000000000002
00-0032187,David Johnson,RB,2019,ARI,12,0,0,0,0,0,94,345,2,0,47,36,370,4,0,1,0,0,1,0,0.0888468809073724,0.043146603098927296,0.1634729435303077,105.5,141.5,141.5
00-0032200,Ty Montgomery,WR,2019,NYJ,15,0,0,0,0,0,32,103,0,0,17,13,90,0,0,0,0,0,0,0,0.034552845528455285,0.005459292665558984,0.05565077315857422,19.3,32.3,32.3
00-0032208,Phillip Dorsett,WR,2019,NE,11,0,0,0,0,0,3,21,0,0,54,29,397,5,0,0,0,0,0,0,0.0919931856899489,0.16383573425069878,0.25267479251041247,71.80000000000001,100.80000000000001,100.80000000000001
00-0032209,T.J. Yeldon,RB,2019,BUF,4,0,0,0,0,0,17,63,0,0,15,13,124,0,0,1,0,1,0,0,0.030927835051546393,0.002560819462227913,0.048184326200879125,16.7,29.7,29.700000000000003
00-0032211,Tyler Lockett,WR,2019,SEA,16,0,0,0,0,0,4,-5,0,0,110,82,1057,8,0,0,0,0,0,0,0.22267206477732793,0.28192473781616284,0.5313554136373059,153.2,235.2,235.2
00-0032214,Tyler Kroft,TE,2019,BUF,9,0,0,0,0,0,0,0,0,0,14,6,71,1,0,0,0,0,0,0,0.0288659793814433,0.02176696542893726,0.05853584487242103,13.100000000000001,19.1,19.1
00-0032227,Jeff Heuerman,TE,2019,DEN,8,0,0,0,0,0,0,0,0,0,20,14,114,1,0,0,0,0,0,0,0.04158004158004158,0.030664395229982964,0.08383513903105044,17.4,31.4,31.4
00-0032241,Todd Gurley,RB,2019,LA,15,0,0,0,0,0,223,857,12,1,49,31,207,2,0,2,0,2,0,0,0.08006535947712418,0.007188334360238242,0.12512987326785302,188.4,219.4,219.39999999999998
00-0032245,Sean Mannion,QB,2019,MIN,3,21,126,0,2,0,6,-5,0,0,0,0,0,0,0,1,0,1,0,0,0.0,0.0,0.0,-1.46,-1.46,-1.46
00-0032256,Clive Walford,TE,2019,MIA,6,0,0,0,0,0,0,4,0,0,8,4,57,0,0,0,0,0,0,0,0.013201320132013201,0.014643968515467691,0.030052758158847184,6.1000000000000005,10.100000000000001,10.100000000000001
00-0032257,Duke Johnson,RB,2019,HOU,16,0,0,0,0,0,83,410,2,0,62,44,410,3,0,1,0,1,0,0,0.11969111969111969,0.03437368199072122,0.20359825693018438,110.0,154.0,154.0
00-0032268,Marcus Mariota,QB,2019,TEN,7,160,1203,7,2,0,24,129,0,0,0,0,0,0,0,0,0,0,0,0,0.0,0.0,0.0,85.02000000000001,85.02000000000001,85.02000000000001
00-0032319,Ross Travis,TE,2019,IND,3,0,0,0,0,0,0,0,0,0,6,4,51,0,0,1,0,0,1,0,0.012295081967213115,0.005333333333333333,0.022175956284153003,3.1000000000000005,7.1000000000000005,7.100000000000001
00-0032355,Chester Rogers,WR,2019,IND,10,0,0,0,0,0,1,18,0,0,28,16,179,2,0,1,0,0,0,0,0.05737704918032787,0.05890909090909091,0.12730193740685544,31.700000000000003,47.7,47.7
00-0032377,Josh Ferguson,RB,2019,WAS,1,0,0,0,0,0,3,9,0,0,0,0,0,0,0,0,0,0,0,0,0.0,0.0,0.0,0.9,0.9,0.9
00-0032385,Sterling Shepard,WR,2019,NYG,10,0,0,0,0,0,6,72,0,0,83,57,576,3,1,0,0,0,0,0,0.141156462585034,0.16813254244221723,0.32942747358710306,84.8,141.8,141.8
00-0032392,Austin Hooper,TE,2019,ATL,13,0,0,0,0,0,0,0,0,0,97,75,787,6,1,0,0,0,0,0,0.1480916030534351,0.11364046973803071,0.3016857333967742,116.7,191.7,191.7
00-0032393,C.J. Prosise,RB,2019,SEA,8,0,0,0,0,0,23,72,1,0,12,10,76,0,0,1,0,1,0,0,0.024291497975708502,0.010487353485502776,0.043778394403414696,18.8,28.8,28.8
00-0032394,Nick Vannett,TE,2019,PIT,14,0,0,0,0,0,0,0,0,0,22,17,166,0,0,0,0,0,0,0,0.044534412955465584,0.028788813489615463,0.0869537888759292,16.6,33.6,33.6
00-0032398,Chris Moore,WR,2019,BAL,7,0,0,0,0,0,1,0,0,0,5,3,21,0,0,0,0,0,0,0,0.01179245283018868,0.01596023024594453,0.028860840417444193,2.1,5.1,5.1
00-0032404,Tyler Ervin,RB,2019,GB,7,0,0,0,0,0,1,10,0,0,4,2,11,0,0,0,0,0,0,0,0.007104795737122558,0.013199105145413871,0.019896567207473546,2.1,4.1,4.1
00-0032417,Paul Perkins,RB,2019,DET,3,0,0,0,0,0,12,29,0,0,1,1,9,0,0,0,0,0,0,0,0.0018181818181818182,-0.00018321729571271528,0.0025990206202738267,3.8000000000000003,4.800000000000001,4.800000000000001
00-0032423,Trevor Davis,WR,2019,MIA,14,0,0,0,0,0,4,73,1,0,11,8,111,0,0,2,0,0,1,0,0.02029520295202952,0.019936204146730464,0.0443981473307556,22.400000000000002,30.400000000000002,30.400000000000006
00-0032434,Brandon Allen,QB,2019,DEN,3,84,515,3,2,0,10,39,0,0,0,0,0,0,0,0,0,0,0,0,0.0,0.0,0.0,32.5,32.5,32.5
00-0032436,Jeff Driskel,QB,2019,DET,3,105,685,4,4,0,22,151,1,0,1,1,6,0,0,0,0,0,0,0,0.0018181818181818182,-0.0005496518871381459,0.002342516406276025,57.10000000000001,58.10000000000001,58.10000000000001
00-0032450,Dwayne Washington,RB,2019,NO,6,0,0,0,0,0,8,60,0,0,1,1,6,0,0,0,0,0,0,0,0.0017889087656529517,-0.0013361838588989846,0.0017480344472501387,6.6000000000000005,7.6000000000000005,7.6
00-0032464,Kalif Raymond,WR,2019,TEN,8,0,0,0,0,0,1,-5,0,0,12,9,170,1,0,1,0,0,1,0,0.028037383177570093,0.05616824826878687,0.08137384855450594,20.5,29.5,29.5
00-0032540,Tra Carson,RB,2019,DET,3,0,0,0,0,0,18,48,0,0,4,4,18,0,0,0,0,0,0,0,0.007380073800738007,0.0007974481658692185,0.011628324417215462,6.6000000000000005,10.600000000000001,10.600000000000001
00-0032543,Alex Erickson,WR,2019,CIN,16,1,26,0,0,0,5,33,0,0,78,43,529,0,0,2,0,0,0,0,0.13242784380305603,0.13639984070091596,0.2941216541952252,57.24,100.24000000000001,100.24000000000001
00-0032577,D.J. Foster,RB,2019,ARI,2,0,0,0,0,0,0,0,0,0,0,0,0,0,0,0,0,0,0,0,0.0,0.0,0.0,0.0,0.0,0.0
00-0032599,Josh Perkins,TE,2019,PHI,3,0,0,0,0,0,0,0,0,0,13,9,87,1,0,0,0,0,0,0,0.02152317880794702,0.025218629245474883,0.04993780868375294,14.700000000000001,23.700000000000003,23.700000000000003
00-0032602,J.D. McKissic,RB,2019,DET,15,0,0,0,0,0,38,205,0,0,42,34,233,1,0,0,0,0,0,0,0.07636363636363637,0.0007328691828508611,0.11505846297345017,49.800000000000004,83.80000000000001,83.8
00-0032626,Geronimo Allison,WR,2019,GB,15,0,0,0,0,0,1,7,0,0,55,34,287,2,1,1,0,0,1,0,0.1014760147601476,0.08393141945773525,0.21096601576063606,41.400000000000006,75.4,75.4
00-0032661,Ben Braunecker,TE,2019,CHI,5,0,0,0,0,0,0,0,0,0,11,6,59,1,0,0,0,0,0,0,0.019434628975265017,0.024460114587924197,0.04627402367444446,11.9,17.9,17.9
00-0032688,Robbie Chosen,WR,2019,NYJ,16,0,0,0,0,0,1,4,0,0,96,52,779,5,1,0,0,0,0,0,0.1951219512195122,0.3427486351768336,0.5326069714530519,110.30000000000001,162.3,162.3
00-0032689,Jason Vander Laan,TE,2019,NO,1,0,0,0,0,0,0,0,0,0,0,0,0,0,0,0,0,0,0,0,0.0,0.0,0.0,0.0,0.0,0.0
00-0032728,Tevin Jones,WR,2019,PIT,4,0,0,0,0,0,0,0,0,0,10,4,61,0,0,0,0,0,0,0,0.020618556701030927,0.030799801291604572,0.05248769595566959,6.1000000000000005,10.100000000000001,10.100000000000001
00-0032741,Peyton Barber,RB,2019,TB,16,0,0,0,0,0,154,470,6,1,24,16,115,1,0,1,0,1,0,0,0.039538714991762765,0.004620360388110273,0.06254232475932134,100.5,116.5,116.5
00-0032764,Derrick Henry,RB,2019,TEN,15,0,0,0,0,0,303,1540,16,0,24,18,206,2,0,3,0,3,0,0,0.056074766355140186,-0.011541420877147986,0.07603315491870669,276.6,294.6,294.6
00-0032765,Michael Thomas,WR,2019,NO,16,0,0,0,0,0,1,-9,0,0,185,149,1725,9,0,0,0,0,0,0,0.33094812164579607,0.40005344735435594,0.7764595956167433,225.60000000000002,374.6,374.6
00-0032775,Demarcus Robinson,WR,2019,KC,15,0,0,0,0,0,0,0,0,0,55,32,449,4,0,0,0,0,0,0,0.0985663082437276,0.14893184130213633,0.25210175127708684,68.9,100.9,100.9
00-0032778,Tajae Sharpe,WR,2019,TEN,13,0,0,0,0,0,0,0,0,0,35,25,329,4,0,0,0,0,0,0,0.08177570093457943,0.12772505770710438,0.21207109179684222,56.9,81.9,81.9
00-0032780,Jordan Howard,RB,2019,PHI,9,0,0,0,0,0,119,525,6,0,14,10,69,1,0,0,0,0,0,0,0.023178807947019868,0.0002033760423022168,0.03491057515014135,101.4,111.4,111.4
00-0032782,Wendell Smallwood,RB,2019,WAS,12,0,0,0,0,0,22,81,0,0,13,9,64,0,0,0,0,0,0,0,0.028017241379310345,0.007694421544380325,0.04741195715003174,14.5,23.5,23.5
00-0032791,Jakeem Grant,WR,2019,MIA,9,0,0,0,0,0,4,5,1,0,33,19,164,0,0,1,0,0,0,1,0.054455445544554455,0.07431814021599853,0.13370586646803065,28.900000000000002,47.900000000000006,47.900000000000006
00-0032794,Danny Vitale,RB,2019,GB,13,0,0,0,0,0,1,3,0,0,12,7,97,0,0,0,0,0,0,0,0.02214022140221402,0.01634768740031898,0.04465371328354431,10.0,17.0,17.0
00-0032795,Cody Core,WR,2019,NYG,7,0,0,0,0,0,0,0,0,0,5,3,28,0,0,0,0,0,0,0,0.008503401360544218,0.006545305788504807,0.017336816092769693,2.8000000000000003,5.800000000000001,5.800000000000001
00-0032935,Johnny Holton,WR,2019,PIT,12,0,0,0,0,0,1,9,0,0,15,3,21,0,0,0,0,0,0,0,0.030927835051546393,0.09463487332339791,0.11263616390369813,3.0,6.0,6.0
00-0032940,DeAndre Washington,RB,2019,LV,16,0,0,0,0,0,108,387,3,0,41,36,292,0,0,0,0,0,0,0,0.0835030549898167,0.015575425439861552,0.13615738029262814,85.9,121.9,121.9
00-0032945,Duke Williams,WR,2019,BUF,4,0,0,0,0,0,0,0,0,0,19,12,166,1,0,0,0,0,0,0,0.03917525773195876,0.04481434058898848,0.09013292501023007,22.6,34.6,34.6
00-0032950,Carson Wentz,QB,2019,PHI,16,607,4039,27,7,2,62,243,1,0,0,0,0,0,0,7,4,3,0,0,0.0,0.0,0.0,275.86,275.86,275.86
00-0032951,Laquon Treadwell,WR,2019,MIN,10,0,0,0,0,0,0,0,0,0,16,9,184,1,0,0,0,0,0,0,0.03619909502262444,0.05374823196605375,0.09192240491017428,24.400000000000002,33.400000000000006,33.400000000000006
00-0032972,Devontae Booker,RB,2019,DEN,9,0,0,0,0,0,2,9,0,0,9,6,57,0,0,0,0,0,0,0,0.018711018711018712,0.010221465076660987,0.03522155362019076,6.6000000000000005,12.600000000000001,12.600000000000001
00-0032975,Jonathan Williams,RB,2019,IND,5,0,0,0,0,0,49,235,1,0,5,5,59,0,0,0,0,0,0,0,0.010245901639344262,-0.0012121212121212121,0.014520367610531545,35.400000000000006,40.400000000000006,40.4
00-0032977,Rashard Higgins,WR,2019,CLE,7,0,0,0,0,0,0,0,0,0,11,4,55,1,0,0,0,0,0,0,0.02127659574468085,0.025037772501618823,0.04944133436815445,11.5,15.5,15.5
00-0032980,Marcus Johnson,WR,2019,IND,8,0,0,0,0,0,0,0,0,0,33,17,277,2,0,0,0,0,0,0,0.06762295081967214,0.1389090909090909,0.19867078986587183,39.7,56.7,56.7
00-0032986,J.P. Holtz,TE,2019,CHI,8,0,0,0,0,0,0,0,0,0,8,7,91,0,0,0,0,0,0,0,0.017241379310344827,0.004396812311074471,0.02893983758326937,9.1,16.1,16.1
00-0033006,Jaydon Mickens,WR,2019,TB,1,0,0,0,0,0,0,0,0,0,0,0,0,0,0,0,0,0,0,0,0.0,0.0,0.0,0.0,0.0,0.0
00-0033009,Tyler Boyd,WR,2019,CIN,16,0,0,0,0,0,4,23,0,0,148,90,1046,5,0,2,0,0,2,0,0.25127334465195245,0.27419354838709675,0.5688455008488964,132.9,222.9,222.9
00-0033025,Jalen Richard,RB,2019,LV,16,0,0,0,0,0,39,145,0,0,43,36,323,0,0,0,0,0,0,0,0.08757637474541752,0.026247476204211133,0.14973779546107407,46.800000000000004,82.80000000000001,82.80000000000001
00-0033040,Tyreek Hill,WR,2019,KC,12,0,0,0,0,0,8,23,0,0,89,58,860,7,0,0,0,0,0,0,0.15949820788530467,0.23275686673448626,0.40217711854209737,130.3,188.3,188.3
00-0033045,Ezekiel Elliott,RB,2019,DAL,16,0,0,0,0,0,301,1357,12,0,71,54,420,2,0,2,0,2,0,0,0.1232638888888889,0.008195261001247105,0.1906325160342063,257.70000000000005,311.70000000000005,311.70000000000005
00-0033077,Dak Prescott,QB,2019,DAL,16,596,4902,30,11,1,52,277,3,0,0,0,0,0,0,2,2,0,0,0,0.0,0.0,0.0,337.78000000000003,337.78000000000003,337.78000000000003
00-0033080,Seth DeValve,TE,2019,JAX,7,0,0,0,0,0,0,0,0,0,18,12,140,0,0,0,0,0,0,0,0.03197158081705151,0.024384787472035794,0.06502672245600231,14.0,26.0,26.0
00-0033090,Hunter Henry,TE,2019,LAC,12,0,0,0,0,0,0,0,0,0,76,55,652,5,1,1,0,0,1,0,0.13194444444444445,0.15337664894664305,0.3052803209293168,95.2,150.2,150.2
00-0033094,Marvin Hall,WR,2019,DET,7,0,0,0,0,0,1,7,0,0,11,7,261,1,0,0,0,0,0,0,0.02,0.055698057896665445,0.06898864052766582,32.8,39.8,39.8
00-0033106,Jared Goff,QB,2019,LA,16,626,4638,22,16,0,33,40,2,0,0,0,0,0,0,5,4,1,0,0,0.0,0.0,0.0,247.51999999999998,247.51999999999998,247.51999999999998
00-0033110,Tyler Higbee,TE,2019,LA,14,0,0,0,0,0,0,0,0,0,89,69,734,3,0,0,0,0,0,0,0.1454248366013072,0.12138016019716574,0.3031033670399768,91.4,160.4,160.4
00-0033111,Pharoh Cooper,WR,2019,ARI,12,0,0,0,0,0,1,2,0,0,33,25,243,1,0,0,0,0,0,0,0.062381852551984876,0.0800953516090584,0.1496395249543182,30.5,55.5,55.5
00-0033114,Mike Thomas,WR,2019,LA,7,0,0,0,0,0,0,0,0,0,5,2,14,0,0,0,0,0,0,0,0.008169934640522876,0.010679811049496817,0.019730769695432086,1.4000000000000001,3.4000000000000004,3.4000000000000004
00-0033117,Bronson Kaufusi,TE,2019,NYJ,1,0,0,0,0,0,0,0,0,0,0,0,0,0,0,0,0,0,0,0,0.0,0.0,0.0,0.0,0.0,0.0
00-0033118,Kenyan Drake,RB,2019,ARI,14,0,0,0,0,0,170,817,8,0,68,50,345,0,1,1,0,1,0,0,0.11221122112211221,-0.007505033864177192,0.16306330797824425,164.2,214.2,214.2
00-0033119,Jacoby Brissett,QB,2019,IND,15,447,2942,18,6,1,56,228,4,0,1,1,2,0,0,5,3,2,0,0,0.0020491803278688526,0.0,0.0030737704918032786,216.68,217.68,217.68
00-0033127,Will Fuller,WR,2019,HOU,11,0,0,0,0,0,0,0,0,0,71,49,670,3,0,0,0,0,0,0,0.13706563706563707,0.2132011809363138,0.3548392822538753,85.0,134.0,134.0
00-0033164,Troymaine Pope,RB,2019,LAC,11,0,0,0,0,0,10,20,0,0,3,2,14,1,0,1,0,0,0,0,0.005208333333333333,0.0,0.0078125,9.4,11.4,11.4
00-0033215,Cyril Grayson,WR,2019,TB,1,0,0,0,0,0,0,0,0,0,1,1,3,0,0,0,0,0,0,0,0.0016474464579901153,0.00030802402587401816,0.002686786505096986,0.30000000000000004,1.3,1.3
00-0033217,Mo Alie-Cox,TE,2019,IND,10,0,0,0,0,0,0,0,0,0,11,8,93,0,0,0,0,0,0,0,0.022540983606557378,0.011636363636363636,0.041956929955290614,9.3,17.3,17.3
00-0033246,Johnny Mundt,TE,2019,LA,6,0,0,0,0,0,0,0,0,0,7,4,26,0,0,0,0,0,0,0,0.011437908496732025,0.004929143561306223,0.020607263238012395,2.6,6.6,6.6
00-0033251,Zach Pascal,WR,2019,IND,16,1,0,0,0,0,2,16,0,0,72,41,607,5,1,0,0,0,0,0,0.14754098360655737,0.19636363636363635,0.3587660208643815,94.30000000000001,135.3,135.3
00-0033258,Darrell Daniels,TE,2019,ARI,7,0,0,0,0,0,0,0,0,0,3,1,4,0,0,0,0,0,0,0,0.005671077504725898,0.005244338498212158,0.012177653205837358,0.4,1.4,1.4
00-0033266,JoJo Natson,WR,2019,LA,12,0,0,0,0,0,0,0,0,0,0,0,0,0,0,0,0,0,0,0,0.0,0.0,0.0,0.0,0.0,0.0
00-0033280,Christian McCaffrey,RB,2019,CAR,16,2,0,0,0,0,287,1387,15,1,142,116,1005,4,0,0,0,0,0,0,0.23666666666666666,0.020947348556331385,0.36966314398943195,355.20000000000005,471.20000000000005,471.20000000000005
00-0033282,Curtis Samuel,WR,2019,CAR,16,0,0,0,0,0,19,130,1,0,105,54,627,6,0,0,0,0,0,0,0.175,0.2902434421588979,0.4656704095112285,117.7,171.7,171.7
00-0033288,George Kittle,TE,2019,SF,14,0,0,0,0,0,5,22,0,0,107,85,1053,5,0,0,0,0,0,0,0.2291220556745182,0.20249520153550865,0.48542972458663336,137.5,222.5,222.5
00-0033293,Aaron Jones,RB,2019,GB,16,0,0,0,0,0,236,1084,16,0,68,49,474,3,0,2,0,1,1,0,0.12546125461254612,0.03708133971291866,0.21414881971786226,265.8,314.8,314.8
00-0033296,Alex Armah,RB,2019,CAR,8,0,0,0,0,0,6,11,1,0,2,2,6,0,0,0,0,0,0,0,0.0033333333333333335,-0.0001887148518588413,0.004867899603698812,7.7,9.7,9.7
00-0033307,Kendrick Bourne,WR,2019,SF,16,0,0,0,0,0,0,0,0,0,44,30,358,5,1,0,0,0,0,0,0.09421841541755889,0.12060140754958414,0.2257486084110472,67.80000000000001,97.80000000000001,97.80000000000001
00-0033308,Matt Breida,RB,2019,SF,12,0,0,0,0,0,123,623,1,0,22,19,120,1,0,1,0,1,0,0,0.047109207708779445,-0.003838771593090211,0.06797667144800602,84.3,103.3,103.30000000000001
00-0033319,Nick Mullens,QB,2019,SF,1,0,0,0,0,0,3,-3,0,0,0,0,0,0,0,0,0,0,0,0,0.0,0.0,0.0,-0.30000000000000004,-0.30000000000000004,-0.30000000000000004
00-0033338,Cethan Carter,TE,2019,CIN,7,0,0,0,0,0,0,0,0,0,3,2,13,1,0,0,0,0,0,0,0.0050933786078098476,0.0015929908403026682,0.00875516149992664,7.3,9.3,9.3
00-0033357,Taysom Hill,TE,2019,NO,16,6,55,0,0,0,27,156,1,0,22,19,234,6,0,0,0,0,0,0,0.03935599284436494,0.02779262426509888,0.07848882625211662,83.2,102.2,102.2
00-0033367,C.J. Board,WR,2019,JAX,2,0,0,0,0,0,0,0,0,0,4,2,31,0,0,0,0,0,0,0,0.007104795737122558,0.006935123042505592,0.015511779735437752,3.1,5.1,5.1
00-0033374,Ricky Ortiz,RB,2019,NO,1,0,0,0,0,0,0,0,0,0,1,1,8,0,0,0,0,0,0,0,0.0017889087656529517,0.0002672367717797969,0.0028704288887252856,0.8,1.8,1.8
00-0033375,Tim Patrick,WR,2019,DEN,8,0,0,0,0,0,0,0,0,0,31,16,218,0,0,0,0,0,0,0,0.06444906444906445,0.08943781942078365,0.15928007026814522,21.8,37.8,37.8
00-0033376,Patrick Ricard,RB,2019,BAL,10,0,0,0,0,0,0,0,0,0,11,8,47,1,0,0,0,0,0,0,0.025943396226415096,-0.00026164311878597594,0.038731944156472464,10.7,18.7,18.7
00-0033382,Austin Carr,WR,2019,NO,2,0,0,0,0,0,0,0,0,0,4,1,9,0,0,0,0,0,0,0,0.007155635062611807,0.010956707642971674,0.01840314794399788,0.9,1.9,1.9
00-0033386,Cody Hollister,WR,2019,TEN,3,0,0,0,0,0,0,0,0,0,2,2,13,0,0,0,0,0,0,0,0.004672897196261682,0.0025647601949217746,0.008804677930837765,1.3,3.3,3.3
00-0033387,Jacob Hollister,TE,2019,SEA,10,0,0,0,0,0,0,0,0,0,59,41,349,3,0,0,0,0,0,0,0.1194331983805668,0.06991568990335184,0.22809078050319648,52.9,93.9,93.9
00-0033421,Antony Auclair,TE,2019,TB,5,0,0,0,0,0,0,0,0,0,3,1,11,0,0,0,0,0,0,0,0.004942339373970346,0.00030802402587401816,0.007629125879067332,1.1,2.1,2.1
00-0033434,Bobo Wilson,WR,2019,TB,6,0,0,0,0,0,0,0,0,0,11,3,35,0,0,1,0,0,0,0,0.018121911037891267,0.020791621746496226,0.04173700177938426,3.5,6.5,6.5
00-0033439,Pharaoh Brown,TE,2019,CLE,7,0,0,0,0,0,0,0,0,0,3,2,27,0,0,0,0,0,0,0,0.005802707930367505,0.005827757392618174,0.012783492070383979,2.7,4.7,4.7
00-0033455,Anthony Firkser,TE,2019,TEN,10,0,0,0,0,0,0,0,0,0,24,14,204,1,0,0,0,0,0,0,0.056074766355140186,0.0569376763272634,0.12396852296179466,26.400000000000002,40.400000000000006,40.400000000000006
00-0033460,John Ross,WR,2019,CIN,8,0,0,0,0,0,3,4,0,0,56,28,506,3,0,1,0,0,1,0,0.09507640067911714,0.17423337315810433,0.2645779622293487,67.0,95.0,95.0
00-0033466,Isaiah McKenzie,WR,2019,BUF,12,0,0,0,0,0,8,49,0,0,39,27,254,1,0,0,0,0,0,0,0.08041237113402062,0.036064874093043105,0.14586396856616113,36.3,63.3,63.300000000000004
00-0033471,Isaiah Ford,WR,2019,MIA,8,0,0,0,0,0,1,11,0,0,35,23,244,0,0,0,0,0,0,0,0.057755775577557754,0.05399963390078711,0.1244334070968876,25.5,48.5,48.5
00-0033474,Gehrig Dieter,WR,2019,KC,2,0,0,0,0,0,0,0,0,0,0,0,0,0,0,0,0,0,0,0,0.0,0.0,0.0,0.0,0.0,0.0
00-0033526,Samaje Perine,RB,2019,MIA,4,0,0,0,0,0,5,16,0,0,0,0,0,0,0,0,0,0,0,0,0.0,0.0,0.0,1.6,1.6,1.6
00-0033528,Jeremy Sprinkle,TE,2019,WAS,16,0,0,0,0,0,0,0,0,0,40,26,241,1,0,0,0,0,0,0,0.08620689655172414,0.07089859851607584,0.1789393637888393,30.1,56.1,56.1
00-0033530,Robert Davis,WR,2019,PHI,3,0,0,0,0,0,0,0,0,0,5,2,17,0,0,0,0,0,0,0,0.010775862068965518,0.00989282769991756,0.02308877249339057,1.7000000000000002,3.7,3.7
00-0033536,Mike Williams,WR,2019,LAC,15,0,0,0,0,0,1,2,0,0,90,49,1001,2,0,0,0,0,0,0,0.15625,0.31561330970663515,0.45530431679464456,112.30000000000001,161.3,161.3
00-0033537,Deshaun Watson,QB,2019,HOU,15,495,3852,26,12,1,82,413,7,0,1,1,6,1,0,3,2,1,0,0,0.0019305019305019305,0.0,0.002895752895752896,319.98,320.98,320.9800000000001
00-0033553,James Conner,RB,2019,PIT,10,0,0,0,0,0,116,464,4,0,38,34,251,3,0,1,0,1,0,0,0.07835051546391752,-0.013412816691505217,0.10813680151182263,111.5,145.5,145.5
00-0033555,Mack Hollins,WR,2019,MIA,12,0,0,0,0,0,0,0,0,0,23,10,125,0,0,0,0,0,0,0,0.0380794701986755,0.06162294081757169,0.10025526387031343,12.5,22.5,22.5
00-0033556,Tarik Cohen,RB,2019,CHI,16,0,0,0,0,0,64,213,0,0,104,79,456,3,0,0,0,0,0,0,0.18374558303886926,0.04010577346848832,0.30369241598624575,84.9,163.9,163.9
00-0033562,Ryan Switzer,WR,2019,PIT,9,0,0,0,0,0,0,0,0,0,11,8,27,0,0,0,0,0,0,0,0.02268041237113402,0.004222553402881272,0.03697640593871792,2.7,10.7,10.7
00-0033567,Brian Hill,RB,2019,ATL,10,0,0,0,0,0,78,323,2,0,14,10,69,1,0,0,0,0,0,0,0.021374045801526718,0.003794037940379404,0.03471689526055566,57.2,67.2,67.2
00-0033572,Jamal Agnew,WR,2019,DET,13,0,0,0,0,0,1,9,0,0,2,1,-2,0,0,1,0,0,0,2,0.0036363636363636364,0.005313301575668743,0.009173856557513575,12.7,13.7,13.7
00-0033576,Eric Saubert,TE,2019,CHI,2,0,0,0,0,0,0,0,0,0,3,2,21,0,0,0,0,0,0,0,0.00530035335689046,0.001983252534156016,0.009338806809244902,2.1,4.1,4.1
00-0033589,David Moore,WR,2019,SEA,14,0,0,0,0,0,3,25,0,0,34,17,301,2,0,1,0,0,1,0,0.06882591093117409,0.09911577215710467,0.1726199069067344,42.6,59.6,59.6
00-0033594,Chris Carson,RB,2019,SEA,15,0,0,0,0,0,278,1230,7,0,47,37,266,2,0,4,0,3,1,0,0.0951417004048583,-0.00987045033929673,0.13580323536977973,195.6,232.6,232.6
00-0033604,Krishawn Hogan,WR,2019,NO,1,0,0,0,0,0,0,0,0,0,1,1,4,0,0,0,0,0,0,0,0.0017889087656529517,0.0005344735435595938,0.0030574946289711434,0.4,1.4,1.4
00-0033611,Ricky Seals-Jones,TE,2019,CLE,9,0,0,0,0,0,0,0,0,0,22,14,229,4,0,1,0,0,1,0,0.0425531914893617,0.05460824519749622,0.1020555588722899,44.900000000000006,58.900000000000006,58.900000000000006
00-0033658,Blake Jarwin,TE,2019,DAL,15,0,0,0,0,0,0,0,0,0,41,31,365,3,0,0,0,0,0,0,0.07118055555555555,0.05861393194370212,0.14780058569392482,54.5,85.5,85.5
00-0033681,Keelan Cole,WR,2019,JAX,12,0,0,0,0,0,1,6,0,0,35,24,361,3,0,0,0,0,0,0,0.06216696269982238,0.083668903803132,0.15181867671192595,54.7,78.7,78.7
00-0033696,Sean Culkin,TE,2019,LAC,3,0,0,0,0,0,0,0,0,0,2,1,12,0,0,0,0,0,0,0,0.003472222222222222,0.003740893876747391,0.007826959047056506,1.2000000000000002,2.2,2.2
00-0033699,Austin Ekeler,RB,2019,LAC,16,0,0,0,0,0,132,557,3,0,108,92,993,8,0,2,0,1,1,0,0.1875,0.02677692459145501,0.2999938472140185,217.0,309.0,309.0
00-0033705,Andre Patton,WR,2019,LAC,8,0,0,0,0,0,0,0,0,0,17,6,56,0,0,0,0,0,0,0,0.029513888888888888,0.05355384918291002,0.08175852776137034,5.6000000000000005,11.600000000000001,11.600000000000001
00-0033725,Corey Clement,RB,2019,PHI,2,0,0,0,0,0,0,0,0,0,0,0,0,0,0,2,0,0,0,0,0.0,0.0,0.0,0.0,0.0,0.0
00-0033733,Greg Ward,WR,2019,PHI,6,0,0,0,0,0,1,5,0,0,40,28,254,1,0,0,0,0,0,0,0.06622516556291391,0.053691275167785234,0.13692164096182052,31.900000000000002,59.900000000000006,59.900000000000006
00-0033742,Tyrone Swoopes,TE,2019,SEA,1,0,0,0,0,0,0,0,0,0,1,1,5,0,0,0,0,0,0,0,0.0020242914979757085,-0.00041126876413736374,0.002748549112067408,0.5,1.5,1.5
00-0033757,Robert Tonyan,TE,2019,GB,9,0,0,0,0,0,0,0,0,0,15,10,100,1,0,0,0,0,0,0,0.027675276752767528,0.03149920255183413,0.06356235691543519,16.0,26.0,26.0
00-0033763,Evan Baylis,TE,2019,GB,2,0,0,0,0,0,0,0,0,0,0,0,0,0,0,0,0,0,0,0,0.0,0.0,0.0,0.0,0.0,0.0
00-0033789,T.J. Logan,RB,2019,TB,9,0,0,0,0,0,3,10,0,0,3,2,13,0,0,0,0,0,0,0,0.004942339373970346,0.004620360388110273,0.01064776133263271,2.3000000000000003,4.300000000000001,4.3
00-0033838,Trey Edmunds,RB,2019,PIT,7,0,0,0,0,0,22,92,0,0,7,6,48,0,0,0,0,0,0,0,0.01443298969072165,0.0014903129657228018,0.022692703612088434,14.0,20.0,20.0
00-0033839,Dede Westbrook,WR,2019,JAX,15,0,0,0,0,0,5,27,0,0,101,66,660,3,2,0,0,0,0,0,0.17939609236234458,0.14988814317673377,0.37401583876723055,90.7,156.7,156.7
00-0033854,Dare Ogunbowale,RB,2019,TB,16,0,0,0,0,0,11,17,2,0,46,35,286,0,0,1,0,0,1,0,0.0757825370675453,0.018635453565378098,0.12671862309708262,40.3,75.3,75.3
00-0033856,Leonard Fournette,RB,2019,JAX,15,0,0,0,0,0,265,1152,3,0,100,76,522,0,0,1,0,0,1,0,0.17761989342806395,0.0029082774049217002,0.2684656343255411,183.4,259.4,259.4
00-0033857,JuJu Smith-Schuster,WR,2019,PIT,12,0,0,0,0,0,0,0,0,0,70,42,552,3,0,1,0,0,1,0,0.14432989690721648,0.16964729259811226,0.33524795017950326,71.2,113.2,113.2
00-0033858,Jonnu Smith,TE,2019,TEN,15,0,0,0,0,0,4,78,0,0,44,35,439,3,0,0,0,0,0,0,0.102803738317757,0.059245960502693,0.1956777798285206,69.7,104.7,104.7
00-0033869,Mitchell Trubisky,QB,2019,CHI,15,516,3138,17,10,1,48,193,2,0,0,0,0,0,0,2,2,0,0,0,0.0,0.0,0.0,202.82,202.82,202.82
00-0033871,Corey Davis,WR,2019,TEN,15,0,0,0,0,0,0,0,0,0,69,43,601,2,0,0,0,0,0,0,0.16121495327102803,0.2128750961785073,0.39083499723149717,72.1,115.1,115.1
00-0033873,Patrick Mahomes,QB,2019,KC,14,484,4031,26,5,1,43,218,2,0,0,0,0,0,0,2,2,0,0,0,0.0,0.0,0.0,287.04,287.04,287.04
00-0033879,O.J. Howard,TE,2019,TB,14,0,0,0,0,0,0,0,0,0,53,34,459,1,0,1,0,0,1,0,0.08731466227347612,0.0813183428307408,0.18789483339173274,49.900000000000006,83.9,83.9
00-0033881,Evan Engram,TE,2019,NYG,8,0,0,0,0,0,3,7,0,0,68,44,467,3,0,0,0,0,0,0,0.11564625850340136,0.08120269993863775,0.23031127771214846,65.4,109.4,109.4
00-0033885,David Njoku,TE,2019,CLE,3,0,0,0,0,0,0,0,0,0,10,5,41,1,0,0,0,0,0,0,0.019342359767891684,0.013813943449169004,0.03868330006625583,10.100000000000001,15.100000000000001,15.100000000000001
00-0033891,Zay Jones,WR,2019,LV,14,0,0,0,0,0,1,3,0,0,45,27,216,0,0,0,0,0,0,0,0.09278350515463918,0.10328638497652583,0.21147572721552685,21.900000000000002,48.900000000000006,48.900000000000006
00-0033893,Dalvin Cook,RB,2019,MIN,14,0,0,0,0,0,250,1135,13,0,63,53,519,0,0,2,0,2,0,0,0.1425339366515837,-0.026591230551626592,0.19518704359123695,239.4,292.4,292.4
00-0033895,Gerald Everett,TE,2019,LA,12,0,0,0,0,0,1,0,0,0,60,37,408,2,0,0,0,0,0,0,0.09803921568627451,0.10002053809817212,0.21707320019813225,52.800000000000004,89.80000000000001,89.80000000000001
00-0033896,Adam Shaheen,TE,2019,CHI,7,0,0,0,0,0,0,0,0,0,13,9,74,0,1,1,0,0,0,0,0.022968197879858657,0.010797708241516086,0.04201069258884925,9.4,18.4,18.4
00-0033897,Joe Mixon,RB,2019,CIN,16,0,0,0,0,0,278,1137,5,0,45,35,287,3,0,0,0,0,0,0,0.07640067911714771,-0.00039824771007566706,0.11432224527866859,190.4,225.4,225.39999999999998
00-0033906,Alvin Kamara,RB,2019,NO,14,1,13,0,0,0,171,797,5,0,97,81,533,1,0,1,0,1,0,0,0.1735241502683363,0.00694815606627472,0.26514993464889675,167.52,248.52,248.52
00-0033908,Cooper Kupp,WR,2019,LA,16,1,0,0,0,0,2,4,0,0,134,94,1161,10,0,0,0,0,0,0,0.21895424836601307,0.19921955226945984,0.46788505913764145,176.5,270.5,270.5
00-0033911,Taywan Taylor,WR,2019,CLE,2,0,0,0,0,0,0,0,0,0,1,0,0,0,0,0,0,0,0,0,0.0019342359767891683,0.007122814590977768,0.00788732417886819,0.0,0.0,0.0
00-0033921,Chris Godwin Jr.,WR,2019,TB,14,0,0,0,0,0,1,8,0,0,121,86,1333,9,1,0,0,0,0,0,0.19934102141680396,0.19513322039119052,0.43560478639903927,190.1,276.1,276.1
00-0033923,Kareem Hunt,RB,2019,CLE,8,0,0,0,0,0,43,179,2,0,44,37,285,1,0,0,0,0,0,0,0.0851063829787234,0.0075545003237643,0.1329477246947201,64.4,101.4,101.4
00-0033932,Kenny Golladay,WR,2019,DET,16,0,0,0,0,0,0,0,0,0,116,65,1190,11,0,1,0,0,1,0,0.2109090909090909,0.31110296812019056,0.5341357140477697,183.0,248.0,248.0
00-0033933,Chad Williams,WR,2019,IND,1,0,0,0,0,0,0,0,0,0,1,0,0,0,0,0,0,0,0,0,0.0020491803278688526,0.0036363636363636364,0.005619225037257824,0.0,0.0,0.0
00-0033943,Josh Reynolds,WR,2019,LA,16,0,0,0,0,0,5,23,0,0,43,21,326,1,0,0,0,0,0,0,0.07026143790849673,0.09426987060998152,0.17138106628973215,40.9,61.9,61.9
00-0033948,Jamaal Williams,RB,2019,GB,14,0,0,0,0,0,107,460,1,0,45,39,253,5,0,0,0,0,0,0,0.08302583025830258,-0.006778309409888357,0.11979392880053204,107.3,146.3,146.3
00-0033950,Wayne Gallman,RB,2019,NYG,9,0,0,0,0,0,29,110,2,0,15,11,102,1,0,1,0,1,0,0,0.025510204081632654,0.006340764982614031,0.042703841610278806,37.2,48.2,48.2
00-0033951,Marlon Mack,RB,2019,IND,14,0,0,0,0,0,247,1091,8,1,17,14,82,0,0,0,0,0,0,0,0.03483606557377049,-0.0012121212121212121,0.051405613512170885,167.3,181.3,181.3
00-0033994,Fred Brown,WR,2019,DEN,6,0,0,0,0,0,0,0,0,0,3,2,21,0,0,0,0,0,0,0,0.006237006237006237,0.009653605905735378,0.01611303348952412,2.1,4.1,4.1
00-0034011,Dan Arnold,TE,2019,ARI,5,0,0,0,0,0,0,0,0,0,14,8,127,2,0,0,0,0,0,0,0.025044722719141325,0.04863709246392304,0.07161304880345812,24.700000000000003,32.7,32.7
00-0034034,Rashard Davis,WR,2019,TEN,1,0,0,0,0,0,0,0,0,0,1,1,16,0,0,0,0,0,0,0,0.002336448598130841,0.004103616311874839,0.006377204315508649,1.6,2.6,2.6
00-0034052,Brandon Zylstra,WR,2019,CAR,5,0,0,0,0,0,0,0,0,0,12,8,106,0,0,0,0,0,0,0,0.02,0.030194376297414605,0.05113606340819022,10.600000000000001,18.6,18.6
00-0034073,Ross Dwelley,TE,2019,SF,8,0,0,0,0,0,0,0,0,0,22,15,91,2,0,0,0,0,0,0,0.047109207708779445,0.03742802303262956,0.09686342768600986,21.1,36.1,36.1
00-0034081,Steven Mitchell,WR,2019,HOU,2,0,0,0,0,0,0,0,0,0,6,2,37,0,0,0,0,0,0,0,0.011583011583011582,0.021299029945170814,0.03228383833613695,3.7,5.7,5.7
00-0034104,Cam Sims,WR,2019,WAS,3,0,0,0,0,0,0,0,0,0,3,2,27,0,0,0,0,0,0,0,0.00646551724137931,0.009618026930475405,0.01643089471340175,2.7,4.7,4.7
00-0034109,Phillip Lindsay,RB,2019,DEN,16,0,0,0,0,0,224,1011,7,0,48,35,196,0,0,0,0,0,0,0,0.0997920997920998,-0.02015900056785917,0.13557684929064828,162.7,197.7,197.70000000000002
00-0034115,Jeff Wilson,RB,2019,SF,8,0,0,0,0,0,27,105,4,0,5,3,34,1,0,0,0,0,0,0,0.010706638115631691,0.003838771593090211,0.018747097288610685,43.9,46.9,46.9
00-0034132,Christian Blake,WR,2019,ATL,7,0,0,0,0,0,0,0,0,0,24,11,91,0,0,0,0,0,0,0,0.0366412213740458,0.033242999096657636,0.07823193142872906,9.1,20.1,20.1
00-0034159,Will Dissly,TE,2019,SEA,6,0,0,0,0,0,1,7,0,0,27,23,262,4,0,0,0,0,0,0,0.05465587044534413,0.05264240180958256,0.11883348693472398,50.900000000000006,73.9,73.9
00-0034164,Trenton Cannon,RB,2019,NYJ,2,0,0,0,0,0,0,0,0,0,0,0,0,0,0,0,0,0,0,0,0.0,0.0,0.0,0.0,0.0,0.0
00-0034177,Tim Boyle,QB,2019,GB,3,4,15,0,0,0,5,-7,0,0,0,0,0,0,0,0,0,0,0,0,0.0,0.0,0.0,-0.10000000000000009,-0.10000000000000009,-0.10000000000000009
00-0034184,Gus Edwards,RB,2019,BAL,16,0,0,0,0,0,133,711,2,0,7,7,45,0,0,1,0,1,0,0,0.01650943396226415,0.0,0.024764150943396228,85.60000000000001,92.60000000000001,92.60000000000001
00-0034201,De'Lance Turner,RB,2019,MIA,3,0,0,0,0,0,4,6,0,0,0,0,0,0,0,0,0,0,0,0,0.0,0.0,0.0,0.6000000000000001,0.6000000000000001,0.6000000000000001
00-0034208,Mike Boone,RB,2019,MIN,8,0,0,0,0,0,49,273,3,0,4,3,17,0,0,0,0,0,0,0,0.00904977375565611,-0.0014144271570014145,0.012584561623583172,47.0,50.0,50.0
00-0034253,Dontrell Hilliard,RB,2019,CLE,14,0,0,0,0,0,13,49,2,0,15,12,92,0,0,0,0,0,0,0,0.029013539651837523,0.0010792143319663286,0.04427575951013272,26.1,38.1,38.1
00-0034256,Da'Mari Scott,WR,2019,NYG,5,0,0,0,0,0,1,5,0,0,3,2,22,0,0,0,0,0,0,0,0.00510204081632653,0.003886275311924729,0.010373453942837105,2.7,4.7,4.7
00-0034267,Jaleel Scott,WR,2019,BAL,1,0,0,0,0,0,0,0,0,0,3,1,6,0,0,0,0,0,0,0,0.007075471698113208,0.01020408163265306,0.017756064690026954,0.6000000000000001,1.6,1.6
00-0034270,Tyler Conklin,TE,2019,MIN,9,0,0,0,0,0,0,0,0,0,10,8,58,0,0,0,0,0,0,0,0.02262443438914027,0.017256011315417256,0.04601585950450249,5.800000000000001,13.8,13.8
00-0034272,Marquez Valdes-Scantling,WR,2019,GB,15,0,0,0,0,0,2,9,0,0,56,26,452,2,0,0,0,0,0,0,0.1033210332103321,0.18740031897926634,0.28616177310098456,58.1,84.1,84.1
00-0034273,Damion Ratley,WR,2019,CLE,9,0,0,0,0,0,0,0,0,0,24,12,200,1,0,0,0,0,0,0,0.04642166344294004,0.06626375998273257,0.11601712715232285,26.0,38.0,38.0
00-0034286,Richie James,WR,2019,SF,16,0,0,0,0,0,2,-1,0,0,10,6,165,1,0,1,0,0,0,0,0.021413276231263382,0.038067818298144596,0.05876738715559629,22.400000000000002,28.400000000000002,28.4
00-0034297,Byron Pringle,WR,2019,KC,12,0,0,0,0,0,0,0,0,0,16,12,170,1,0,0,0,0,0,0,0.02867383512544803,0.03621566632756867,0.0683617191174701,23.0,35.0,35.0
00-0034301,Darrel Williams,RB,2019,KC,9,0,0,0,0,0,41,141,3,0,19,15,167,1,0,1,0,1,0,0,0.034050179211469536,0.004272634791454731,0.05406611317122262,52.8,67.8,67.8
00-0034309,Chad Beebe,WR,2019,MIN,3,0,0,0,0,0,0,0,0,0,2,2,70,0,0,0,0,0,0,0,0.004524886877828055,0.0011315417256011315,0.0075794095246628735,7.0,9.0,9.0
00-0034319,Deon Yelder,TE,2019,KC,3,0,0,0,0,0,0,0,0,0,4,3,50,0,0,0,0,0,0,0,0.007168458781362007,0.007731434384537131,0.016164692241219004,5.0,8.0,8.0
00-0034331,Jaylen Samuels,RB,2019,PIT,13,5,35,0,1,0,66,175,1,0,57,47,305,1,0,1,0,0,1,0,0.11752577319587629,-0.011177347242921014,0.16846451672376972,57.4,104.4,104.4
00-0034339,Trey Quinn,WR,2019,WAS,12,0,0,0,0,0,0,0,0,0,47,26,198,1,1,1,0,0,1,0,0.10129310344827586,0.08903544929925804,0.21426446968189441,25.8,51.8,51.8
00-0034343,Josh Rosen,QB,2019,MIA,5,109,567,1,5,0,3,13,0,0,0,0,0,0,0,0,0,0,0,0,0.0,0.0,0.0,17.98,17.98,17.98
00-0034348,Courtland Sutton,WR,2019,DEN,16,1,38,0,0,0,3,17,0,0,124,72,1112,6,0,0,0,0,0,0,0.2577962577962578,0.4077228847245883,0.6721004060015985,150.42000000000002,222.42000000000002,222.42000000000002
00-0034349,Kerryon Johnson,RB,2019,DET,8,0,0,0,0,0,113,403,3,0,15,10,127,1,0,1,0,1,0,0,0.02727272727272727,0.012641993404177354,0.049758486292015056,75.0,85.0,85.0
00-0034351,Dallas Goedert,TE,2019,PHI,15,0,0,0,0,0,0,0,0,0,87,58,607,5,0,2,0,0,2,0,0.14403973509933773,0.1016880211511084,0.2872412174547825,86.7,144.7,144.7
00-0034353,Anthony Miller,WR,2019,CHI,16,0,0,0,0,0,1,-1,0,0,85,52,656,2,0,1,0,1,0,0,0.1501766784452297,0.19061260467166152,0.3586938409380076,75.5,127.5,127.5
00-0034358,Derrius Guice,RB,2019,WAS,5,0,0,0,0,0,42,245,2,0,9,7,79,1,0,0,0,0,0,0,0.01939655172413793,-0.0008244023083264633,0.028517745970378375,50.4,57.4,57.4
00-0034364,Jordan Akins,TE,2019,HOU,16,0,0,0,0,0,0,0,0,0,55,36,418,2,0,0,0,0,0,0,0.10617760617760617,0.0828764234500211,0.21727990568142402,53.800000000000004,89.80000000000001,89.80000000000001
00-0034365,Ian Thomas,TE,2019,CAR,10,0,0,0,0,0,0,0,0,0,30,16,136,1,0,0,0,0,0,0,0.05,0.03849782977920362,0.10194848084544254,19.6,35.6,35.6
00-0034366,Keke Coutee,WR,2019,HOU,8,0,0,0,0,0,2,14,1,0,36,22,254,0,0,1,0,0,1,0,0.0694980694980695,0.05735976381273724,0.14439893891602032,30.799999999999997,52.8,52.800000000000004
00-0034367,Nyheim Hines,RB,2019,IND,16,0,0,0,0,0,52,199,2,0,58,44,320,0,0,1,0,0,1,2,0.11885245901639344,0.018666666666666668,0.19134535519125684,73.9,117.9,117.9
00-0034370,DaeSean Hamilton,WR,2019,DEN,13,0,0,0,0,0,0,0,0,0,52,28,297,1,0,0,0,0,0,0,0.10810810810810811,0.1201022146507666,0.24623371241769879,35.7,63.7,63.7
00-0034378,Ito Smith,RB,2019,ATL,7,0,0,0,0,0,22,106,1,0,14,11,87,0,0,0,0,0,0,0,0.021374045801526718,0.004336043360433604,0.035096299054593605,25.3,36.3,36.300000000000004
00-0034383,Dalton Schultz,TE,2019,DAL,6,0,0,0,0,0,0,0,0,0,2,1,6,0,0,0,0,0,0,0,0.003472222222222222,0.0035631569570639585,0.007702543203278104,0.6000000000000001,1.6,1.6
00-0034386,Justin Watson,WR,2019,TB,9,0,0,0,0,0,0,0,0,0,26,15,159,2,0,0,0,0,0,0,0.042833607907743,0.0542122285538272,0.10219897184929355,27.9,42.9,42.9
00-0034393,Troy Fumagalli,TE,2019,DEN,6,0,0,0,0,0,0,0,0,0,9,6,38,1,0,0,0,0,0,0,0.018711018711018712,0.011641113003975015,0.03621530716931058,9.8,15.8,15.8
00-0034400,Jordan Wilkins,RB,2019,IND,13,0,0,0,0,0,51,307,2,0,11,7,43,0,0,0,0,0,0,0,0.022540983606557378,0.0036363636363636364,0.036356929955290614,47.0,54.0,54.0
00-0034406,Deon Cain,WR,2019,PIT,11,0,0,0,0,0,0,0,0,0,20,9,124,0,0,0,0,0,0,0,0.040983606557377046,0.055030303030303034,0.0999966219572777,12.4,21.4,21.4
00-0034407,Ray-Ray McCloud,WR,2019,CAR,6,0,0,0,0,0,0,0,0,0,0,0,0,0,0,1,0,0,0,0,0.0,0.0,0.0,0.0,0.0,0.0
00-0034411,Russell Gage,WR,2019,ATL,14,0,0,0,0,0,4,12,0,0,74,49,446,1,0,1,0,0,0,0,0.11297709923664122,0.0948509485094851,0.2358613128116014,51.800000000000004,100.80000000000001,100.80000000000001
00-0034412,Luke Falk,QB,2019,NYJ,3,73,416,0,3,0,0,0,0,0,0,0,0,0,0,1,1,0,0,0,0.0,0.0,0.0,8.64,8.64,8.64
00-0034414,Boston Scott,RB,2019,PHI,9,0,0,0,0,0,61,245,5,0,26,24,204,0,0,1,0,0,0,0,0.04304635761589404,-0.009355297945901973,0.05802082786170967,74.9,98.9,98.9
00-0034418,Cedrick Wilson Jr.,WR,2019,DAL,4,0,0,0,0,0,0,0,0,0,8,5,46,0,0,0,0,0,0,0,0.013888888888888888,0.023873151612328523,0.037544539461963296,4.6000000000000005,9.600000000000001,9.600000000000001
00-0034419,Braxton Berrios,WR,2019,NYJ,16,0,0,0,0,0,0,0,0,0,13,6,115,0,0,1,0,0,0,0,0.026422764227642278,0.0253975789223831,0.05741245158713158,11.5,17.5,17.5
00-0034426,Javon Wims,WR,2019,CHI,11,0,0,0,0,0,0,0,0,0,39,18,186,1,0,0,0,0,0,0,0.06890459363957598,0.09938298810048479,0.1729249821297033,24.6,42.6,42.6
00-0034432,Bo Scarbrough,RB,2019,DET,6,0,0,0,0,0,89,377,1,0,4,1,5,0,0,1,0,1,0,0,0.007272727272727273,-0.0014657383657017222,0.009883074053099704,42.2,43.2,43.2
00-0034433,Nick Bawden,RB,2019,DET,7,0,0,0,0,0,0,0,0,0,6,4,17,0,0,0,0,0,0,0,0.01090909090909091,0.0,0.016363636363636365,1.7000000000000002,5.7,5.7
00-0034439,Ryan Izzo,TE,2019,NE,6,0,0,0,0,0,0,0,0,0,9,6,114,1,0,0,0,0,0,0,0.015332197614991482,0.01677058697054397,0.034737707301868,17.4,23.4,23.4
00-0034440,Justin Jackson,RB,2019,LAC,7,0,0,0,0,0,29,200,0,0,11,9,22,0,0,0,0,0,0,0,0.019097222222222224,-0.002362669816893089,0.026991964461508172,22.200000000000003,31.200000000000003,31.2
00-0034449,Buddy Howell,RB,2019,HOU,8,0,0,0,0,0,5,10,0,0,0,0,0,0,0,0,0,0,0,0,0.0,0.0,0.0,1.0,1.0,1.0
00-0034457,Josh Adams,RB,2019,NYJ,2,0,0,0,0,0,8,12,0,0,0,0,0,0,0,0,0,0,0,0,0.0,0.0,0.0,1.2000000000000002,1.2000000000000002,1.2000000000000002
00-0034487,Trent Sherfield,WR,2019,ARI,10,0,0,0,0,0,0,0,0,0,13,4,80,0,0,0,0,0,0,0,0.024574669187145556,0.049344457687723484,0.07140312416212477,8.0,12.0,12.0
00-0034510,Robert Foster,WR,2019,BUF,10,0,0,0,0,0,2,29,0,0,18,3,64,0,0,0,0,0,0,0,0.03711340206185567,0.09624413145539906,0.12304099511156284,9.3,12.3,12.3
00-0034521,Allen Lazard,WR,2019,GB,12,0,0,0,0,0,1,21,0,0,52,35,477,3,0,0,0,0,0,0,0.0959409594095941,0.1467304625199362,0.24662276287834647,67.80000000000001,102.80000000000001,102.80000000000001
00-0034577,Kyle Allen,QB,2019,CAR,13,489,3322,17,16,0,32,106,2,0,0,0,0,0,0,7,6,1,0,0,0.0,0.0,0.0,177.48,177.48,177.48
00-0034578,Reggie Bonnafon,RB,2019,CAR,11,0,0,0,0,0,16,116,1,0,9,6,57,0,0,0,0,0,0,0,0.015,0.004906586148329874,0.02593461030383091,23.3,29.3,29.3
00-0034593,Chris Lacy,WR,2019,DET,4,0,0,0,0,0,0,0,0,0,10,3,60,0,0,0,0,0,0,0,0.01818181818181818,0.024551117625503847,0.04445850961057996,6.0,9.0,9.0
00-0034597,Ryan Nall,RB,2019,CHI,4,0,0,0,0,0,2,8,0,0,0,0,0,0,0,0,0,0,0,0,0.0,0.0,0.0,0.8,0.8,0.8
00-0034613,Tanner Hudson,TE,2019,TB,4,0,0,0,0,0,0,0,0,0,5,2,26,0,0,0,0,0,0,0,0.008237232289950576,0.0084706607115355,0.018285310933000714,2.6,4.6,4.6
00-0034631,Vyncint Smith,WR,2019,NYJ,13,0,0,0,0,0,3,52,1,0,31,17,225,0,0,1,0,0,0,0,0.06300813008130081,0.08853548540232613,0.1564870349035795,33.7,50.7,50.7
00-0034653,Deontay Burnett,WR,2019,PHI,1,0,0,0,0,0,0,0,0,0,4,2,48,0,0,0,0,0,0,0,0.006622516556291391,0.017897091722595078,0.022461739040253642,4.800000000000001,6.800000000000001,6.800000000000001
00-0034654,Dalyn Dawkins,RB,2019,TEN,2,0,0,0,0,0,11,26,0,0,1,0,0,0,0,0,0,0,0,0,0.002336448598130841,0.0005129520389843549,0.00386373932448531,2.6,2.6,2.6
00-0034660,Rico Gafford,WR,2019,LV,3,0,0,0,0,0,0,0,0,0,2,2,66,1,0,0,0,0,0,0,0.004073319755600814,0.01413325641765215,0.016003259125757726,12.600000000000001,14.600000000000001,14.600000000000001
00-0034676,James Washington,WR,2019,PIT,15,0,0,0,0,0,0,0,0,0,80,44,735,3,0,1,0,0,1,0,0.16494845360824742,0.3144560357675112,0.4675419054496289,89.5,133.5,133.5
00-0034679,Mark Walton,RB,2019,MIA,7,0,0,0,0,0,53,201,0,0,21,15,89,0,0,1,0,0,1,0,0.034653465346534656,-0.004393190554640308,0.04890496463155377,27.0,42.0,42.0
00-0034681,Chase Edmonds,RB,2019,ARI,12,0,0,0,0,0,60,303,4,0,21,12,105,1,0,0,0,0,0,0,0.03969754253308128,0.0011918951132300357,0.06038064037888295,70.80000000000001,82.80000000000001,82.8
00-0034686,Auden Tate,WR,2019,CIN,12,0,0,0,0,0,0,0,0,0,80,40,575,1,0,1,0,0,1,0,0.13582342954159593,0.1857825567502987,0.33378293403760295,61.5,101.5,101.5
00-0034705,John Franklin,WR,2019,TB,1,0,0,0,0,0,1,11,0,0,0,0,0,0,0,0,0,0,0,0,0.0,0.0,0.0,1.1,1.1,1.1
00-0034710,Darvin Kidsy,WR,2019,WAS,1,0,0,0,0,0,0,0,0,0,0,0,0,0,0,0,0,0,0,0,0.0,0.0,0.0,0.0,0.0,0.0
00-0034735,Codey McElroy,TE,2019,TB,1,0,0,0,0,0,0,0,0,0,1,1,30,0,0,0,0,0,0,0,0.0016474464579901153,0.004620360388110273,0.0057054219586623635,3.0,4.0,4.0
00-0034747,Marcell Ateman,WR,2019,LV,4,0,0,0,0,0,0,0,0,0,10,5,116,0,0,1,0,0,1,0,0.020366598778004074,0.03691952696856071,0.05639356704499861,9.600000000000001,14.600000000000001,14.600000000000001
00-0034750,Rashaad Penny,RB,2019,SEA,9,0,0,0,0,0,65,370,3,0,11,8,83,1,0,1,0,1,0,0,0.022267206477732792,0.005140859551717047,0.03699941140280112,67.30000000000001,75.30000000000001,75.3
00-0034753,Mark Andrews,TE,2019,BAL,15,0,0,0,0,0,0,0,0,0,98,64,852,10,0,1,0,0,1,0,0.23113207547169812,0.2708006279434851,0.5362585527679867,143.2,207.2,207.2
00-0034764,Michael Gallup,WR,2019,DAL,14,0,0,0,0,0,0,0,0,0,113,66,1107,6,0,0,0,0,0,0,0.19618055555555555,0.25316230179939425,0.4714844445929093,146.7,212.7,212.7
00-0034765,Tre'Quan Smith,WR,2019,NO,10,0,0,0,0,0,0,0,0,0,25,18,234,5,0,0,0,0,0,0,0.044722719141323794,0.059326563335114914,0.10861267304656612,53.400000000000006,71.4,71.4
00-0034766,Chris Herndon,TE,2019,NYJ,1,0,0,0,0,0,0,0,0,0,2,1,7,0,0,0,0,0,0,0,0.0040650406504065045,0.0028483266081177306,0.008091389601292168,0.7000000000000001,1.7000000000000002,1.7000000000000002
00-0034771,Mason Rudolph,QB,2019,PIT,10,283,1765,13,9,0,21,42,0,0,0,0,0,0,0,0,0,0,0,0,0.0,0.0,0.0,108.80000000000001,108.80000000000001,108.80000000000001
00-0034772,Antonio Callaway,WR,2019,CLE,4,0,0,0,0,0,0,0,0,0,15,8,89,0,0,0,0,0,0,0,0.029013539651837523,0.033023958558169655,0.06663708046847505,8.9,16.9,16.9
00-0034775,Christian Kirk,WR,2019,ARI,13,0,0,0,0,0,10,93,0,0,108,68,709,3,1,0,0,0,0,0,0.20415879017013233,0.25721096543504174,0.4862858610597277,100.2,168.2,168.2
00-0034777,DJ Chark,WR,2019,JAX,15,0,0,0,0,0,2,20,0,0,118,73,1008,8,1,0,0,0,0,0,0.20959147424511546,0.3111856823266219,0.5322171889963085,152.8,225.8,225.8
00-0034788,Jaeden Graham,TE,2019,ATL,10,0,0,0,0,0,0,0,0,0,10,9,149,1,0,0,0,0,0,0,0.015267175572519083,0.015537488708220415,0.03377700545453292,20.9,29.9,29.9
00-0034791,Nick Chubb,RB,2019,CLE,16,0,0,0,0,0,298,1494,8,0,49,36,278,0,0,3,0,2,1,0,0.09477756286266925,-0.00604360025901144,0.13793582411269587,219.20000000000002,255.20000000000002,255.20000000000005
00-0034796,Lamar Jackson,QB,2019,BAL,15,401,3127,36,6,0,176,1206,7,0,0,0,0,0,0,2,0,2,0,0,0.0,0.0,0.0,415.68,415.68,415.68
00-0034798,Durham Smythe,TE,2019,MIA,12,0,0,0,0,0,0,0,0,0,14,7,65,0,0,0,0,0,0,0,0.0231023102310231,0.025260845689181768,0.05233605732896189,6.5,13.5,13.5
00-0034799,Kalen Ballage,RB,2019,MIA,12,0,0,0,0,0,74,135,3,0,24,14,63,0,0,0,0,0,0,0,0.039603960396039604,-0.0014643968515467693,0.05838086279797666,37.8,51.8,51.8
00-0034808,John Kelly,RB,2019,LA,1,0,0,0,0,0,3,9,0,0,0,0,0,0,0,0,0,0,0,0,0.0,0.0,0.0,0.9,0.9,0.9
00-0034816,Ronald Jones,RB,2019,TB,16,0,0,0,0,0,172,724,6,0,40,31,309,0,0,2,0,1,1,0,0.06589785831960461,0.004620360388110273,0.10208103975108411,135.3,166.3,166.3
00-0034827,DJ Moore,WR,2019,CAR,15,0,0,0,0,0,6,40,0,0,135,87,1175,4,0,1,0,0,1,0,0.225,0.28118512926967354,0.5343295904887715,143.5,230.5,230.5
00-0034829,Mike Gesicki,TE,2019,MIA,15,0,0,0,0,0,0,0,0,0,89,51,570,5,0,1,0,0,1,0,0.14686468646864687,0.16199890170236134,0.33369626089462323,85.0,136.0,136.0
00-0034830,Hayden Hurst,TE,2019,BAL,16,0,0,0,0,0,0,0,0,0,39,30,349,2,0,0,0,0,0,0,0.09198113207547169,0.08634222919937205,0.19841125855276798,46.9,76.9,76.9
00-0034837,Calvin Ridley,WR,2019,ATL,13,0,0,0,0,0,2,34,0,0,93,63,866,7,1,0,0,0,0,0,0.14198473282442747,0.22511291779584464,0.3705561416937324,134.0,197.0,197.0
00-0034838,Royce Freeman,RB,2019,DEN,16,0,0,0,0,0,132,496,3,0,50,43,256,1,0,0,0,0,0,0,0.10395010395010396,0.002555366269165247,0.1577139123135716,99.2,142.2,142.2
00-0034844,Saquon Barkley,RB,2019,NYG,13,0,0,0,0,0,217,1003,6,0,73,52,438,2,0,0,0,0,0,0,0.12414965986394558,0.012476989159337287,0.19495838220745448,192.1,244.1,244.10000000000002
00-0034845,Sony Michel,RB,2019,NE,16,0,0,0,0,0,247,912,7,0,20,12,94,0,0,1,0,1,0,0,0.034071550255536626,-0.0032251128789507633,0.048849746368039404,140.60000000000002,152.60000000000002,152.6
00-0034854,KhaDarel Hodge,WR,2019,CLE,12,0,0,0,0,0,0,0,0,0,10,4,76,0,0,0,0,0,0,0,0.019342359767891684,0.03475070148931578,0.053339030694358566,7.6000000000000005,11.600000000000001,11.600000000000001
00-0034855,Baker Mayfield,QB,2019,CLE,16,534,3827,22,21,1,28,141,3,0,0,0,0,0,0,2,2,0,0,0,0.0,0.0,0.0,229.18,229.18,229.18
00-0034857,Josh Allen,QB,2019,BUF,16,461,3089,20,9,2,109,510,9,1,0,0,0,0,0,4,2,2,0,0,0.0,0.0,0.0,288.56,288.56,288.56
00-0034860,Dante Pettis,WR,2019,SF,9,1,16,0,0,0,0,0,0,0,24,11,109,2,0,0,0,0,0,0,0.05139186295503212,0.060460652591170824,0.11941025124636775,23.54,34.54,34.54
00-0034867,Malik Turner,WR,2019,SEA,11,0,0,0,0,0,0,0,0,0,22,15,245,1,0,0,0,0,0,0,0.044534412955465584,0.054287476866132015,0.10480285323949079,30.5,45.5,45.5
00-0034869,Sam Darnold,QB,2019,NYJ,13,441,3024,19,13,3,33,62,2,0,0,0,0,0,0,3,3,0,0,0,0.0,0.0,0.0,189.16,189.16,189.16
00-0034922,Ishmael Hyman,WR,2019,TB,2,0,0,0,0,0,0,0,0,0,4,2,34,0,0,0,0,0,0,0,0.006589785831960461,0.008932696750346527,0.016137566473183262,3.4000000000000004,5.4,5.4
00-0034928,Steven Sims,WR,2019,WAS,16,1,0,0,0,0,9,85,1,0,56,34,310,4,0,0,0,0,0,1,0.1206896551724138,0.10524869469634515,0.2547085690460623,75.5,109.5,109.5
00-0034960,Jakobi Meyers,WR,2019,NE,11,0,0,0,0,0,0,0,0,0,41,26,359,0,0,0,0,0,0,0,0.06984667802385008,0.09073317566114814,0.1682832399985788,35.9,61.9,61.9
00-0034970,Irv Smith,TE,2019,MIN,14,0,0,0,0,0,0,0,0,0,47,36,311,2,0,0,0,0,0,0,0.10633484162895927,0.07496463932107496,0.21197750996819137,43.1,79.1,79.1
00-0034972,Alexander Mattison,RB,2019,MIN,13,0,0,0,0,0,100,462,1,0,12,10,82,0,0,1,0,1,0,0,0.027149321266968326,0.007637906647807638,0.046070516553917834,58.400000000000006,68.4,68.4
00-0034975,Justice Hill,RB,2019,BAL,16,0,0,0,0,0,58,225,2,0,15,8,70,0,0,0,0,0,0,0,0.03537735849056604,0.006017791732077446,0.05727849194830327,41.5,49.5,49.5
00-0034981,Foster Moreau,TE,2019,LV,11,0,0,0,0,0,0,0,0,0,25,21,174,5,0,0,0,0,0,0,0.05091649694501019,0.031727718488606865,0.09858414835954009,47.400000000000006,68.4,68.4
00-0034983,Hunter Renfrow,WR,2019,LV,13,0,0,0,0,0,0,0,0,0,71,49,605,4,0,0,0,0,0,0,0.1446028513238289,0.14392846841649842,0.3176542048772923,84.5,133.5,133.5
00-0034988,Kaden Smith,TE,2019,NYG,7,0,0,0,0,0,0,0,0,0,42,31,268,3,0,0,0,0,0,0,0.07142857142857142,0.04929433421967683,0.14164889109663092,44.8,75.8,75.8
00-0034995,Dexter Williams,RB,2019,GB,2,0,0,0,0,0,5,11,0,0,0,0,0,0,0,0,0,0,0,0,0.0,0.0,0.0,1.1,1.1,1.1
00-0035006,Bisi Johnson,WR,2019,MIN,13,0,0,0,0,0,1,6,0,0,45,31,294,3,0,0,0,0,0,0,0.10180995475113122,0.12192362093352192,0.23806146678016218,48.0,79.0,79.0
00-0035013,Jon Hilliman,RB,2019,NYG,3,0,0,0,0,0,30,91,0,0,4,3,1,0,0,2,0,1,1,0,0.006802721088435374,-0.00020454080589077522,0.010060903068529518,5.200000000000001,8.200000000000001,8.2
00-0035021,Ashton Dulin,WR,2019,IND,8,0,0,0,0,0,0,0,0,0,2,2,17,0,0,0,0,0,0,0,0.004098360655737705,-0.0014545454545454545,0.005129359165424739,1.7000000000000002,3.7,3.7
00-0035025,Hale Hentges,TE,2019,WAS,5,0,0,0,0,0,0,0,0,0,14,8,103,1,0,0,0,0,0,0,0.03017241379310345,0.02912888156086837,0.06564883778226303,16.3,24.3,24.3
00-0035039,Stephen Carlson,TE,2019,CLE,6,0,0,0,0,0,0,0,0,0,7,5,51,1,0,0,0,0,0,0,0.013539651837524178,0.011007986186056551,0.028015068086525853,11.100000000000001,16.1,16.1
00-0035040,David Blough,QB,2019,DET,5,174,984,4,6,0,8,31,0,0,1,1,19,1,0,0,0,0,0,0,0.0018181818181818182,0.002565042139978014,0.004522802225257337,54.36,55.36,55.36
00-0035104,Alexander Hollins,WR,2019,MIN,2,0,0,0,0,0,0,0,0,0,4,2,46,0,0,0,0,0,0,0,0.00904977375565611,0.021216407355021217,0.028426145781999014,4.6000000000000005,6.6000000000000005,6.6000000000000005
00-0035120,Keelan Doss,WR,2019,LV,6,0,0,0,0,0,0,0,0,0,14,11,133,0,0,0,0,0,0,0,0.028513238289205704,0.03576579175079319,0.06780591165936378,13.3,24.3,24.3
00-0035140,Mecole Hardman,WR,2019,KC,16,0,0,0,0,0,4,17,0,0,41,26,538,6,0,2,0,0,0,1,0.07347670250896057,0.09216683621566633,0.1747318391144073,97.5,123.5,123.5
00-0035146,Trace McSorley,QB,2019,BAL,1,0,0,0,0,0,1,1,0,0,0,0,0,0,0,0,0,0,0,0,0.0,0.0,0.0,0.1,0.1,0.1
00-0035148,Darwin Thompson,RB,2019,KC,10,0,0,0,0,0,37,128,1,0,10,9,43,0,0,0,0,0,0,0,0.017921146953405017,-0.0032553407934893183,0.024602981874665003,23.1,32.1,32.1
00-0035181,Darrius Shepherd,WR,2019,GB,6,0,0,0,0,0,0,0,0,0,2,1,1,0,0,1,0,0,0,0,0.0036900369003690036,0.001594896331738437,0.006651482782770411,0.1,1.1,1.1
00-0035184,Devine Ozigbo,RB,2019,JAX,3,0,0,0,0,0,9,27,0,0,5,3,23,0,0,0,0,0,0,0,0.008880994671403197,0.0013422818791946308,0.014261089322541037,5.0,8.0,8.0
00-0035208,Olamide Zaccheaus,WR,2019,ATL,6,0,0,0,0,0,0,0,0,0,5,3,115,1,0,0,0,0,0,0,0.007633587786259542,0.012466124661246613,0.020176668942261944,17.5,20.5,20.5
00-0035215,Deonte Harty,WR,2019,NO,14,0,0,0,0,0,4,31,0,0,6,6,24,0,0,1,0,0,0,1,0.01073345259391771,-0.00347407803313736,0.013668324267680412,11.5,17.5,17.5
00-0035216,Diontae Johnson,WR,2019,PIT,16,0,0,0,0,0,4,41,0,0,92,59,680,5,0,2,0,0,1,1,0.18969072164948453,0.20938897168405365,0.43110836265306435,106.10000000000001,165.10000000000002,165.1
00-0035217,Benny Snell,RB,2019,PIT,11,0,0,0,0,0,108,426,2,0,4,3,23,0,0,1,0,1,0,0,0.008247422680412371,-0.0004967709885742673,0.012023394328616571,54.900000000000006,57.900000000000006,57.9
00-0035222,Zach Gentry,TE,2019,PIT,2,0,0,0,0,0,0,0,0,0,1,1,4,0,0,0,0,0,0,0,0.002061855670103093,0.0004967709885742673,0.0034405231971566265,0.4,1.4,1.4
00-0035228,Kyler Murray,QB,2019,ARI,16,542,3722,20,12,3,93,544,4,0,0,0,0,0,0,2,0,2,0,0,0.0,0.0,0.0,285.28,285.28,285.28
00-0035229,T.J. Hockenson,TE,2019,DET,12,0,0,0,0,0,0,0,0,0,59,32,367,2,0,0,0,0,0,0,0.10727272727272727,0.08336386954928546,0.2192637995935907,48.7,80.7,80.7
00-0035232,Dwayne Haskins,QB,2019,WAS,9,203,1365,7,7,1,20,101,0,0,0,0,0,0,0,2,2,0,0,0,0.0,0.0,0.0,76.69999999999999,76.69999999999999,76.69999999999999
00-0035243,Miles Sanders,RB,2019,PHI,16,0,0,0,0,0,179,818,3,1,63,50,509,3,0,1,0,1,0,0,0.10430463576158941,0.0266422615415904,0.17510653672149737,168.70000000000002,218.70000000000002,218.70000000000002
00-0035246,J.J. Arcega-Whiteside,WR,2019,PHI,9,0,0,0,0,0,0,0,0,0,22,10,169,1,0,0,0,0,0,0,0.03642384105960265,0.07443563148261134,0.10674070362723191,22.900000000000002,32.900000000000006,32.900000000000006
00-0035249,Josh Oliver,TE,2019,JAX,3,0,0,0,0,0,0,0,0,0,6,3,15,0,0,0,0,0,0,0,0.010657193605683837,0.009843400447427294,0.02287617072172486,1.5,4.5,4.5
00-0035250,Devin Singletary,RB,2019,BUF,12,0,0,0,0,0,151,775,2,0,41,29,194,2,0,1,0,1,0,0,0.08453608247422681,0.013017498932991891,0.1359163729644345,118.9,147.9,147.9
00-0035251,Will Grier,QB,2019,CAR,2,52,228,0,4,0,7,22,0,0,0,0,0,0,0,1,0,1,0,0,0.0,0.0,0.0,1.3200000000000012,1.3200000000000012,1.3200000000000012
00-0035259,Trevon Wesco,TE,2019,NYJ,6,0,0,0,0,0,1,2,0,0,3,2,47,0,0,0,0,0,0,0,0.006097560975609756,0.0018988844054118206,0.01047556054720291,4.9,6.9,6.9
00-0035261,Tony Pollard,RB,2019,DAL,14,0,0,0,0,0,86,455,2,1,20,15,107,1,0,1,0,1,0,0,0.034722222222222224,-0.003206841261357563,0.04983854445038304,74.2,89.2,89.2
00-0035264,Jarrett Stidham,QB,2019,NE,3,4,14,0,1,0,2,-2,0,0,0,0,0,0,0,0,0,0,0,0,0.0,0.0,0.0,-1.64,-1.64,-1.64
00-0035268,Ryquell Armstead,RB,2019,JAX,14,0,0,0,0,0,35,108,0,0,24,14,144,2,0,0,0,0,0,0,0.04262877442273535,0.009843400447427294,0.07083354194730213,37.2,51.2,51.2
00-0035273,Qadree Ollison,RB,2019,ATL,6,0,0,0,0,0,22,50,4,0,2,1,7,0,0,0,0,0,0,0,0.0030534351145038168,0.0005420054200542005,0.004959556465793666,29.7,30.7,30.7
00-0035275,Jordan Scarlett,RB,2019,CAR,3,0,0,0,0,0,4,9,0,0,0,0,0,0,0,0,0,0,0,0,0.0,0.0,0.0,0.9,0.9,0.9
00-0035287,KeeSean Johnson,WR,2019,ARI,10,0,0,0,0,0,1,3,0,0,42,21,187,1,1,1,0,0,1,0,0.07939508506616257,0.09392133492252681,0.18483756204501262,25.0,46.0,46.0
00-0035289,Gardner Minshew,QB,2019,JAX,14,470,3271,21,6,3,67,344,0,0,0,0,0,0,0,7,5,2,0,0,0.0,0.0,0.0,229.24,229.24,229.24
00-0035297,Kelvin Harmon,WR,2019,WAS,15,1,11,0,0,0,0,0,0,0,44,30,365,0,0,0,0,0,0,0,0.09482758620689655,0.13794998625996152,0.23880636969231786,36.94,66.94,66.94
00-0035298,Scott Miller,WR,2019,TB,9,0,0,0,0,0,2,16,0,0,26,13,200,1,0,0,0,0,0,0,0.042833607907743,0.07161558601570922,0.11438132207261095,27.6,40.6,40.6
00-0035304,Cullen Gillaspia,RB,2019,HOU,6,0,0,0,0,0,0,0,0,0,0,0,0,0,0,0,0,0,0,0,0.0,0.0,0.0,0.0,0.0,0.0
00-0035308,Tommy Sweeney,TE,2019,BUF,5,0,0,0,0,0,0,0,0,0,13,8,114,0,0,0,0,0,0,0,0.026804123711340205,0.025181391378574478,0.05783315953201244,11.4,19.4,19.4
00-0035311,Myles Gaskin,RB,2019,MIA,7,0,0,0,0,0,36,133,1,0,12,7,51,0,0,0,0,0,0,0,0.019801980198019802,0.0003660992128866923,0.029959239746050387,24.400000000000002,31.400000000000002,31.400000000000002
00-0035342,Patrick Laird,RB,2019,MIA,8,0,0,0,0,0,62,168,1,0,30,23,204,0,1,0,0,0,0,0,0.04950495049504951,0.007688083470620538,0.07963908417200864,45.2,68.2,68.2
00-0035350,Preston Williams,WR,2019,MIA,8,0,0,0,0,0,0,0,0,0,60,32,428,3,0,1,0,0,1,0,0.09900990099009901,0.15394471901885412,0.2562761547983464,58.800000000000004,90.80000000000001,90.80000000000001
00-0035374,Michael Walker,WR,2019,JAX,7,0,0,0,0,0,0,0,0,0,3,2,15,0,0,2,0,0,0,0,0.0053285968028419185,0.0026845637583892616,0.00987208983513536,1.5,3.5,3.5
00-0035399,Stanley Morgan,WR,2019,CIN,7,0,0,0,0,0,0,0,0,0,10,3,18,0,0,0,0,0,0,0,0.01697792869269949,0.013142174432497013,0.03466641514179715,1.8,4.8,4.8
00-0035401,Damion Willis,WR,2019,CIN,7,0,0,0,0,0,0,0,0,0,16,9,82,0,0,0,0,0,0,0,0.027164685908319185,0.0356431700517722,0.06569724789871931,8.200000000000001,17.200000000000003,17.200000000000003
00-0035406,Lil'Jordan Humphrey,WR,2019,NO,1,0,0,0,0,0,0,0,0,0,1,0,0,0,0,0,0,0,0,0,0.0017889087656529517,0.004008551576696953,0.005489349252167295,0.0,0.0,0.0
00-0035414,Jalen Guyton,WR,2019,LAC,1,0,0,0,0,0,0,0,0,0,2,0,0,0,0,0,0,0,0,0,0.003472222222222222,0.014766686355581808,0.015545013782240599,0.0,0.0,0.0
00-0035432,Jason Moore,WR,2019,LAC,6,0,0,0,0,0,0,0,0,0,5,2,43,0,0,0,0,0,0,0,0.008680555555555556,0.023429809017523135,0.029421699645599528,4.3,6.3,6.3
00-0035489,Wes Hills,RB,2019,DET,1,0,0,0,0,0,10,21,2,0,2,2,1,0,0,0,0,0,0,0,0.0036363636363636364,-0.00036643459142543056,0.0051980412405476534,14.2,16.2,16.2
00-0035500,Greg Dortch,WR,2019,CAR,2,0,0,0,0,0,0,0,0,0,0,0,0,0,0,1,0,0,0,0,0.0,0.0,0.0,0.0,0.0,0.0
00-0035510,Jeff Smith,WR,2019,NYJ,1,0,0,0,0,0,0,0,0,0,2,1,12,0,0,0,0,0,0,0,0.0040650406504065045,0.011393306432470923,0.014072875478339401,1.2000000000000002,2.2,2.2
00-0035527,Andy Isabella,WR,2019,ARI,12,0,0,0,0,0,4,15,0,0,13,9,189,1,0,0,0,0,0,0,0.024574669187145556,0.019547079856972585,0.05054495968059915,26.400000000000002,35.400000000000006,35.400000000000006
00-0035535,Darius Slayton,WR,2019,NYG,14,0,0,0,0,0,0,0,0,0,84,48,740,8,0,0,0,0,0,0,0.14285714285714285,0.2409490693393332,0.3829500628232475,122.0,170.0,170.0
00-0035537,Ty Johnson,RB,2019,DET,16,0,0,0,0,0,63,273,0,0,31,24,109,0,0,1,0,0,1,0,0.056363636363636366,0.011176255038475632,0.0923688330723875,36.2,60.2,60.2
00-0035539,Isaac Nauta,TE,2019,DET,2,0,0,0,0,0,0,0,0,0,3,2,13,0,0,0,0,0,0,0,0.005454545454545455,0.0007328691828508611,0.008694826609813786,1.3,3.3,3.3
00-0035548,Ventell Bryant,WR,2019,DAL,7,0,0,0,0,0,0,0,0,0,1,1,15,1,0,0,0,0,0,0,0.001736111111111111,0.002672367717797969,0.004474824069125245,7.5,8.5,8.5
00-0035551,Tony Brooks-James,RB,2019,PIT,3,0,0,0,0,0,8,7,0,0,0,0,0,0,0,0,0,0,0,0,0.0,0.0,0.0,0.7000000000000001,0.7000000000000001,0.7000000000000001
00-0035553,Charles Jones,TE,2019,JAX,2,0,0,0,0,0,0,0,0,0,1,1,5,0,0,0,0,0,0,0,0.0017761989342806395,0.0006711409395973154,0.00313409705913908,0.5,1.5,1.5
00-0035562,Jesper Horsted,TE,2019,CHI,5,0,0,0,0,0,0,0,0,0,10,8,87,1,0,1,0,0,0,0,0.0176678445229682,0.014543851917144116,0.03668246312645318,14.700000000000001,22.700000000000003,22.700000000000003
00-0035577,Devlin Hodges,QB,2019,PIT,8,160,1063,5,8,0,21,68,0,0,0,0,0,0,0,1,1,0,0,0,0.0,0.0,0.0,51.32000000000001,51.32000000000001,51.32000000000001
00-0035587,Spencer Schnell,WR,2019,TB,1,0,0,0,0,0,0,0,0,0,0,0,0,0,0,0,0,0,0,0,0.0,0.0,0.0,0.0,0.0,0.0
00-0035590,Riley Ridley,WR,2019,CHI,3,0,0,0,0,0,0,0,0,0,7,6,69,0,0,0,0,0,0,0,0.012367491166077738,0.013662406346408109,0.028114921191602284,6.9,12.9,12.9
00-0035592,Travis Fulgham,WR,2019,DET,2,0,0,0,0,0,0,0,0,0,3,0,0,0,0,0,0,0,0,0,0.005454545454545455,0.012092341517039208,0.016646457243745628,0.0,0.0,0.0
00-0035593,Juwann Winfree,WR,2019,DEN,2,0,0,0,0,0,0,0,0,0,0,0,0,0,0,0,0,0,0,0,0.0,0.0,0.0,0.0,0.0,0.0
00-0035594,Travis Homer,RB,2019,SEA,7,0,0,0,0,0,18,114,0,0,13,11,56,0,0,0,0,0,0,0,0.02631578947368421,-0.0008225375282747275,0.03889790794073401,17.0,28.0,28.0
00-0035596,Kerrith Whyte,RB,2019,PIT,6,0,0,0,0,0,24,122,0,0,1,1,9,0,0,0,0,0,0,0,0.002061855670103093,-0.0004967709885742673,0.0027450438131526524,13.100000000000001,14.100000000000001,14.100000000000001
00-0035597,John Ursua,WR,2019,SEA,1,0,0,0,0,0,0,0,0,0,1,1,11,0,0,0,0,0,0,0,0.0020242914979757085,0.0022619782027555007,0.004619821988892413,1.1,2.1,2.1
00-0035621,Nsimba Webster,WR,2019,LA,4,0,0,0,0,0,0,0,0,0,0,0,0,0,0,0,0,0,0,0,0.0,0.0,0.0,0.0,0.0,0.0
00-0035624,N'Keal Harry,TE,2019,NE,7,0,0,0,0,0,5,49,0,0,24,12,105,2,0,0,0,0,0,0,0.04088586030664395,0.04816168565899807,0.09504197042126457,27.4,39.4,39.4
00-0035628,D'Ernest Johnson,RB,2019,CLE,10,0,0,0,0,0,4,21,0,0,7,6,71,0,0,0,0,0,0,0,0.013539651837524178,0.007338657457371034,0.025446537976445992,9.200000000000001,15.200000000000001,15.200000000000001
00-0035631,Drew Sample,TE,2019,CIN,5,0,0,0,0,0,0,0,0,0,6,5,30,0,0,0,0,0,0,0,0.010186757215619695,0.008363201911589008,0.02113437716154185,3.0,8.0,8.0
00-0035639,Parris Campbell,WR,2019,IND,7,0,0,0,0,0,4,34,0,0,24,18,127,1,0,1,0,0,1,0,0.04918032786885246,0.045575757575757575,0.10567352210630898,20.1,38.1,38.1
00-0035640,DK Metcalf,WR,2019,SEA,16,0,0,0,0,0,2,11,0,0,100,58,900,7,1,3,0,0,3,0,0.20242914979757085,0.26588525601480567,0.48976340390672024,129.10000000000002,187.10000000000002,187.1
00-0035644,Noah Fant,TE,2019,DEN,16,0,0,0,0,0,3,-12,0,0,66,40,562,3,0,1,0,0,1,0,0.13721413721413722,0.14281658148779103,0.3057928128626596,71.0,111.0,111.0
00-0035645,Gunner Olszewski,WR,2019,NE,8,0,0,0,0,0,0,0,0,0,4,2,34,0,0,1,0,0,0,0,0.0068143100511073255,0.005160180606321221,0.013833591501085844,3.4000000000000004,5.4,5.4
00-0035652,Ryan Finley,QB,2019,CIN,3,87,474,2,2,0,10,77,0,0,0,0,0,0,0,3,3,0,0,0,0.0,0.0,0.0,24.66,24.66,24.66
00-0035657,Damien Harris,RB,2019,NE,1,0,0,0,0,0,4,12,0,0,0,0,0,0,0,0,0,0,0,0,0.0,0.0,0.0,1.2000000000000002,1.2000000000000002,1.2000000000000002
00-0035659,Terry McLaurin,WR,2019,WAS,14,0,0,0,0,0,0,0,0,0,93,58,919,7,0,0,0,0,0,0,0.20043103448275862,0.3583402033525694,0.5514846940709365,133.9,191.9,191.9
00-0035662,Marquise Brown,WR,2019,BAL,14,0,0,0,0,0,0,0,0,0,71,46,584,7,0,0,0,0,0,0,0.16745283018867924,0.20460491889063318,0.39440268850646204,100.4,146.4,146.4
00-0035664,Darrell Henderson,RB,2019,LA,9,0,0,0,0,0,39,147,0,0,6,4,37,0,0,0,0,0,0,0,0.00980392156862745,0.0006161429451632779,0.01513718241455547,18.400000000000002,22.400000000000002,22.400000000000002
00-0035671,Jace Sternberger,TE,2019,GB,3,0,0,0,0,0,0,0,0,0,1,0,0,0,0,0,0,0,0,0,0.0018450184501845018,0.00259170653907496,0.004581722252629225,0.0,0.0,0.0
00-0035676,A.J. Brown,WR,2019,TEN,16,0,0,0,0,0,3,60,1,0,84,52,1051,8,0,0,0,0,0,0,0.19626168224299065,0.28391895357784047,0.4931357908689743,165.10000000000002,217.10000000000002,217.10000000000002
00-0035685,David Montgomery,RB,2019,CHI,16,0,0,0,0,0,242,889,6,0,35,25,185,1,0,2,0,2,0,0,0.061837455830388695,0.020713970912296167,0.10725596338419036,145.4,170.4,170.4
00-0035689,Dawson Knox,TE,2019,BUF,15,0,0,0,0,0,1,9,0,0,50,28,388,2,0,0,0,0,0,0,0.10309278350515463,0.09709773794280836,0.22260759181769782,51.7,79.7,79.7
00-0035700,Josh Jacobs,RB,2019,LV,13,0,0,0,0,0,242,1150,7,0,27,20,166,0,0,1,0,1,0,0,0.054989816700611,-0.00980674935102394,0.07562000050519975,171.6,191.6,191.6
00-0035703,Miles Boykin,WR,2019,BAL,12,0,0,0,0,0,0,0,0,0,22,13,198,3,0,0,0,0,0,0,0.05188679245283019,0.0989010989010989,0.1470609579100145,37.8,50.8,50.8
00-0035704,Drew Lock,QB,2019,DEN,5,156,1020,7,3,0,18,72,0,0,0,0,0,0,0,1,0,1,0,0,0.0,0.0,0.0,68.00000000000001,68.00000000000001,68.00000000000001
00-0035710,Daniel Jones,QB,2019,NYG,13,459,3027,24,12,2,45,279,2,0,0,0,0,0,0,11,8,3,0,0,0.0,0.0,0.0,214.98,214.98,214.98
00-0035719,Deebo Samuel Sr.,WR,2019,SF,15,0,0,0,0,0,14,159,3,0,81,57,802,3,1,1,0,0,1,0,0.1734475374732334,0.19129878438899553,0.39408045528214697,132.10000000000002,189.10000000000002,189.1
00-0035726,Jakob Johnson,RB,2019,NE,1,0,0,0,0,0,0,0,0,0,2,1,5,0,0,0,0,0,0,0,0.0034071550255536627,0.0015050526768436896,0.006164269412121077,0.5,1.5,1.5
00-0019596,Tom Brady,QB,2020,TB,16,610,4633,40,12,0,30,6,3,0,0,0,0,0,0,1,0,1,0,0,0.0,0.0,0.0,337.92,337.92,337.92
00-0020531,Drew Brees,QB,2020,NO,12,390,2942,24,6,0,18,-2,2,0,0,0,0,0,0,2,2,0,0,0,0.0,0.0,0.0,209.48000000000002,209.48000000000002,209.48000000000002
00-0022127,Jason Witten,TE,2020,LV,10,0,0,0,0,0,0,0,0,0,17,13,69,2,0,0,0,0,0,0,0.032504780114722756,0.020258236865538737,0.06293793597796125,18.9,31.9,31.9
00-0022787,Matt Schaub,QB,2020,ATL,1,0,0,0,0,0,3,-4,0,0,0,0,0,0,0,0,0,0,0,0,0.0,0.0,0.0,-0.4,-0.4,-0.4
00-0022921,Larry Fitzgerald,WR,2020,ARI,13,0,0,0,0,0,0,0,0,0,72,54,409,1,0,0,0,0,0,0,0.13211009174311927,0.09653631284916202,0.26574055660909235,46.900000000000006,100.9,100.9
00-0022924,Ben Roethlisberger,QB,2020,PIT,15,608,3803,33,10,2,25,11,0,0,0,0,0,0,0,1,0,1,0,0,0.0,0.0,0.0,267.22,267.22,267.22
00-0022942,Philip Rivers,QB,2020,IND,16,543,4169,24,11,1,18,-8,0,0,0,0,0,0,0,1,1,0,0,0,0.0,0.0,0.0,239.95999999999998,239.95999999999998,239.95999999999998
00-0023436,Alex Smith,QB,2020,WAS,8,252,1582,6,8,0,10,3,0,0,0,0,0,0,0,0,0,0,0,0,0.0,0.0,0.0,71.58,71.58,71.58
00-0023459,Aaron Rodgers,QB,2020,GB,16,526,4299,48,5,0,38,149,3,0,1,1,-6,0,0,2,1,1,0,0,0.001996007984031936,-0.0009673518742442564,0.0023168656640769245,382.26000000000005,383.26000000000005,383.26
00-0023500,Frank Gore,RB,2020,NYJ,15,0,0,0,0,0,187,653,2,0,19,16,89,0,0,1,0,1,0,0,0.04103671706263499,0.00800753650494583,0.06716035114741456,84.2,100.2,100.2
00-0023682,Ryan Fitzpatrick,QB,2020,MIA,9,267,2091,13,8,2,30,151,2,1,1,1,0,0,0,0,0,0,0,0,0.0018281535648994515,-0.0009363295880149813,0.0020867996357386903,152.73999999999998,153.73999999999998,153.73999999999998
00-0024243,Marcedes Lewis,TE,2020,GB,11,0,0,0,0,0,0,0,0,0,17,10,107,3,0,0,0,0,0,0,0.033932135728542916,0.026844014510278114,0.06968901375000905,28.700000000000003,38.7,38.7
00-0025394,Adrian Peterson,RB,2020,DET,16,0,0,0,0,0,156,604,7,0,18,12,101,0,0,0,0,0,0,0,0.03202846975088968,-0.0012045773940975708,0.04719950045046622,112.5,124.5,124.5
00-0025396,Ted Ginn,WR,2020,CHI,5,0,0,0,0,0,0,0,0,0,6,3,40,0,0,0,0,0,0,0,0.010067114093959731,0.02484599589322382,0.03249286826619627,4.0,7.0,7.0
00-0025418,Greg Olsen,TE,2020,SEA,11,0,0,0,0,0,0,0,0,0,37,24,239,1,0,0,0,0,0,0,0.06890130353817504,0.05978485726106744,0.14520135539000978,29.900000000000002,53.900000000000006,53.900000000000006
00-0026035,Danny Amendola,WR,2020,DET,14,0,0,0,0,0,1,2,0,0,69,46,602,0,0,0,0,0,0,0,0.12277580071174377,0.11202569765107408,0.2625816894233675,60.400000000000006,106.4,106.4
00-0026143,Matt Ryan,QB,2020,ATL,16,626,4581,26,11,1,29,92,2,0,0,0,0,0,0,3,2,1,0,0,0.0,0.0,0.0,282.44,282.44,282.44
00-0026158,Joe Flacco,QB,2020,NYJ,5,134,864,6,3,0,6,22,0,0,0,0,0,0,0,0,0,0,0,0,0.0,0.0,0.0,54.760000000000005,54.760000000000005,54.760000000000005
00-0026189,DeSean Jackson,WR,2020,PHI,5,0,0,0,0,0,1,12,0,0,26,14,236,1,0,0,0,0,0,0,0.04634581105169341,0.08064215045734553,0.12596822189768198,30.8,44.8,44.8
00-0026197,Chad Henne,QB,2020,KC,3,38,248,2,0,0,7,-2,1,0,0,0,0,0,0,0,0,0,0,0,0.0,0.0,0.0,23.720000000000002,23.720000000000002,23.720000000000002
00-0026293,Matthew Slater,WR,2020,NE,6,0,0,0,0,0,0,0,0,0,0,0,0,0,0,0,0,0,0,0,0.0,0.0,0.0,0.0,0.0,0.0
00-0026498,Matthew Stafford,QB,2020,DET,16,528,4084,26,10,2,29,112,0,0,1,0,0,0,0,1,1,0,0,0,0.0017793594306049821,0.003011443485243927,0.0047770495855782216,260.56,260.56,260.56
00-0026544,Chase Daniel,QB,2020,DET,4,43,264,1,2,0,2,16,0,0,0,0,0,0,0,0,0,0,0,0,0.0,0.0,0.0,12.16,12.16,12.16
00-0026625,Brian Hoyer,QB,2020,NE,1,24,130,0,1,0,1,8,0,0,0,0,0,0,0,1,1,0,0,0,0.0,0.0,0.0,2.0,2.0,2.0
00-0027029,LeSean McCoy,RB,2020,TB,8,0,0,0,0,0,10,31,0,0,19,15,101,0,0,0,0,0,0,0,0.03135313531353135,0.003368794326241135,0.04938785899866582,13.200000000000001,28.200000000000003,28.200000000000003
00-0027061,Jared Cook,TE,2020,NO,15,0,0,0,0,0,0,0,0,0,60,37,504,7,0,1,0,0,1,0,0.11811023622047244,0.2110599078341014,0.3249072898145796,90.4,127.4,127.4
00-0027150,Julian Edelman,WR,2020,NE,6,2,38,0,0,0,2,22,0,0,39,21,315,0,0,0,0,0,0,0,0.09285714285714286,0.133889816360601,0.233008585738135,35.220000000000006,56.220000000000006,56.22
00-0027656,Rob Gronkowski,TE,2020,TB,16,0,0,0,0,0,0,0,0,0,77,45,623,7,0,0,0,0,0,0,0.12706270627062707,0.149822695035461,0.2954699459307633,104.30000000000001,149.3,149.3
00-0027685,Emmanuel Sanders,WR,2020,NO,14,0,0,0,0,0,1,12,0,0,82,61,726,5,0,0,0,0,0,0,0.16141732283464566,0.22211981566820277,0.39760985521971043,103.8,164.8,164.8
00-0027688,Colt McCoy,QB,2020,NYG,4,66,375,1,1,1,9,12,0,0,0,0,0,0,0,1,1,0,0,0,0.0,0.0,0.0,18.2,18.2,18.2
00-0027691,Andre Roberts,WR,2020,BUF,15,0,0,0,0,0,1,-3,0,0,5,4,34,0,0,2,0,0,0,0,0.008741258741258742,0.009351256575102279,0.019657767714459706,3.1,7.1,7.1000000000000005
00-0027696,Jimmy Graham,TE,2020,CHI,16,0,0,0,0,0,0,0,0,0,76,50,456,8,0,0,0,0,0,0,0.12751677852348994,0.10657084188911704,0.2658747571076168,93.6,143.6,143.6
00-0027793,Antonio Brown,WR,2020,TB,8,0,0,0,0,0,2,-2,0,0,62,45,483,4,0,0,0,0,0,0,0.10231023102310231,0.0973404255319149,0.22160364440699387,72.1,117.1,117.1
00-0027796,Joe Webb,QB,2020,NYG,1,0,0,0,0,0,0,0,0,0,0,0,0,0,0,0,0,0,0,0,0.0,0.0,0.0,0.0,0.0,0.0
00-0027891,Golden Tate,WR,2020,NYG,12,2,18,0,0,0,0,0,0,0,52,35,388,2,0,0,0,0,0,0,0.104,0.11626158857429215,0.23738311200200451,51.52,86.52000000000001,86.52000000000001
00-0027902,Dez Bryant,WR,2020,BAL,4,0,0,0,0,0,0,0,0,0,11,6,47,2,0,0,0,0,0,0,0.02806122448979592,0.014726706315491363,0.05240053115553783,16.7,22.7,22.7
00-0027939,Cam Newton,QB,2020,NE,15,368,2657,8,10,1,137,592,12,0,2,2,35,1,0,1,0,1,0,0,0.004761904761904762,0.005676126878130217,0.011116145957548295,258.98,260.98,260.98
00-0027942,A.J. Green,WR,2020,CIN,16,0,0,0,0,0,0,0,0,0,104,47,523,2,0,0,0,0,0,0,0.18374558303886926,0.3018828009308229,0.48693633520987994,64.30000000000001,111.30000000000001,111.30000000000001
00-0027944,Julio Jones,WR,2020,ATL,9,0,0,0,0,0,0,0,0,0,68,51,771,3,0,0,0,0,0,0,0.11239669421487604,0.14103747461694666,0.26732127355417673,95.10000000000001,146.10000000000002,146.10000000000002
00-0027948,Blaine Gabbert,QB,2020,TB,4,16,143,2,0,0,9,16,0,0,0,0,0,0,0,0,0,0,0,0,0.0,0.0,0.0,15.319999999999999,15.319999999999999,15.319999999999999
00-0027966,Mark Ingram,RB,2020,BAL,10,0,0,0,0,0,72,299,2,0,8,6,50,0,0,0,0,0,0,0,0.02040816326530612,0.0033984706881903144,0.0329911743796924,46.9,52.9,52.900000000000006
00-0027973,Andy Dalton,QB,2020,DAL,11,333,2170,14,8,0,28,114,0,0,1,1,-3,0,0,1,0,1,0,0,0.0016207455429497568,-0.0014708972473208657,0.0014014902413000292,135.9,136.9,136.9
00-0027981,Kyle Rudolph,TE,2020,MIN,12,0,0,0,0,0,0,0,0,0,37,28,334,1,0,1,0,0,1,0,0.07628865979381444,0.06361199122593224,0.15896138354887424,37.4,65.4,65.4
00-0028002,Randall Cobb,WR,2020,HOU,10,1,0,0,0,0,0,0,0,0,48,38,441,3,0,0,0,0,0,0,0.09142857142857143,0.06636531744401068,0.18359857935366464,62.1,100.1,100.1
00-0028042,Luke Stocker,TE,2020,ATL,11,0,0,0,0,0,0,0,0,0,11,7,63,0,0,0,0,0,0,0,0.01818181818181818,0.0038766845117223555,0.02998640643093292,6.300000000000001,13.3,13.3
00-0028063,Taiwan Jones,RB,2020,BUF,8,0,0,0,0,0,0,0,0,0,2,0,0,0,0,0,0,0,0,0,0.0034965034965034965,0.008571985193843756,0.011245144880445875,0.0,0.0,0.0
00-0028087,Dion Lewis,RB,2020,NYG,16,0,0,0,0,0,29,115,2,0,30,19,127,1,0,2,0,1,0,0,0.06,0.017288900025056377,0.10210223001753946,40.2,59.2,59.2
00-0028097,Lee Smith,TE,2020,BUF,5,0,0,0,0,0,0,0,0,0,6,4,35,2,0,0,0,0,0,0,0.01048951048951049,0.004285992596921878,0.01873446055211105,15.5,19.5,19.5
00-0028114,Dwayne Harris,WR,2020,CHI,3,0,0,0,0,0,0,0,0,0,0,0,0,0,0,1,0,0,0,0,0.0,0.0,0.0,0.0,0.0,0.0
00-0028118,Tyrod Taylor,QB,2020,LAC,2,30,208,0,0,0,6,7,0,0,0,0,0,0,0,0,0,0,0,0,0.0,0.0,0.0,9.02,9.02,9.02
00-0028142,Virgil Green,TE,2020,LAC,5,0,0,0,0,0,0,0,0,0,6,3,50,1,0,0,0,0,0,0,0.009819967266775777,0.015048749470114454,0.025264075529243785,11.0,14.0,14.0
00-0028237,Chris Hogan,WR,2020,NYJ,5,0,0,0,0,0,0,0,0,0,26,14,118,0,0,0,0,0,0,0,0.056155507559395246,0.06099858690532266,0.12693227217281872,11.8,25.8,25.8
00-0028411,Dontrelle Inman,WR,2020,WAS,7,0,0,0,0,0,0,0,0,0,28,18,163,2,0,0,0,0,0,0,0.04886561954624782,0.06224737267582862,0.11687159019245175,28.3,46.3,46.3
00-0028986,Case Keenum,QB,2020,CLE,1,10,46,0,0,0,0,0,0,0,0,0,0,0,0,0,0,0,0,0,0.0,0.0,0.0,1.84,1.84,1.84
00-0029000,Cole Beasley,WR,2020,BUF,15,1,20,1,0,0,0,0,0,0,107,82,967,4,0,0,0,0,0,0,0.18706293706293706,0.16208844730177285,0.39405631870564656,125.5,207.5,207.5
00-0029119,Derek Carrier,TE,2020,LV,6,0,0,0,0,0,0,0,0,0,1,1,14,0,0,0,0,0,0,0,0.0019120458891013384,-0.0008904719501335708,0.0022447384685585076,1.4000000000000001,2.4000000000000004,2.4000000000000004
00-0029137,Alshon Jeffery,WR,2020,PHI,7,0,0,0,0,0,0,0,0,0,13,6,115,1,0,0,0,0,0,0,0.023172905525846704,0.03509426918051148,0.05932534671512808,17.5,23.5,23.5
00-0029141,Alfred Morris,RB,2020,NYG,9,0,0,0,0,0,55,238,1,0,4,3,19,1,0,0,0,0,0,0,0.008,0.0010022550739163117,0.012701578551741418,37.7,40.7,40.7
00-0029263,Russell Wilson,QB,2020,SEA,16,558,4212,40,13,1,83,513,2,0,0,0,0,0,0,4,2,2,0,0,0.0,0.0,0.0,359.78000000000003,359.78000000000003,359.78000000000003
00-0029293,Marvin Jones,WR,2020,DET,16,0,0,0,0,0,0,0,0,0,115,76,978,9,0,0,0,0,0,0,0.20462633451957296,0.2933145954627585,0.5122597186032904,151.8,227.8,227.8
00-0029567,Nick Foles,QB,2020,CHI,9,312,1852,10,8,0,16,1,1,0,0,0,0,0,0,0,0,0,0,0,0.0,0.0,0.0,104.17999999999999,104.17999999999999,104.17999999999999
00-0029604,Kirk Cousins,QB,2020,MIN,16,516,4265,35,13,5,32,156,1,0,0,0,0,0,0,5,4,1,0,0,0.0,0.0,0.0,306.20000000000005,306.20000000000005,306.20000000000005
00-0029608,T.Y. Hilton,WR,2020,IND,15,0,0,0,0,0,0,0,0,0,93,56,762,5,1,0,0,0,0,0,0.17383177570093458,0.2939989914271306,0.4665469575503933,108.2,164.2,164.2
00-0029615,Lamar Miller,RB,2020,CHI,1,0,0,0,0,0,0,0,0,0,2,2,6,0,0,0,0,0,0,0,0.003355704697986577,0.0004106776180698152,0.005321031379628736,0.6000000000000001,2.6,2.6
00-0029632,Mohamed Sanu,WR,2020,DET,7,0,0,0,0,0,1,3,0,0,24,17,187,1,1,0,0,0,0,0,0.04332129963898917,0.07639439598202485,0.11845802664590115,27.0,44.0,44.0
00-0029665,Robert Griffin III,QB,2020,BAL,4,14,42,0,2,0,12,69,0,0,0,0,0,0,0,1,0,1,0,0,0.0,0.0,0.0,2.58,2.58,2.58
00-0029701,Ryan Tannehill,QB,2020,TEN,16,481,3819,33,7,1,43,266,7,2,1,1,0,0,0,1,1,0,0,0,0.002136752136752137,0.0,0.0032051282051282055,343.36,344.36,344.36
00-0029738,Darren Fells,TE,2020,HOU,12,0,0,0,0,0,0,0,0,0,28,21,312,4,0,0,0,0,0,0,0.05333333333333334,0.040887610437641254,0.10862132730634888,55.2,76.2,76.2
00-0030035,Adam Thielen,WR,2020,MIN,15,0,0,0,0,0,3,15,0,0,108,74,925,14,1,0,0,0,0,0,0.22268041237113403,0.30197416524494275,0.545402534228161,180.0,254.0,254.0
00-0030061,Zach Ertz,TE,2020,PHI,11,0,0,0,0,0,0,0,0,0,72,36,335,1,1,0,0,0,0,0,0.12834224598930483,0.10005600149337315,0.2625525700293184,41.5,77.5,77.5
00-0030085,Kenny Stills,WR,2020,HOU,7,0,0,0,0,0,0,0,0,0,19,11,144,1,0,0,0,0,0,0,0.03619047619047619,0.04890076022190261,0.08851624644104611,20.4,31.4,31.4
00-0030089,Luke Willson,TE,2020,BAL,2,0,0,0,0,0,0,0,0,0,3,1,12,0,0,0,0,0,0,0,0.007653061224489796,0.0036816765788728408,0.01405676544194568,1.2000000000000002,2.2,2.2
00-0030107,Theo Riddick,RB,2020,LV,4,0,0,0,0,0,6,14,0,0,6,5,43,0,0,0,0,0,0,0,0.011472275334608031,0.002226179875333927,0.018766738914645795,5.7,10.7,10.7
00-0030108,Ryan Griffin,TE,2020,NYJ,10,0,0,0,0,0,0,0,0,0,12,9,86,0,0,0,0,0,0,0,0.02591792656587473,0.01483749411210551,0.04926313572728595,8.6,17.6,17.6
00-0030151,Tyler Bray,QB,2020,CHI,1,5,18,0,0,0,0,0,0,0,0,0,0,0,0,0,0,0,0,0,0.0,0.0,0.0,0.72,0.72,0.72
00-0030155,Demetrius Harris,TE,2020,CHI,11,0,0,0,0,0,0,0,0,0,14,7,45,0,0,0,0,0,0,0,0.02348993288590604,0.0188911704312115,0.048458718630707116,4.5,11.5,11.5
00-0030181,Jack Doyle,TE,2020,IND,13,0,0,0,0,0,0,0,0,0,33,23,251,3,0,1,0,0,1,0,0.0616822429906542,0.05774079677256682,0.1329419222267781,41.1,64.1,64.1
00-0030216,Josh Hill,TE,2020,NO,9,0,0,0,0,0,0,0,0,0,10,8,46,1,0,0,0,0,0,0,0.01968503937007874,0.013824884792626729,0.03920497840995682,10.600000000000001,18.6,18.6
00-0030279,Keenan Allen,WR,2020,LAC,14,1,0,0,0,0,1,-1,0,0,147,100,992,8,1,2,0,0,2,0,0.24058919803600654,0.22297583721916067,0.5169668831074222,145.10000000000002,245.10000000000002,245.10000000000002
00-0030288,Rex Burkhead,RB,2020,NE,10,0,0,0,0,0,67,274,3,0,33,25,192,3,0,0,0,0,0,0,0.07857142857142857,0.010350584307178631,0.1251025518721679,82.6,107.6,107.60000000000001
00-0030404,Chris Thompson,RB,2020,JAX,6,0,0,0,0,0,7,20,0,0,23,20,146,1,0,0,0,0,0,0,0.039316239316239315,0.013174145738987238,0.06819626099165003,22.6,42.6,42.6
00-0030431,Robert Woods,WR,2020,LA,16,0,0,0,0,0,24,155,2,0,129,90,936,6,0,1,0,1,0,0,0.22953736654804271,0.22809245618491236,0.5039707691515027,155.10000000000002,245.10000000000002,245.10000000000002
00-0030443,Levine Toilolo,TE,2020,NYG,7,0,0,0,0,0,0,0,0,0,6,5,46,0,0,0,0,0,0,0,0.012,0.006514657980456026,0.02256026058631922,4.6000000000000005,9.600000000000001,9.600000000000001
00-0030456,Giovani Bernard,RB,2020,CIN,16,0,0,0,0,0,124,416,3,0,59,47,355,3,0,1,0,1,0,0,0.10424028268551237,0.016289401311614132,0.16776300494639845,111.10000000000001,158.10000000000002,158.1
00-0030465,Kenjon Barner,RB,2020,TB,5,0,0,0,0,0,0,0,0,0,1,0,0,0,0,0,0,0,0,0,0.0016501650165016502,0.0005319148936170213,0.00284758795028439,0.0,0.0,0.0
00-0030470,Vance McDonald,TE,2020,PIT,10,0,0,0,0,0,0,0,0,0,20,15,99,0,0,0,0,0,0,0,0.03067484662576687,0.007945028988619283,0.0515737902306838,9.9,24.9,24.9
00-0030472,Jordan Reed,TE,2020,SF,10,0,0,0,0,0,0,0,0,0,46,26,231,4,0,0,0,0,0,0,0.08303249097472924,0.09780597409463389,0.19301291832833756,47.1,73.1,73.1
00-0030496,Le'Veon Bell,RB,2020,KC,11,0,0,0,0,0,82,328,2,0,20,16,138,0,0,0,0,0,0,0,0.04319654427645788,0.0023551577955723034,0.06644342687158743,58.6,74.6,74.60000000000001
00-0030506,Travis Kelce,TE,2020,KC,15,2,4,0,0,0,0,0,0,0,145,105,1416,11,1,1,0,0,1,0,0.23731587561374795,0.24358220654516952,0.5264813580022406,207.76,312.76,312.76
00-0030513,Latavius Murray,RB,2020,NO,15,0,0,0,0,0,146,656,4,0,26,23,176,1,0,0,0,0,0,0,0.051181102362204724,-0.007680491551459293,0.07139530945728559,113.2,136.2,136.20000000000002
00-0030520,Mike Glennon,QB,2020,JAX,5,179,1072,7,5,1,6,17,0,0,0,0,0,0,0,2,1,1,0,0,0.0,0.0,0.0,60.58,60.58,60.58
00-0030525,Tavon Austin,WR,2020,GB,4,0,0,0,0,0,0,0,0,0,5,5,20,0,0,1,0,0,0,0,0.00998003992015968,-0.00532043530834341,0.011245755164399135,2.0,7.0,7.0
00-0030533,Matt Barkley,QB,2020,BUF,4,21,197,1,1,0,6,-6,0,0,0,0,0,0,0,0,0,0,0,0,0.0,0.0,0.0,9.28,9.28,9.28
00-0030549,Tyler Eifert,TE,2020,JAX,15,0,0,0,0,0,0,0,0,0,60,36,349,2,0,0,0,0,0,0,0.10256410256410256,0.10354055166735282,0.22632454001330082,46.9,82.9,82.9
00-0030564,DeAndre Hopkins,WR,2020,ARI,16,0,0,0,0,0,1,1,0,0,160,115,1407,6,0,2,0,0,2,0,0.29357798165137616,0.32,0.6643669724770642,172.8,287.8,287.8
00-0030565,Geno Smith,QB,2020,SEA,1,5,33,0,0,0,2,-2,0,0,0,0,0,0,0,0,0,0,0,0,0.0,0.0,0.0,1.12,1.12,1.12
00-0030578,Cordarrelle Patterson,RB,2020,CHI,16,0,0,0,0,0,64,232,1,0,25,21,132,0,0,0,0,0,0,1,0.04194630872483222,0.018480492813141684,0.07585580805644751,48.4,69.4,69.4
00-0030663,Willie Snead,WR,2020,BAL,13,0,0,0,0,0,0,0,0,0,48,33,432,3,0,0,0,0,0,0,0.12244897959183673,0.12121212121212122,0.2685219542362399,61.2,94.2,94.2
00-0030670,Bennie Fowler,WR,2020,NO,2,0,0,0,0,0,0,0,0,0,6,2,11,0,0,0,0,0,0,0,0.011811023622047244,0.014439324116743472,0.027824062314791294,1.1,3.1,3.1
00-0030710,Trey Burton,TE,2020,IND,12,0,0,0,0,0,2,3,2,0,47,28,250,3,0,0,0,0,0,0,0.08785046728971962,0.08598083711548159,0.19196228691541656,55.3,83.3,83.3
00-0031045,Carlos Hyde,RB,2020,SEA,10,0,0,0,0,0,81,356,4,0,20,16,93,0,0,0,0,0,0,0,0.037243947858473,0.009722796855606123,0.06267187958663378,68.9,84.9,84.9
00-0031051,John Brown,WR,2020,BUF,9,0,0,0,0,0,0,0,0,0,52,33,458,3,0,0,0,0,0,0,0.09090909090909091,0.12526787453730762,0.22405114853975167,63.800000000000004,96.80000000000001,96.80000000000001
00-0031062,James White,RB,2020,NE,14,0,0,0,0,0,35,121,2,0,62,49,375,1,0,0,0,0,0,0,0.14761904761904762,-0.01335559265442404,0.2120796565704746,67.6,116.6,116.6
00-0031166,Seth Roberts,WR,2020,CAR,3,0,0,0,0,0,0,0,0,0,6,4,31,0,0,0,0,0,0,0,0.011385199240986717,0.0106951871657754,0.024564429877522855,3.1,7.1,7.1
00-0031209,Senorise Perry,RB,2020,TEN,4,0,0,0,0,0,2,9,0,0,0,0,0,0,0,0,0,0,0,0,0.0,0.0,0.0,0.9,0.9,0.9
00-0031235,Odell Beckham Jr.,WR,2020,CLE,7,1,18,0,0,0,3,72,1,0,43,23,319,3,0,0,0,0,0,0,0.09207708779443255,0.1378333726693415,0.23459899256018785,63.82,86.82,86.82
00-0031236,Brandin Cooks,WR,2020,HOU,15,0,0,0,0,0,0,0,0,0,119,81,1150,6,0,0,0,0,0,0,0.22666666666666666,0.2892952537497432,0.5425066776248202,151.0,232.0,232.0
00-0031237,Teddy Bridgewater,QB,2020,CAR,15,492,3733,15,11,1,53,279,5,0,0,0,0,0,0,3,2,1,0,0,0.0,0.0,0.0,241.22,241.22,241.22
00-0031260,Logan Thomas,TE,2020,WAS,16,1,28,0,0,0,3,5,0,0,110,72,670,6,0,0,0,0,0,0,0.19197207678883071,0.20749124225276205,0.4332019847601795,104.62,176.62,176.62
00-0031273,Cameron Brate,TE,2020,TB,13,0,0,0,0,0,0,0,0,0,34,28,282,2,0,0,0,0,0,0,0.056105610561056105,0.05159574468085106,0.1202754371181799,40.2,68.2,68.2
00-0031280,Derek Carr,QB,2020,LV,16,517,4103,27,9,1,39,140,3,0,0,0,0,0,0,8,7,1,0,0,0.0,0.0,0.0,272.12,272.12,272.12
00-0031285,Devonta Freeman,RB,2020,NYG,5,0,0,0,0,0,54,172,1,0,10,7,58,0,0,0,0,0,0,0,0.02,-0.003507892758707091,0.027544475068905037,29.0,36.0,36.0
00-0031288,AJ McCarron,QB,2020,HOU,2,1,20,0,0,0,0,0,0,0,0,0,0,0,0,0,0,0,0,0,0.0,0.0,0.0,0.8,0.8,0.8
00-0031319,Diontae Spencer,WR,2020,DEN,11,0,0,0,0,0,3,19,0,0,6,3,26,0,0,0,0,0,0,1,0.01125703564727955,0.006565857540787903,0.021481653749470857,10.5,13.5,13.5
00-0031325,Sammy Watkins,WR,2020,KC,10,1,0,0,1,0,1,3,0,0,55,37,421,2,0,1,0,0,1,0,0.09001636661211129,0.086811679404272,0.1957927255011573,50.400000000000006,87.4,87.4
00-0031339,Donte Moncrief,WR,2020,NE,5,0,0,0,0,0,1,4,0,0,2,1,15,0,0,0,0,0,0,0,0.004761904761904762,0.001669449081803005,0.008311471500119247,1.9000000000000001,2.9000000000000004,2.9
00-0031345,Jimmy Garoppolo,QB,2020,SF,6,140,1096,7,5,0,10,25,0,0,0,0,0,0,0,0,0,0,0,0,0.0,0.0,0.0,64.34,64.34,64.34
00-0031376,Jerick McKinnon,RB,2020,SF,14,0,0,0,0,0,81,319,5,0,46,33,253,1,0,0,0,0,0,0,0.08303249097472924,0.041237113402061855,0.15341471584353716,93.2,126.2,126.2
00-0031381,Davante Adams,WR,2020,GB,14,0,0,0,0,0,0,0,0,0,149,115,1374,18,0,1,0,0,1,0,0.29740518962075846,0.3216444981862152,0.6712589331614883,243.4,358.4,358.4
00-0031382,Jarvis Landry,WR,2020,CLE,15,4,74,1,0,0,4,10,1,0,101,72,840,3,0,0,0,0,0,0,0.21627408993576017,0.19494925654944537,0.460875614488252,115.96,187.95999999999998,187.96
00-0031384,Richard Rodgers,TE,2020,PHI,8,0,0,0,0,0,0,0,0,0,31,24,345,2,0,0,0,0,0,0,0.05525846702317291,0.056934851596042564,0.12274209665198915,46.5,70.5,70.5
00-0031387,Eric Ebron,TE,2020,PIT,15,0,0,0,0,0,0,0,0,0,91,56,558,5,1,1,0,0,1,0,0.13957055214723926,0.14129267768949968,0.3082607026035087,85.80000000000001,141.8,141.8
00-0031395,Garrett Gilbert,QB,2020,DAL,1,38,243,1,1,0,3,28,0,0,0,0,0,0,0,0,0,0,0,0,0.0,0.0,0.0,14.520000000000001,14.520000000000001,14.520000000000001
00-0031408,Mike Evans,WR,2020,TB,16,0,0,0,0,0,0,0,0,0,109,70,1006,13,0,0,0,0,0,0,0.17986798679867988,0.23404255319148937,0.43363176743206233,178.60000000000002,248.60000000000002,248.60000000000002
00-0031428,Allen Robinson,WR,2020,CHI,16,0,0,0,0,0,1,-1,0,0,151,102,1250,6,0,0,0,0,0,0,0.2533557046979866,0.29774127310061604,0.588452448217411,160.9,262.9,262.9
00-0031484,Chris Manhertz,TE,2020,CAR,7,0,0,0,0,0,0,0,0,0,8,6,52,0,0,0,0,0,0,0,0.015180265654648957,0.007778317938745746,0.028215221039095455,5.2,11.2,11.2
00-0031503,Jameis Winston,QB,2020,NO,3,11,75,0,0,0,8,-6,0,0,0,0,0,0,0,0,0,0,0,0,0.0,0.0,0.0,2.4,2.4,2.4
00-0031544,Amari Cooper,WR,2020,DAL,16,0,0,0,0,0,6,14,0,1,130,92,1114,5,0,0,0,0,0,0,0.2106969205834684,0.2405967640260559,0.48446311569344175,144.8,236.8,236.8
00-0031545,Kevin White,WR,2020,SF,1,0,0,0,0,0,0,0,0,0,0,0,0,0,0,0,0,0,0,0,0.0,0.0,0.0,0.0,0.0,0.0
00-0031547,DeVante Parker,WR,2020,MIA,14,0,0,0,0,0,0,0,0,0,103,63,793,4,0,0,0,0,0,0,0.1882998171846435,0.23642322097378277,0.44794598045861317,103.30000000000001,166.3,166.3
00-0031549,Nelson Agholor,WR,2020,LV,16,0,0,0,0,0,0,0,0,0,82,48,896,8,0,0,0,0,0,0,0.15678776290630975,0.28250222617987536,0.4329332026853774,137.60000000000002,185.60000000000002,185.60000000000002
00-0031558,Maxx Williams,TE,2020,ARI,6,0,0,0,0,0,0,0,0,0,10,8,102,1,0,0,0,0,0,0,0.01834862385321101,0.008491620111731844,0.0334670698580288,16.200000000000003,24.200000000000003,24.200000000000003
00-0031585,MyCole Pruitt,TE,2020,TEN,5,0,0,0,0,0,0,0,0,0,8,5,49,2,0,0,0,0,0,0,0.017094017094017096,0.016506528701650654,0.0371955957321811,16.9,21.9,21.9
00-0031588,Stefon Diggs,WR,2020,BUF,16,0,0,0,0,0,1,1,0,0,166,127,1535,8,0,0,0,0,0,0,0.2902097902097902,0.32612507305669197,0.6636022364543697,201.60000000000002,328.6,328.6
00-0031598,Nick Boyle,TE,2020,BAL,9,0,0,0,0,0,0,0,0,0,17,14,113,2,0,0,0,0,0,0,0.04336734693877551,0.026338147833474938,0.08348772389159573,23.3,37.3,37.3
00-0031610,Darren Waller,TE,2020,LV,16,0,0,0,0,0,0,0,0,0,145,107,1196,9,1,2,0,0,2,0,0.27724665391969405,0.25111308993766696,0.5916491438359079,171.60000000000002,278.6,278.6
00-0031687,Raheem Mostert,RB,2020,SF,8,0,0,0,0,0,104,521,2,0,19,16,156,1,0,1,0,1,0,0,0.03429602888086643,0.005286809410520751,0.05514480990866417,83.7,99.7,99.69999999999999
00-0031690,Eric Tomlinson,TE,2020,BAL,2,0,0,0,0,0,0,0,0,0,1,0,0,0,0,0,0,0,0,0,0.002,0.00851916812828865,0.008963417689802054,0.0,0.0,0.0
00-0031763,DeAndre Carter,WR,2020,CHI,13,0,0,0,0,0,0,0,0,0,2,1,8,0,0,1,0,0,0,0,0.0038095238095238095,0.0032874460653379905,0.008015497960022308,0.8,1.8,1.8
00-0031787,Jake Kumerow,WR,2020,BUF,1,0,0,0,0,0,0,0,0,0,1,1,22,1,0,0,0,0,0,0,0.0017482517482517483,0.004285992596921878,0.005622572440222937,8.2,9.2,9.2
00-0031800,Taylor Heinicke,QB,2020,WAS,1,19,137,1,0,0,3,22,0,0,0,0,0,0,0,0,0,0,0,0,0.0,0.0,0.0,11.68,11.68,11.68
00-0031806,Malcolm Brown,RB,2020,LA,16,0,0,0,0,0,101,419,5,0,33,23,162,0,0,1,0,0,1,0,0.05871886120996441,-0.00127000254000508,0.08718929003694306,86.1,109.1,109.10000000000001
00-0031868,Damiere Byrd,WR,2020,NE,15,0,0,0,0,0,2,15,0,0,77,47,604,1,0,0,0,0,0,0,0.18333333333333332,0.29449081803005006,0.481143572621035,67.9,114.9,114.9
00-0031941,Jamison Crowder,WR,2020,NYJ,12,1,43,1,0,0,1,14,0,0,89,59,699,6,0,0,0,0,0,0,0.19222462203023757,0.15850211964201602,0.39928841679476756,113.02,172.01999999999998,172.02
00-0031951,James O'Shaughnessy,TE,2020,JAX,15,0,0,0,0,0,0,0,0,0,38,28,262,0,0,0,0,0,0,0,0.06495726495726496,0.05640181144503911,0.13691716544742483,26.200000000000003,54.2,54.2
00-0032009,Adam Humphries,WR,2020,TEN,7,0,0,0,0,0,0,0,0,0,35,23,228,2,0,0,0,0,0,0,0.07478632478632478,0.08253264350825326,0.16995233763526446,34.8,57.8,57.8
00-0032054,Breshad Perriman,WR,2020,NYJ,12,0,0,0,0,0,1,6,0,0,60,30,505,3,0,0,0,0,0,0,0.12958963282937366,0.2133772962788507,0.34374855663925596,69.1,99.1,99.1
00-0032058,Tevin Coleman,RB,2020,SF,6,0,0,0,0,0,28,53,0,0,5,4,34,0,0,0,0,0,0,0,0.009025270758122744,0.003436426116838488,0.015943404418971057,8.700000000000001,12.700000000000001,12.700000000000001
00-0032062,Blake Bell,TE,2020,DAL,11,0,0,0,0,0,1,2,0,0,15,11,110,0,0,0,0,0,0,0,0.024311183144246355,0.016179869720529524,0.0477926835207402,11.200000000000001,22.200000000000003,22.2
00-0032063,Mike Davis,RB,2020,CAR,15,0,0,0,0,0,165,642,6,0,70,59,373,2,0,1,0,1,0,0,0.13282732447817835,-0.009479824987846379,0.19260510922577506,147.5,206.5,206.5
00-0032098,Daniel Brown,TE,2020,NYJ,8,0,0,0,0,0,0,0,0,0,2,2,31,0,0,0,0,0,0,0,0.004319654427645789,0.0023551577955723034,0.008128092098369295,3.1,5.1,5.1
00-0032104,Ameer Abdullah,RB,2020,MIN,11,0,0,0,0,0,8,42,0,0,9,8,58,2,0,0,0,0,0,0,0.018556701030927835,-0.0012186205215695832,0.026982017181293044,22.0,30.0,30.0
00-0032128,Chris Conley,WR,2020,JAX,14,0,0,0,0,0,0,0,0,0,63,40,471,2,0,1,0,0,1,0,0.1076923076923077,0.1342116097159325,0.2554865883396143,57.1,97.1,97.1
00-0032134,C.J. Uzomah,TE,2020,CIN,2,0,0,0,0,0,0,0,0,0,11,8,87,1,0,0,0,0,0,0,0.019434628975265017,0.019885762640152318,0.04307197731100415,14.700000000000001,22.700000000000003,22.700000000000003
00-0032135,Jesse James,TE,2020,DET,13,0,0,0,0,0,0,0,0,0,22,14,129,2,0,0,0,0,0,0,0.03914590747330961,0.02369002208391889,0.07530187666870763,24.9,38.9,38.9
00-0032141,Geoff Swaim,TE,2020,TEN,7,0,0,0,0,0,0,0,0,0,12,9,83,1,0,0,0,0,0,0,0.02564102564102564,0.019462921901946293,0.05208558379290087,14.3,23.3,23.3
00-0032144,Melvin Gordon,RB,2020,DEN,15,0,0,0,0,0,215,986,9,0,44,32,158,1,0,4,0,2,2,0,0.0825515947467167,0.0017906884202148826,0.12508087401422546,166.4,198.4,198.40000000000003
00-0032187,David Johnson,RB,2020,HOU,12,0,0,0,0,0,147,691,6,0,46,33,314,2,0,1,0,0,1,0,0.08761904761904762,0.0345181836860489,0.15559130000880567,146.5,179.5,179.5
00-0032200,Ty Montgomery,WR,2020,NO,4,0,0,0,0,0,19,101,0,0,6,3,27,0,0,0,0,0,0,0,0.011811023622047244,0.0030721966205837174,0.01986707306747947,12.8,15.8,15.8
00-0032209,T.J. Yeldon,RB,2020,BUF,3,0,0,0,0,0,10,70,0,0,4,1,22,1,0,0,0,0,0,0,0.006993006993006993,0.0027274498344048315,0.012398725373593872,15.200000000000001,16.200000000000003,16.2
00-0032211,Tyler Lockett,WR,2020,SEA,16,0,0,0,0,0,0,0,0,0,132,100,1054,10,0,0,0,0,0,0,0.24581005586592178,0.2658254033926355,0.5547928661737276,165.4,265.4,265.4
00-0032214,Tyler Kroft,TE,2020,BUF,7,0,0,0,0,0,0,0,0,0,16,12,119,3,0,0,0,0,0,0,0.027972027972027972,0.02357295928307033,0.05845911345619119,29.9,41.9,41.9
00-0032241,Todd Gurley,RB,2020,ATL,15,0,0,0,0,0,195,678,9,0,35,25,164,0,0,0,0,0,0,0,0.05785123966942149,0.009414805242754292,0.09336722317406024,138.2,163.2,163.2
00-0032257,Duke Johnson,RB,2020,HOU,11,0,0,0,0,0,77,235,1,0,35,28,249,1,0,2,0,2,0,0,0.06666666666666667,0.013766180398602836,0.10963632627902199,56.400000000000006,84.4,84.4
00-0032268,Marcus Mariota,QB,2020,LV,1,28,226,1,1,0,9,88,1,0,0,0,0,0,0,0,0,0,0,0,0.0,0.0,0.0,25.840000000000003,25.840000000000003,25.840000000000003
00-0032385,Sterling Shepard,WR,2020,NYG,12,0,0,0,0,0,6,49,1,0,90,66,656,3,1,0,0,0,0,0,0.18,0.18692057128539213,0.4008443998997745,96.5,162.5,162.5
00-0032392,Austin Hooper,TE,2020,CLE,13,0,0,0,0,0,0,0,0,0,70,46,435,4,0,0,0,0,0,0,0.14989293361884368,0.10762331838565023,0.3001757232982207,67.5,113.5,113.5
00-0032393,C.J. Prosise,RB,2020,HOU,5,0,0,0,0,0,10,19,0,0,5,5,18,1,0,1,0,1,0,0,0.009523809523809525,-0.0016437230326689953,0.01313510816284599,7.699999999999999,12.7,12.7
00-0032394,Nick Vannett,TE,2020,DEN,11,0,0,0,0,0,0,0,0,0,21,14,95,1,0,0,0,0,0,0,0.039399624765478425,0.018503780342220454,0.07205208338777196,15.5,29.5,29.5
00-0032398,Chris Moore,WR,2020,BAL,2,0,0,0,0,0,0,0,0,0,0,0,0,0,0,0,0,0,0,0,0.0,0.0,0.0,0.0,0.0,0.0
00-0032404,Tyler Ervin,RB,2020,GB,8,0,0,0,0,0,13,67,0,0,15,11,84,0,0,0,0,0,0,0,0.029940119760479042,-0.0036275695284159614,0.04237088097082739,15.100000000000001,26.1,26.1
00-0032426,Alex Collins,RB,2020,SEA,3,0,0,0,0,0,18,77,2,0,2,1,4,0,0,0,0,0,0,0,0.0037243947858473,0.0022755482002482417,0.007179475918944719,20.1,21.1,21.099999999999998
00-0032434,Brandon Allen,QB,2020,CIN,5,142,925,5,4,0,13,27,0,0,1,0,0,0,0,1,1,0,0,0,0.0017667844522968198,0.0016924053310767928,0.0038348604101989844,49.7,49.7,49.7
00-0032436,Jeff Driskel,QB,2020,DEN,3,64,432,3,2,1,6,28,0,0,0,0,0,0,0,0,0,0,0,0,0.0,0.0,0.0,30.080000000000002,30.080000000000002,30.080000000000002
00-0032450,Dwayne Washington,RB,2020,NO,6,0,0,0,0,0,8,15,0,0,0,0,0,0,0,0,0,0,0,0,0.0,0.0,0.0,1.5,1.5,1.5
00-0032464,Kalif Raymond,WR,2020,TEN,15,0,0,0,0,0,1,-3,0,0,15,9,187,0,0,0,0,0,0,0,0.03205128205128205,0.06479428430647943,0.09343292209145868,18.400000000000002,27.400000000000002,27.4
00-0032543,Alex Erickson,WR,2020,CIN,16,1,0,0,0,0,5,7,0,0,17,12,139,0,0,2,0,1,0,0,0.030035335689045935,0.025809181298921093,0.06311943044281366,12.600000000000001,24.6,24.6
00-0032577,D.J. Foster,RB,2020,ARI,6,0,0,0,0,0,2,2,0,0,1,1,7,0,0,0,0,0,0,0,0.001834862385321101,0.000893854748603352,0.003377991902003998,0.9,1.9,1.9000000000000001
00-0032602,J.D. McKissic,RB,2020,WAS,16,0,0,0,0,0,85,365,1,0,110,80,589,2,0,1,0,0,1,0,0.19197207678883071,0.050121261115602264,0.3230429979641677,111.4,191.4,191.4
00-0032688,Robbie Chosen,WR,2020,CAR,16,0,0,0,0,0,4,15,0,0,136,95,1096,3,1,1,0,0,1,0,0.25806451612903225,0.32036947010209044,0.6113554032650117,129.10000000000002,224.10000000000002,224.10000000000002
00-0032725,Stephen Anderson,TE,2020,LAC,7,0,0,0,0,0,0,0,0,0,11,8,106,0,0,0,0,0,0,0,0.01800327332242226,0.009325985587113183,0.03353309989461262,10.600000000000001,18.6,18.6
00-0032741,Peyton Barber,RB,2020,WAS,14,0,0,0,0,0,94,258,4,0,7,4,12,0,0,0,0,0,0,0,0.012216404886561954,0.00026946914578280785,0.018513235731890895,51.0,55.0,55.0
00-0032764,Derrick Henry,RB,2020,TEN,16,0,0,0,0,0,378,2027,17,1,31,19,114,0,0,2,0,2,0,0,0.06623931623931624,-0.007144616900714462,0.09435774252847424,314.1,333.1,333.1
00-0032765,Michael Thomas,WR,2020,NO,7,0,0,0,0,0,1,1,0,0,55,40,438,0,0,0,0,0,0,0,0.10826771653543307,0.1622119815668203,0.2759499618999238,43.900000000000006,83.9,83.9
00-0032775,Demarcus Robinson,WR,2020,KC,15,0,0,0,0,0,0,0,0,0,59,45,466,3,0,1,0,0,1,0,0.09656301145662848,0.102880658436214,0.21686097809029248,62.599999999999994,107.6,107.6
00-0032778,Tajae Sharpe,WR,2020,MIN,3,0,0,0,0,0,0,0,0,0,3,0,0,0,0,0,0,0,0,0,0.006185567010309278,0.027297099683158663,0.02838632029367498,0.0,0.0,0.0
00-0032780,Jordan Howard,RB,2020,PHI,7,0,0,0,0,0,35,60,4,0,1,1,-3,0,0,0,0,0,0,0,0.0018281535648994515,-0.0009363295880149813,0.0020867996357386903,29.7,30.7,30.7
00-0032791,Jakeem Grant,WR,2020,MIA,14,0,0,0,0,0,3,20,0,0,54,36,373,1,0,0,0,0,0,1,0.09872029250457039,0.1327247191011236,0.2409877421276421,51.300000000000004,87.30000000000001,87.30000000000001
00-0032792,Nate Sudfeld,QB,2020,PHI,1,12,32,0,1,0,2,12,0,0,0,0,0,0,0,1,0,1,0,0,0.0,0.0,0.0,-1.5199999999999998,-1.5199999999999998,-1.5199999999999998
00-0032881,Tommylee Lewis,WR,2020,NO,5,0,0,0,0,0,2,14,0,0,3,1,5,0,0,0,0,0,0,0,0.005905511811023622,0.011674347158218126,0.01703031072728812,1.9000000000000001,2.9000000000000004,2.9000000000000004
00-0032940,DeAndre Washington,RB,2020,MIA,4,0,0,0,0,0,31,91,0,0,10,5,30,0,0,0,0,0,0,0,0.016366612111292964,0.005095042132079169,0.028116447659394864,12.100000000000001,17.1,17.1
00-0032950,Carson Wentz,QB,2020,PHI,12,437,2620,16,15,5,52,276,5,0,0,0,0,0,0,4,3,1,0,0,0.0,0.0,0.0,198.4,198.4,198.4
00-0032951,Laquon Treadwell,WR,2020,ATL,4,0,0,0,0,0,0,0,0,0,7,6,49,2,0,0,0,0,0,0,0.011570247933884297,0.0071995569503415175,0.022395061766065507,16.9,22.9,22.9
00-0032972,Devontae Booker,RB,2020,LV,15,0,0,0,0,0,93,423,3,0,21,17,84,0,0,0,0,0,0,0,0.040152963671128104,0.001558325912733749,0.06132027364560578,68.7,85.7,85.7
00-0032975,Jonathan Williams,RB,2020,DET,2,0,0,0,0,0,1,5,0,0,4,4,21,0,0,1,0,1,0,0,0.0071174377224199285,-0.0004015257980325236,0.010395088525007127,0.6000000000000001,4.6,4.6
00-0032977,Rashard Higgins,WR,2020,CLE,12,0,0,0,0,0,0,0,0,0,52,37,599,4,0,0,0,0,0,0,0.11134903640256959,0.17299976398395092,0.28812338939262,83.9,120.9,120.9
00-0032980,Marcus Johnson,WR,2020,IND,9,0,0,0,0,0,0,0,0,0,28,14,255,0,0,0,0,0,0,0,0.052336448598130844,0.12279374684820979,0.16446029569094311,25.5,39.5,39.5
00-0032986,J.P. Holtz,TE,2020,CHI,9,0,0,0,0,0,0,0,0,0,1,0,0,0,0,0,0,0,0,0,0.0016778523489932886,0.0012320328542094457,0.0033792015214365446,0.0,0.0,0.0
00-0033006,Jaydon Mickens,WR,2020,TB,10,0,0,0,0,0,0,0,0,0,10,7,58,0,0,0,0,0,0,0,0.0165016501650165,0.012943262411347517,0.033812758935468014,5.800000000000001,12.8,12.8
00-0033009,Tyler Boyd,WR,2020,CIN,15,2,16,0,0,0,5,49,0,0,110,79,841,4,0,0,0,0,0,0,0.19434628975265017,0.19885762640152316,0.4307197731100414,113.64,192.64,192.64000000000001
00-0033025,Jalen Richard,RB,2020,LV,13,0,0,0,0,0,22,123,1,0,23,19,138,0,0,0,0,0,0,0,0.04397705544933078,0.010908281389136243,0.07360138014639155,32.1,51.1,51.1
00-0033040,Tyreek Hill,WR,2020,KC,15,0,0,0,0,0,13,123,2,0,135,87,1276,15,0,0,0,0,0,0,0.220949263502455,0.340779933372526,0.5699698486144507,241.9,328.9,328.9
00-0033045,Ezekiel Elliott,RB,2020,DAL,15,0,0,0,0,0,244,979,6,0,71,52,338,2,1,5,0,4,1,0,0.11507293354943274,-0.0035721790292078167,0.17010887500370364,171.70000000000002,223.70000000000002,223.70000000000002
00-0033077,Dak Prescott,QB,2020,DAL,5,222,1856,9,4,1,18,93,3,1,1,1,11,1,0,3,3,0,0,0,0.0016207455429497568,0.002101281781886951,0.003902015561745501,134.64,135.64,135.64
00-0033080,Seth DeValve,TE,2020,ARI,2,0,0,0,0,0,0,0,0,0,1,0,0,0,0,0,0,0,0,0,0.001834862385321101,0.00782122905027933,0.008227153913177182,0.0,0.0,0.0
00-0033090,Hunter Henry,TE,2020,LAC,14,0,0,0,0,0,0,0,0,0,93,60,613,4,0,0,0,0,0,0,0.15220949263502456,0.15705807545570158,0.3382548917715279,85.30000000000001,145.3,145.3
00-0033094,Marvin Hall,WR,2020,CLE,11,0,0,0,0,0,1,1,0,0,32,18,302,2,0,0,0,0,0,0,0.05693950177935943,0.11021883155992772,0.16256243476098853,42.3,60.3,60.300000000000004
00-0033106,Jared Goff,QB,2020,LA,15,552,3952,20,13,1,51,99,4,0,0,0,0,0,0,4,3,1,0,0,0.0,0.0,0.0,239.98000000000002,239.98000000000002,239.98000000000002
00-0033110,Tyler Higbee,TE,2020,LA,15,0,0,0,0,0,1,1,0,0,60,44,521,5,1,0,0,0,0,0,0.10676156583629894,0.12166624333248667,0.24530871908718907,84.2,128.2,128.2
00-0033111,Pharoh Cooper,WR,2020,CAR,15,0,0,0,0,0,0,0,0,0,8,5,73,0,0,0,0,0,0,0,0.015180265654648957,0.019202722411278562,0.036212304169868426,7.300000000000001,12.3,12.3
00-0033112,Temarrick Hemingway,TE,2020,WAS,3,0,0,0,0,0,0,0,0,0,2,1,10,0,0,0,0,0,0,0,0.0034904013961605585,0.001886284020479655,0.006556000908576597,1.0,2.0,2.0
00-0033114,Mike Thomas,WR,2020,CIN,12,0,0,0,0,0,1,1,0,0,21,13,132,1,0,1,0,0,1,0,0.037102473498233215,0.03829067061561244,0.08245717967827854,17.3,30.3,30.299999999999997
00-0033118,Kenyan Drake,RB,2020,ARI,15,0,0,0,0,0,239,955,10,0,31,25,137,0,0,1,0,1,0,0,0.05688073394495413,-0.0067039106145251395,0.0806283634872636,167.2,192.2,192.2
00-0033119,Jacoby Brissett,QB,2020,IND,11,8,17,0,0,0,17,19,3,0,0,0,0,0,0,0,0,0,0,0,0.0,0.0,0.0,20.58,20.58,20.58
00-0033127,Will Fuller,WR,2020,HOU,11,0,0,0,0,0,1,0,0,0,75,53,879,8,0,0,0,0,0,0,0.14285714285714285,0.19313745633860693,0.3494819337227391,135.9,188.9,188.9
00-0033164,Troymaine Pope,RB,2020,LAC,4,0,0,0,0,0,15,76,0,0,10,8,42,0,0,0,0,0,0,0,0.016366612111292964,-0.003391267486222976,0.02217603092658336,11.8,19.8,19.8
00-0033215,Cyril Grayson,WR,2020,TB,2,0,0,0,0,0,0,0,0,0,3,0,0,0,0,0,0,0,0,0,0.0049504950495049506,0.012588652482269504,0.016237799311846077,0.0,0.0,0.0
00-0033217,Mo Alie-Cox,TE,2020,IND,14,0,0,0,0,0,0,0,0,0,39,31,394,2,0,1,0,0,1,0,0.07289719626168224,0.06656580937972768,0.15594186095833273,49.400000000000006,80.4,80.4
00-0033246,Johnny Mundt,TE,2020,LA,5,0,0,0,0,0,0,0,0,0,4,4,53,0,0,0,0,0,0,0,0.0071174377224199285,0.002032004064008128,0.012098559428435582,5.300000000000001,9.3,9.3
00-0033251,Zach Pascal,WR,2020,IND,16,1,0,0,0,0,0,0,0,0,71,44,629,5,0,0,0,0,0,0,0.13271028037383178,0.19465456379223398,0.3353236152153114,92.9,136.9,136.9
00-0033258,Darrell Daniels,TE,2020,ARI,9,0,0,0,0,0,0,0,0,0,11,8,92,1,0,0,0,0,0,0,0.02018348623853211,0.014972067039106146,0.04075567628517247,15.200000000000001,23.200000000000003,23.200000000000003
00-0033266,JoJo Natson,WR,2020,CLE,3,0,0,0,0,0,1,3,0,0,0,0,0,0,0,0,0,0,0,0,0.0,0.0,0.0,0.30000000000000004,0.30000000000000004,0.30000000000000004
00-0033275,PJ Walker,QB,2020,CAR,4,56,368,1,5,0,5,-2,0,0,1,0,0,0,0,0,0,0,0,0,0.0018975332068311196,0.0014584346135148275,0.0038672040397070583,8.52,8.52,8.52
00-0033280,Christian McCaffrey,RB,2020,CAR,3,0,0,0,0,0,59,225,5,0,19,17,149,1,0,0,0,0,0,0,0.036053130929791274,0.0065629557608167235,0.05867376542725862,73.4,90.4,90.4
00-0033282,Curtis Samuel,WR,2020,CAR,15,0,0,0,0,0,41,200,2,0,97,77,851,3,0,0,0,0,0,0,0.1840607210626186,0.17282450170150704,0.39706823278498277,135.10000000000002,212.10000000000002,212.10000000000002
00-0033288,George Kittle,TE,2020,SF,8,0,0,0,0,0,2,17,0,0,63,48,634,2,0,0,0,0,0,0,0.11371841155234658,0.12159661644197726,0.25569524883790395,77.10000000000001,125.10000000000001,125.10000000000001
00-0033292,Trent Taylor,WR,2020,SF,12,0,0,0,0,0,0,0,0,0,21,10,86,0,0,0,0,0,0,0,0.03790613718411552,0.030927835051546393,0.07850869031225576,8.6,18.6,18.6
00-0033293,Aaron Jones,RB,2020,GB,14,0,0,0,0,0,201,1104,9,0,63,47,355,2,0,0,0,0,0,0,0.12574850299401197,0.018621523579201934,0.2016578209964593,211.9,258.9,258.9
00-0033296,Alex Armah,RB,2020,CAR,12,0,0,0,0,0,6,9,0,0,9,5,18,0,0,0,0,0,0,0,0.017077798861480076,0.0004861448711716091,0.025956999702040243,2.7,7.7,7.7
00-0033307,Kendrick Bourne,WR,2020,SF,15,0,0,0,0,0,0,0,0,0,74,49,667,2,1,0,0,0,0,0,0.13357400722021662,0.18133756278086174,0.32729730477692814,80.7,129.7,129.7
00-0033308,Matt Breida,RB,2020,MIA,10,0,0,0,0,0,59,254,0,0,10,9,96,0,0,1,0,1,0,0,0.018281535648994516,-0.00023408239700374532,0.027258445795589153,33.0,42.0,42.0
00-0033319,Nick Mullens,QB,2020,SF,10,326,2437,12,12,1,9,8,0,0,0,0,0,0,0,4,4,0,0,0,0.0,0.0,0.0,116.28000000000002,116.28000000000002,116.28000000000002
00-0033338,Cethan Carter,TE,2020,CIN,13,0,0,0,0,0,0,0,0,0,7,5,53,0,0,0,0,0,0,0,0.012367491166077738,0.011423735984768353,0.026547851938454454,5.300000000000001,10.3,10.3
00-0033357,Taysom Hill,TE,2020,NO,16,121,928,4,2,0,87,457,8,0,12,8,98,1,0,5,2,3,0,0,0.023622047244094488,0.02795698924731183,0.05500296333926001,148.62,156.62,156.62
00-0033367,C.J. Board,WR,2020,NYG,11,0,0,0,0,0,1,3,0,0,16,11,101,0,0,0,0,0,0,0,0.032,0.04009020295665247,0.07606314206965673,10.4,21.4,21.400000000000002
00-0033375,Tim Patrick,WR,2020,DEN,15,0,0,0,0,0,0,0,0,0,79,51,742,6,0,0,0,0,0,0,0.14821763602251406,0.1961798647035416,0.35965235932625017,110.2,161.2,161.2
00-0033376,Patrick Ricard,RB,2020,BAL,9,0,0,0,0,0,1,-1,0,0,12,9,45,1,0,1,0,1,0,0,0.030612244897959183,0.0002832058906825262,0.04611661147041654,8.4,17.4,17.4
00-0033382,Austin Carr,WR,2020,NO,5,0,0,0,0,0,0,0,0,0,4,3,27,1,0,0,0,0,0,0,0.007874015748031496,0.009831029185867896,0.01869274405215477,8.7,11.7,11.7
00-0033386,Cody Hollister,WR,2020,TEN,1,0,0,0,0,0,0,0,0,0,1,1,12,0,0,0,0,0,0,0,0.002136752136752137,0.002463661000246366,0.004929690905300661,1.2000000000000002,2.2,2.2
00-0033387,Jacob Hollister,TE,2020,SEA,13,0,0,0,0,0,0,0,0,0,40,25,209,3,1,0,0,0,0,0,0.074487895716946,0.04902772031443939,0.14605124779552658,40.900000000000006,65.9,65.9
00-0033421,Antony Auclair,TE,2020,TB,1,0,0,0,0,0,0,0,0,0,1,0,0,0,0,0,0,0,0,0,0.0016501650165016502,0.002127659574468085,0.0039646092268801345,0.0,0.0,0.0
00-0033439,Pharaoh Brown,TE,2020,HOU,10,0,0,0,0,0,0,0,0,0,16,14,163,2,0,0,0,0,0,0,0.030476190476190476,0.0260941031436203,0.06398015791481992,28.3,42.3,42.3
00-0033455,Anthony Firkser,TE,2020,TEN,15,0,0,0,0,0,0,0,0,0,53,39,387,1,0,0,0,0,0,0,0.11324786324786325,0.09140182310914018,0.233853071048193,44.7,83.7,83.7
00-0033460,John Ross,WR,2020,CIN,2,0,0,0,0,0,0,0,0,0,7,2,17,0,0,0,0,0,0,0,0.012367491166077738,0.017770255976306326,0.030990415932531035,1.7000000000000002,3.7,3.7
00-0033466,Isaiah McKenzie,WR,2020,BUF,15,1,12,1,0,0,10,9,0,0,34,30,282,5,0,0,0,0,0,1,0.05944055944055944,0.02902785895187999,0.10948034042715515,69.58,99.58,99.58000000000001
00-0033471,Isaiah Ford,WR,2020,MIA,9,0,0,0,0,0,0,0,0,0,44,28,276,0,0,0,0,0,0,0,0.08043875685557587,0.09480337078651685,0.18702049483392558,27.6,55.6,55.6
00-0033474,Gehrig Dieter,WR,2020,KC,1,0,0,0,0,0,0,0,0,0,2,1,10,0,0,0,0,0,0,0,0.0032733224222585926,0.0029394473838918285,0.006967596802112168,1.0,2.0,2.0
00-0033481,Marcus Kemp,WR,2020,KC,4,0,0,0,0,0,0,0,0,0,1,1,11,0,0,0,0,0,0,0,0.0016366612111292963,0.0001959631589261219,0.0025921660279422296,1.1,2.1,2.1
00-0033526,Samaje Perine,RB,2020,CIN,12,0,0,0,0,0,63,301,3,0,12,11,66,0,0,0,0,0,0,0,0.02120141342756184,-0.0044425639940765815,0.028692325345489152,54.7,65.7,65.7
00-0033528,Jeremy Sprinkle,TE,2020,WAS,7,0,0,0,0,0,0,0,0,0,3,1,6,0,0,0,0,0,0,0,0.005235602094240838,0.0016168148746968471,0.008985173553649051,0.6000000000000001,1.6,1.6
00-0033536,Mike Williams,WR,2020,LAC,14,0,0,0,0,0,1,1,0,0,85,48,756,5,0,0,0,0,0,0,0.13911620294599017,0.2619754133107249,0.39205709373649267,105.7,153.7,153.7
00-0033537,Deshaun Watson,QB,2020,HOU,16,544,4823,33,7,1,90,444,3,0,0,0,0,0,0,3,2,1,0,0,0.0,0.0,0.0,369.32000000000005,369.32000000000005,369.32000000000005
00-0033553,James Conner,RB,2020,PIT,13,0,0,0,0,0,169,721,6,0,43,35,215,0,0,0,0,0,0,0,0.06595092024539877,-0.001503113592441486,0.0978742008533891,129.60000000000002,164.60000000000002,164.60000000000002
00-0033555,Mack Hollins,WR,2020,MIA,11,0,0,0,0,0,0,0,0,0,25,16,176,1,0,1,0,0,1,0,0.04570383912248629,0.056179775280898875,0.10788160138035864,21.6,37.6,37.6
00-0033556,Tarik Cohen,RB,2020,CHI,3,0,0,0,0,0,14,74,0,0,9,6,41,0,0,0,0,0,0,0,0.015100671140939598,0.003080082135523614,0.024807064206275927,11.5,17.5,17.5
00-0033564,Jake Butt,TE,2020,DEN,4,0,0,0,0,0,0,0,0,0,4,2,5,0,0,0,0,0,0,0,0.0075046904315197,0.001392757660167131,0.012231966009396541,0.5,2.5,2.5
00-0033567,Brian Hill,RB,2020,ATL,16,0,0,0,0,0,100,465,1,0,30,25,199,0,0,1,0,1,0,0,0.049586776859504134,0.007014952925973786,0.07929063233743786,70.4,95.4,95.4
00-0033572,Jamal Agnew,WR,2020,DET,14,1,0,0,0,0,6,33,0,0,20,13,89,0,0,1,0,0,0,1,0.03558718861209965,0.019474001204577394,0.06701258376135365,18.200000000000003,31.200000000000003,31.200000000000003
00-0033576,Eric Saubert,TE,2020,JAX,6,0,0,0,0,0,0,0,0,0,4,3,16,0,0,0,0,0,0,0,0.006837606837606838,0.0026759983532317825,0.012129609103672504,1.6,4.6,4.6
00-0033589,David Moore,WR,2020,SEA,16,0,0,0,0,0,8,61,0,0,47,35,417,6,0,0,0,0,0,0,0.08752327746741155,0.0860570955730244,0.1915248831022344,83.80000000000001,118.80000000000001,118.80000000000001
00-0033591,Noah Brown,WR,2020,DAL,10,0,0,0,0,0,1,4,0,0,24,14,154,0,0,0,0,0,0,0,0.03889789303079417,0.05190166001260769,0.09467800155501663,15.8,29.8,29.8
00-0033594,Chris Carson,RB,2020,SEA,12,0,0,0,0,0,141,681,5,0,46,37,287,4,0,0,0,0,0,0,0.0856610800744879,0.012618949110467521,0.1373248844890591,150.8,187.8,187.8
00-0033611,Ricky Seals-Jones,TE,2020,KC,1,0,0,0,0,0,0,0,0,0,1,0,0,0,0,0,0,0,0,0,0.0016366612111292963,0.0013717421124828531,0.0034152112954319415,0.0,0.0,0.0
00-0033627,Jason Croom,TE,2020,PHI,1,0,0,0,0,0,0,0,0,0,1,1,3,1,0,0,0,0,0,0,0.0017825311942959,0.0005600149337315662,0.0030658072450559463,6.3,7.3,7.3
00-0033658,Blake Jarwin,TE,2020,DAL,1,0,0,0,0,0,0,0,0,0,1,1,12,0,0,0,0,0,0,0,0.0016207455429497568,0.002521538138264341,0.004196195011209674,1.2000000000000002,2.2,2.2
00-0033681,Keelan Cole,WR,2020,JAX,16,0,0,0,0,0,1,2,0,0,88,55,642,5,0,0,0,0,0,1,0.15042735042735042,0.19699464800329353,0.36353727924333107,100.4,155.4,155.4
00-0033699,Austin Ekeler,RB,2020,LAC,10,0,0,0,0,0,116,530,1,0,65,54,403,2,0,0,0,0,0,0,0.10638297872340426,-0.016532428995337006,0.1480017677883705,111.30000000000001,165.3,165.3
00-0033720,Colin Thompson,TE,2020,CAR,2,0,0,0,0,0,0,0,0,0,2,1,7,1,0,0,0,0,0,0,0.003795066413662239,0.0014584346135148275,0.006713503849953738,6.7,7.7,7.7
00-0033725,Corey Clement,RB,2020,PHI,10,0,0,0,0,0,21,75,1,0,6,5,25,0,0,0,0,0,0,0,0.0106951871657754,-0.0018667164457718873,0.01473607923662278,16.0,21.0,21.0
00-0033733,Greg Ward,WR,2020,PHI,16,1,15,0,0,0,2,-4,0,0,79,53,419,6,1,0,0,0,0,0,0.1408199643493761,0.0828822101922718,0.2692474936586544,80.1,133.1,133.10000000000002
00-0033757,Robert Tonyan,TE,2020,GB,15,0,0,0,0,0,0,0,0,0,59,52,586,11,0,0,0,0,0,0,0.11776447105788423,0.11051995163240629,0.2540106727295107,124.6,176.6,176.6
00-0033798,Mason Schreck,TE,2020,CIN,2,0,0,0,0,0,0,0,0,0,1,0,0,0,0,0,0,0,0,0,0.0017667844522968198,0.0004231013327691982,0.0029463476113836683,0.0,0.0,0.0
00-0033838,Trey Edmunds,RB,2020,PIT,1,0,0,0,0,0,0,0,0,0,0,0,0,0,0,0,0,0,0,0,0.0,0.0,0.0,0.0,0.0,0.0
00-0033839,Dede Westbrook,WR,2020,JAX,2,0,0,0,0,0,0,0,0,0,1,1,4,0,0,1,0,0,0,0,0.0017094017094017094,0.0008233841086867024,0.003140471440183256,0.4,1.4,1.4
00-0033840,Chad Hansen,WR,2020,HOU,5,0,0,0,0,0,0,0,0,0,24,17,236,1,0,0,0,0,0,0,0.045714285714285714,0.05958495993425108,0.11028090052540432,29.6,46.6,46.6
00-0033854,Dare Ogunbowale,RB,2020,JAX,10,0,0,0,0,0,32,145,0,0,20,10,54,0,0,0,0,0,0,0,0.03418803418803419,0.003499382461918485,0.05373161900539423,19.900000000000002,29.900000000000002,29.9
00-0033856,Leonard Fournette,RB,2020,TB,12,0,0,0,0,0,97,367,6,0,47,36,233,0,0,0,0,0,0,0,0.07755775577557755,0.0012411347517730497,0.11720542798960747,96.0,132.0,132.0
00-0033857,JuJu Smith-Schuster,WR,2020,PIT,16,0,0,0,0,0,0,0,0,0,128,97,831,9,1,1,0,0,1,0,0.19631901840490798,0.15095555078376638,0.40014741315599844,137.10000000000002,234.10000000000002,234.10000000000002
00-0033858,Jonnu Smith,TE,2020,TEN,14,0,0,0,0,0,2,4,1,0,65,41,448,8,0,0,0,0,0,0,0.1388888888888889,0.08869179600886919,0.2704175905395418,99.2,140.2,140.2
00-0033859,Josh Malone,WR,2020,NYJ,3,0,0,0,0,0,1,12,0,0,6,4,16,0,0,0,0,0,0,0,0.012958963282937365,0.004003768252472915,0.022241082701137088,2.8000000000000003,6.800000000000001,6.800000000000001
00-0033869,Mitchell Trubisky,QB,2020,CHI,10,297,2055,16,8,1,33,195,1,0,0,0,0,0,0,2,2,0,0,0,0.0,0.0,0.0,153.7,153.7,153.7
00-0033871,Corey Davis,WR,2020,TEN,14,0,0,0,0,0,0,0,0,0,92,65,984,5,0,1,0,0,1,0,0.19658119658119658,0.2660753880266075,0.4811245664904201,126.4,191.4,191.4
00-0033873,Patrick Mahomes,QB,2020,KC,15,588,4740,38,6,3,62,308,2,0,2,0,0,0,0,2,2,0,0,0,0.0032733224222585926,0.004899078973153047,0.008339338914595021,374.40000000000003,374.40000000000003,374.40000000000003
00-0033879,O.J. Howard,TE,2020,TB,4,0,0,0,0,0,0,0,0,0,19,11,146,2,0,0,0,0,0,0,0.03135313531353135,0.040070921985815605,0.07507934836036795,26.6,37.6,37.6
00-0033881,Evan Engram,TE,2020,NYG,16,0,0,0,0,0,6,26,1,0,109,63,654,1,0,1,0,0,1,0,0.218,0.19669255825607618,0.4646847907792533,78.0,141.0,141.0
00-0033885,David Njoku,TE,2020,CLE,11,0,0,0,0,0,0,0,0,0,29,19,213,2,0,0,0,0,0,0,0.06209850107066381,0.050979466603729054,0.12883337822860605,33.3,52.3,52.3
00-0033891,Zay Jones,WR,2020,LV,11,1,29,0,0,0,0,0,0,0,20,14,154,1,0,0,0,0,0,0,0.03824091778202677,0.031611754229741766,0.07948960463385939,22.56,36.56,36.56
00-0033893,Dalvin Cook,RB,2020,MIN,14,0,0,0,0,0,312,1557,16,3,54,44,361,1,0,3,0,2,1,0,0.11134020618556702,-0.023397514014136,0.15063204946845532,293.8,337.8,337.8
00-0033895,Gerald Everett,TE,2020,LA,15,0,0,0,0,0,1,2,1,0,62,41,417,1,0,1,0,0,1,0,0.1103202846975089,0.09779019558039116,0.23393356395253717,51.900000000000006,92.9,92.9
00-0033896,Adam Shaheen,TE,2020,MIA,13,0,0,0,0,0,0,0,0,0,22,12,150,3,0,0,0,0,0,0,0.04021937842778794,0.022237827715355804,0.07589554704243097,33.0,45.0,45.0
00-0033897,Joe Mixon,RB,2020,CIN,6,0,0,0,0,0,119,428,3,0,26,21,138,1,0,1,0,1,0,0,0.045936395759717315,-0.006134969325153374,0.06461011511196861,78.6,99.6,99.60000000000001
00-0033906,Alvin Kamara,RB,2020,NO,15,0,0,0,0,0,187,932,16,0,107,83,756,5,0,0,0,0,0,0,0.2106299212598425,0.018433179723502304,0.32884810769621536,294.8,377.8,377.8
00-0033908,Cooper Kupp,WR,2020,LA,15,0,0,0,0,0,4,33,0,0,124,92,974,3,0,1,0,0,0,0,0.2206405693950178,0.19862839725679451,0.4700007321722829,118.7,210.7,210.7
00-0033911,Taywan Taylor,WR,2020,CLE,1,0,0,0,0,0,0,0,0,0,1,0,0,0,0,0,0,0,0,0,0.0021413276231263384,0.003540240736370073,0.005690159950148559,0.0,0.0,0.0
00-0033921,Chris Godwin Jr.,WR,2020,TB,12,0,0,0,0,0,0,0,0,0,84,65,840,7,0,0,0,0,0,0,0.13861386138613863,0.15212765957446808,0.3144101537813356,126.0,191.0,191.0
00-0033923,Kareem Hunt,RB,2020,CLE,16,0,0,0,0,0,198,841,6,0,51,38,304,5,0,0,0,0,0,0,0.10920770877944326,0.016757139485485014,0.1755415608090044,180.5,218.5,218.5
00-0033925,D'Onta Foreman,RB,2020,TEN,5,0,0,0,0,0,22,95,0,0,1,1,5,1,0,0,0,0,0,0,0.002136752136752137,0.0004927322000492732,0.0035500407451626967,16.0,17.0,17.0
00-0033932,Kenny Golladay,WR,2020,DET,5,0,0,0,0,0,0,0,0,0,32,20,338,2,0,0,0,0,0,0,0.05693950177935943,0.09355551094157799,0.15089811032814374,45.800000000000004,65.80000000000001,65.80000000000001
00-0033936,C.J. Beathard,QB,2020,SF,6,104,787,6,0,0,6,28,0,0,0,0,0,0,0,3,3,0,0,0,0.0,0.0,0.0,52.28,52.28,52.28
00-0033943,Josh Reynolds,WR,2020,LA,16,0,0,0,0,0,1,5,0,0,81,52,618,2,0,1,0,0,0,0,0.14412811387900357,0.22504445008890017,0.37372328588073545,74.30000000000001,126.30000000000001,126.30000000000001
00-0033948,Jamaal Williams,RB,2020,GB,14,0,0,0,0,0,119,505,2,2,35,31,236,1,0,0,0,0,0,0,0.06986027944111776,0.004594921402660218,0.10800686414353879,96.10000000000001,127.10000000000001,127.1
00-0033949,Joshua Dobbs,QB,2020,PIT,1,5,2,0,0,0,2,20,0,0,0,0,0,0,0,0,0,0,0,0,0.0,0.0,0.0,2.08,2.08,2.08
00-0033950,Wayne Gallman,RB,2020,NYG,14,0,0,0,0,0,147,682,6,0,27,21,114,0,0,0,0,0,0,0,0.054,0.0025056376847907794,0.08275394637935354,115.60000000000001,136.60000000000002,136.60000000000002
00-0033951,Marlon Mack,RB,2020,IND,1,0,0,0,0,0,4,26,0,0,3,3,30,0,0,0,0,0,0,0,0.005607476635514018,-0.0002521432173474534,0.008234714701127811,5.6000000000000005,8.600000000000001,8.6
00-0033955,Jeremy McNichols,RB,2020,TEN,15,0,0,0,0,0,47,204,1,0,17,12,55,0,0,0,0,0,0,0,0.03632478632478633,0.001970928800197093,0.055866829647317456,31.900000000000002,43.900000000000006,43.900000000000006
00-0033958,Nathan Peterman,QB,2020,LV,1,5,25,0,0,0,1,9,0,0,0,0,0,0,0,0,0,0,0,0,0.0,0.0,0.0,1.9,1.9,1.9
00-0034011,Dan Arnold,TE,2020,ARI,15,0,0,0,0,0,0,0,0,0,45,31,438,4,0,1,0,0,1,0,0.08256880733944955,0.12625698324022347,0.21223309927733075,65.80000000000001,96.80000000000001,96.80000000000001
00-0034052,Brandon Zylstra,WR,2020,CAR,5,0,0,0,0,0,1,1,0,0,4,3,35,0,0,0,0,0,0,0,0.007590132827324478,0.013368983957219251,0.020743488011040194,3.6,6.6,6.6
00-0034054,River Cracraft,WR,2020,SF,5,0,0,0,0,0,0,0,0,0,9,6,41,0,0,0,0,0,0,0,0.016245487364620937,0.015331747290510176,0.03510045415028853,4.1000000000000005,10.100000000000001,10.100000000000001
00-0034073,Ross Dwelley,TE,2020,SF,12,0,0,0,0,0,0,0,0,0,24,19,245,1,0,0,0,0,0,0,0.04332129963898917,0.048109965635738834,0.09865892540350094,30.5,49.5,49.5
00-0034081,Steven Mitchell,WR,2020,HOU,4,0,0,0,0,0,0,0,0,0,8,5,60,0,0,0,0,0,0,0,0.015238095238095238,0.022601191699198685,0.038677977046581935,6.0,11.0,11.0
00-0034104,Cam Sims,WR,2020,WAS,13,0,0,0,0,0,1,5,0,0,48,32,477,1,0,0,0,0,0,0,0.08376963350785341,0.14093236324440853,0.2243071045328661,54.2,86.2,86.2
00-0034109,Phillip Lindsay,RB,2020,DEN,11,0,0,0,0,0,118,502,1,0,14,7,28,0,0,0,0,0,0,0,0.02626641651031895,-0.001193792280143255,0.038563970169378146,59.0,66.0,66.0
00-0034115,Jeff Wilson,RB,2020,SF,11,0,0,0,0,0,126,600,7,0,28,13,133,3,0,2,0,2,0,0,0.05054151624548736,0.013481363996827915,0.08524922916601058,129.3,142.3,142.3
00-0034132,Christian Blake,WR,2020,ATL,10,0,0,0,0,0,0,0,0,0,18,13,141,0,0,0,0,0,0,0,0.02975206611570248,0.0319364962156175,0.06698364652448596,14.100000000000001,27.1,27.1
00-0034159,Will Dissly,TE,2020,SEA,15,0,0,0,0,0,0,0,0,0,29,24,251,2,0,0,0,0,0,0,0.054003724394785846,0.028547786512205214,0.10098903715072241,37.1,61.1,61.1
00-0034164,Trenton Cannon,RB,2020,CAR,12,0,0,0,0,0,10,33,0,0,3,3,16,0,0,0,0,0,0,0,0.0056925996204933585,0.0007292173067574137,0.009049351545470229,4.9,7.9,7.9
00-0034169,Marcus Baugh,TE,2020,WAS,1,0,0,0,0,0,0,0,0,0,1,1,2,0,0,0,0,0,0,0,0.0017452006980802793,0.0,0.002617801047120419,0.2,1.2,1.2
00-0034177,Tim Boyle,QB,2020,GB,8,0,0,0,0,0,13,-9,0,0,0,0,0,0,0,0,0,0,0,0,0.0,0.0,0.0,-0.9,-0.9,-0.9
00-0034184,Gus Edwards,RB,2020,BAL,16,0,0,0,0,0,144,723,6,0,13,9,129,0,0,1,0,1,0,0,0.03316326530612245,0.013877088643443784,0.05945886000959432,119.2,128.2,128.2
00-0034192,Nick Keizer,TE,2020,KC,11,0,0,0,0,0,0,0,0,0,9,6,63,0,0,1,0,0,1,0,0.014729950900163666,0.015873015873015872,0.03320603746135661,4.300000000000001,10.3,10.3
00-0034193,Kevin Rader,TE,2020,PIT,1,0,0,0,0,0,0,0,0,0,1,0,0,0,0,0,0,0,0,0,0.0015337423312883436,0.0008589220528237063,0.00290185893390911,0.0,0.0,0.0
00-0034207,Jeff Badet,WR,2020,WAS,1,0,0,0,0,0,0,0,0,0,1,0,0,0,0,0,0,0,0,0,0.0017452006980802793,0.006736728644570197,0.0073335110983195565,0.0,0.0,0.0
00-0034208,Mike Boone,RB,2020,MIN,10,0,0,0,0,0,11,59,1,0,2,2,10,0,0,0,0,0,0,0,0.004123711340206186,-0.0017060687301974165,0.004991318899171087,12.9,14.9,14.9
00-0034253,Dontrell Hilliard,RB,2020,HOU,5,0,0,0,0,0,9,48,0,0,1,1,2,0,0,0,0,0,0,0,0.0021413276231263384,0.0,0.0032119914346895075,5.0,6.0,6.000000000000001
00-0034267,Jaleel Scott,WR,2020,NYJ,1,0,0,0,0,0,0,0,0,0,1,1,16,0,0,0,0,0,0,0,0.0021598272138228943,0.0030617051342439945,0.005382934414705137,1.6,2.6,2.6
00-0034270,Tyler Conklin,TE,2020,MIN,9,0,0,0,0,0,0,0,0,0,26,19,194,1,0,0,0,0,0,0,0.05360824742268041,0.0277845478917865,0.09986155465827115,25.400000000000002,44.400000000000006,44.400000000000006
00-0034272,Marquez Valdes-Scantling,WR,2020,GB,14,0,0,0,0,0,4,13,0,0,63,33,690,6,0,1,0,0,1,0,0.12574850299401197,0.2788391777509069,0.38381017891665276,104.3,137.3,137.3
00-0034273,Damion Ratley,WR,2020,NYG,5,0,0,0,0,0,0,0,0,0,10,4,63,0,0,0,0,0,0,0,0.02,0.026058631921824105,0.048241042345276874,6.300000000000001,10.3,10.3
00-0034279,Equanimeous St. Brown,WR,2020,GB,8,0,0,0,0,0,1,7,0,0,13,7,117,1,0,0,0,0,0,0,0.02594810379241517,0.03796856106408706,0.0655001484334837,18.4,25.4,25.4
00-0034286,Richie James,WR,2020,SF,10,0,0,0,0,0,0,0,0,0,35,23,394,1,0,2,0,0,0,0,0.0631768953068592,0.098598995506212,0.1637846398146372,45.400000000000006,68.4,68.4
00-0034297,Byron Pringle,WR,2020,KC,7,0,0,0,0,0,0,0,0,0,17,13,160,1,0,0,0,0,0,1,0.027823240589198037,0.033901626494219086,0.06546599942975041,28.0,41.0,41.0
00-0034301,Darrel Williams,RB,2020,KC,13,0,0,0,0,0,39,169,1,0,26,18,116,0,1,0,0,0,0,0,0.0425531914893617,-0.004311189496374682,0.06081195458658027,36.5,54.5,54.5
00-0034309,Chad Beebe,WR,2020,MIN,12,0,0,0,0,0,0,0,0,0,30,20,201,2,0,1,0,0,0,0,0.061855670103092786,0.04411406288081891,0.12366334917121241,32.1,52.1,52.1
00-0034317,Keith Kirkwood,WR,2020,CAR,1,0,0,0,0,0,0,0,0,0,2,1,13,0,0,0,0,0,0,0,0.003795066413662239,0.007778317938745746,0.01113742217761538,1.3,2.3,2.3
00-0034319,Deon Yelder,TE,2020,KC,6,0,0,0,0,0,0,0,0,0,11,7,36,0,0,0,0,0,0,0,0.01800327332242226,0.011169900058788948,0.034823840024785654,3.6,10.6,10.6
00-0034331,Jaylen Samuels,RB,2020,PIT,9,0,0,0,0,0,9,28,0,0,14,9,46,0,0,0,0,0,0,0,0.02147239263803681,-0.0006441915396177797,0.03175765487932277,7.4,16.4,16.4
00-0034339,Trey Quinn,WR,2020,JAX,1,0,0,0,0,0,0,0,0,0,0,0,0,0,0,0,0,0,0,0,0.0,0.0,0.0,0.0,0.0,0.0
00-0034348,Courtland Sutton,WR,2020,DEN,1,0,0,0,0,0,0,0,0,0,6,3,66,0,0,0,0,0,0,0,0.01125703564727955,0.02109033028253084,0.031648784668690914,6.6000000000000005,9.600000000000001,9.600000000000001
00-0034349,Kerryon Johnson,RB,2020,DET,14,0,0,0,0,0,52,181,2,0,26,19,187,1,0,1,0,1,0,0,0.046263345195729534,-0.0006022886970487854,0.06897341570566015,52.800000000000004,71.80000000000001,71.8
00-0034351,Dallas Goedert,TE,2020,PHI,11,0,0,0,0,0,0,0,0,0,65,46,524,3,0,0,0,0,0,0,0.11586452762923351,0.10453612096322569,0.24697207611810823,70.4,116.4,116.4
00-0034353,Anthony Miller,WR,2020,CHI,16,0,0,0,0,0,2,12,0,0,76,49,485,2,0,1,0,0,1,0,0.12751677852348994,0.15092402464065707,0.2969219850336948,59.7,108.7,108.7
00-0034364,Jordan Akins,TE,2020,HOU,13,0,0,0,0,0,1,4,0,0,49,37,403,1,0,0,0,0,0,0,0.09333333333333334,0.07581672488185741,0.1930717074173002,46.7,83.7,83.7
00-0034365,Ian Thomas,TE,2020,CAR,13,0,0,0,0,0,0,0,0,0,31,20,145,1,0,0,0,0,0,0,0.058823529411764705,0.047642197374817695,0.12158483228001943,20.5,40.5,40.5
00-0034366,Keke Coutee,WR,2020,HOU,8,0,0,0,0,0,0,0,0,0,40,33,400,3,1,3,0,0,2,0,0.0761904761904762,0.0774604479145264,0.16850802782588278,56.0,89.0,89.0
00-0034367,Nyheim Hines,RB,2020,IND,16,0,0,0,0,0,89,380,3,1,76,63,482,4,0,0,0,0,0,0,0.14205607476635515,0.013111447302067574,0.22226212526098002,130.2,193.2,193.2
00-0034370,DaeSean Hamilton,WR,2020,DEN,12,0,0,0,0,0,0,0,0,0,44,23,293,2,0,1,0,0,1,0,0.0825515947467167,0.11758853959411063,0.2061393698359525,39.3,62.3,62.3
00-0034378,Ito Smith,RB,2020,ATL,14,0,0,0,0,0,63,268,1,0,26,17,75,0,0,0,0,0,0,0,0.04297520661157025,0.00018460402436773122,0.06459203273441277,40.300000000000004,57.300000000000004,57.3
00-0034383,Dalton Schultz,TE,2020,DAL,16,0,0,0,0,0,0,0,0,0,89,63,615,4,0,1,0,0,1,0,0.14424635332252836,0.12271485606219794,0.3022699292273311,83.5,146.5,146.5
00-0034386,Justin Watson,WR,2020,TB,7,0,0,0,0,0,0,0,0,0,11,7,94,0,0,0,0,0,0,0,0.018151815181518153,0.01879432624113475,0.04038375114107155,9.4,16.4,16.4
00-0034393,Troy Fumagalli,TE,2020,DEN,7,0,0,0,0,0,0,0,0,0,15,8,80,1,0,0,0,0,0,0,0.028142589118198873,0.021886191802626343,0.057534217939136746,14.0,22.0,22.0
00-0034395,Daurice Fountain,WR,2020,IND,2,0,0,0,0,0,0,0,0,0,3,2,23,0,0,0,0,0,0,0,0.005607476635514018,0.0070600100857286935,0.013353222013281114,2.3000000000000003,4.300000000000001,4.300000000000001
00-0034400,Jordan Wilkins,RB,2020,IND,13,0,0,0,0,0,84,308,1,1,16,12,105,0,0,0,0,0,0,0,0.029906542056074768,-0.0032778618255168935,0.042565309806250326,49.300000000000004,61.300000000000004,61.3
00-0034407,Ray-Ray McCloud,WR,2020,PIT,16,0,0,0,0,0,4,65,0,0,22,20,77,0,0,1,0,0,0,0,0.03374233128834356,-0.0070861069357955764,0.045653222077458436,14.200000000000001,34.2,34.2
00-0034411,Russell Gage,WR,2020,ATL,16,2,39,1,0,0,2,9,0,0,109,72,786,4,0,0,0,0,0,0,0.18016528925619835,0.17112793058888684,0.39003748529651827,109.06,181.06,181.06
00-0034414,Boston Scott,RB,2020,PHI,16,0,0,0,0,0,80,374,1,0,36,25,212,1,0,0,0,0,0,0,0.06417112299465241,0.01773380623483293,0.10867034885636168,70.6,95.6,95.6
00-0034418,Cedrick Wilson Jr.,WR,2020,DAL,13,2,23,1,0,0,3,-12,0,0,28,17,189,2,0,0,0,0,0,0,0.04538087520259319,0.051271275478041604,0.1039612056385189,34.62,51.62,51.620000000000005
00-0034419,Braxton Berrios,WR,2020,NYJ,16,0,0,0,0,0,3,29,0,0,55,37,394,3,0,0,0,0,0,0,0.11879049676025918,0.09797456429580782,0.24676794014745423,60.300000000000004,97.30000000000001,97.30000000000001
00-0034426,Javon Wims,WR,2020,CHI,10,0,0,0,0,0,1,2,0,0,12,6,48,1,0,0,0,0,0,0,0.020134228187919462,0.036344969199178644,0.05564282072130424,11.0,17.0,17.0
00-0034432,Bo Scarbrough,RB,2020,SEA,1,0,0,0,0,0,6,31,0,0,0,0,0,0,0,0,0,0,0,0,0.0,0.0,0.0,3.1,3.1,3.1
00-0034438,Logan Woodside,QB,2020,TEN,5,3,7,0,0,0,7,10,0,0,0,0,0,0,0,0,0,0,0,0,0.0,0.0,0.0,1.28,1.28,1.28
00-0034439,Ryan Izzo,TE,2020,NE,10,0,0,0,0,0,0,0,0,0,20,13,199,0,0,1,0,0,1,0,0.047619047619047616,0.06844741235392321,0.11934176007631767,17.900000000000002,30.900000000000002,30.900000000000006
00-0034440,Justin Jackson,RB,2020,LAC,8,0,0,0,0,0,59,270,0,0,24,19,173,0,1,0,0,0,0,0,0.03927986906710311,-0.009961848240779992,0.05194650983210867,46.300000000000004,65.30000000000001,65.3
00-0034449,Buddy Howell,RB,2020,HOU,5,0,0,0,0,0,16,64,0,0,2,1,3,0,0,0,0,0,0,0,0.0038095238095238095,0.003903842202588864,0.00844697525609792,6.7,7.7,7.7
00-0034457,Josh Adams,RB,2020,NYJ,8,0,0,0,0,0,29,157,2,0,8,6,29,0,0,0,0,0,0,0,0.017278617710583154,0.00023551577955723034,0.02608278761156479,30.6,36.6,36.6
00-0034487,Trent Sherfield,WR,2020,ARI,9,0,0,0,0,0,0,0,0,0,7,5,50,0,0,0,0,0,0,0,0.012844036697247707,0.018324022346368714,0.03209287068832966,5.0,10.0,10.0
00-0034510,Robert Foster,WR,2020,WAS,3,0,0,0,0,0,0,0,0,0,6,2,37,0,0,0,0,0,0,0,0.010471204188481676,0.02263540824575586,0.031551592054751616,3.7,5.7,5.7
00-0034521,Allen Lazard,WR,2020,GB,10,0,0,0,0,0,2,17,0,0,46,33,451,3,0,0,0,0,0,0,0.09181636726546906,0.11076178960096736,0.21525780361888075,64.80000000000001,97.80000000000001,97.80000000000001
00-0034577,Kyle Allen,QB,2020,WAS,4,87,610,4,1,0,7,26,1,0,0,0,0,0,0,1,1,0,0,0,0.0,0.0,0.0,45.00000000000001,45.00000000000001,45.00000000000001
00-0034578,Reggie Bonnafon,RB,2020,CAR,2,0,0,0,0,0,12,69,0,0,2,2,18,1,0,0,0,0,0,0,0.003795066413662239,-0.0004861448711716091,0.0053522982106732325,14.700000000000001,16.700000000000003,16.700000000000003
00-0034597,Ryan Nall,RB,2020,CHI,9,0,0,0,0,0,3,0,0,0,9,8,67,1,0,0,0,0,0,0,0.015100671140939598,0.004106776180698152,0.025525750037898105,12.7,20.7,20.7
00-0034613,Tanner Hudson,TE,2020,TB,4,0,0,0,0,0,0,0,0,0,7,3,41,0,0,0,0,0,0,0,0.01155115511551155,0.019148936170212766,0.03073098799241626,4.1000000000000005,7.1000000000000005,7.1000000000000005
00-0034631,Vyncint Smith,WR,2020,NYJ,4,0,0,0,0,0,0,0,0,0,3,1,13,0,0,0,0,0,0,0,0.0064794816414686825,0.009185115402731984,0.01614880324411541,1.3,2.3,2.3
00-0034646,Brandon Powell,WR,2020,ATL,15,0,0,0,0,0,2,7,0,0,18,12,69,2,0,1,0,0,1,0,0.02975206611570248,0.01532213402252169,0.0553535929893189,17.6,29.6,29.6
00-0034652,Cameron Batson,WR,2020,TEN,10,0,0,0,0,0,4,20,0,0,13,12,100,1,0,0,0,0,0,0,0.027777777777777776,0.01970928800197093,0.055463168268046315,18.0,30.0,30.0
00-0034653,Deontay Burnett,WR,2020,PHI,1,0,0,0,0,0,0,0,0,0,4,3,19,0,0,0,0,0,0,0,0.0071301247771836,0.002800074668657831,0.012655239433835883,1.9000000000000001,4.9,4.9
00-0034660,Rico Gafford,WR,2020,LV,3,0,0,0,0,0,0,0,0,0,2,0,0,0,0,0,0,0,0,0,0.0038240917782026767,0.014247551202137132,0.01570942350880001,0.0,0.0,0.0
00-0034676,James Washington,WR,2020,PIT,16,0,0,0,0,0,0,0,0,0,56,30,392,5,0,0,0,0,0,0,0.08588957055214724,0.15009662873094268,0.23390199593988073,69.2,99.2,99.2
00-0034681,Chase Edmonds,RB,2020,ARI,16,0,0,0,0,0,97,448,1,0,67,53,402,4,0,0,0,0,0,0,0.12293577981651377,0.030167597765363128,0.20552098816052483,115.0,168.0,168.0
00-0034686,Auden Tate,WR,2020,CIN,8,0,0,0,0,0,0,0,0,0,22,14,150,0,0,0,0,0,0,0,0.038869257950530034,0.043790987941612014,0.08895757848492346,15.0,29.0,29.0
00-0034750,Rashaad Penny,RB,2020,SEA,3,0,0,0,0,0,11,34,0,0,0,0,0,0,0,0,0,0,0,0,0.0,0.0,0.0,3.4000000000000004,3.4000000000000004,3.4000000000000004
00-0034753,Mark Andrews,TE,2020,BAL,14,0,0,0,0,0,0,0,0,0,88,58,701,7,0,0,0,0,0,0,0.22448979591836735,0.25460209572359105,0.5149561608840647,112.10000000000001,170.10000000000002,170.10000000000002
00-0034764,Michael Gallup,WR,2020,DAL,16,0,0,0,0,0,0,0,0,0,105,59,843,5,0,0,0,0,0,0,0.17017828200972449,0.25992855641941587,0.4372174125081778,114.30000000000001,173.3,173.3
00-0034765,Tre'Quan Smith,WR,2020,NO,13,0,0,0,0,0,1,3,0,0,50,34,448,4,0,0,0,0,0,0,0.0984251968503937,0.1382488479262673,0.24441198882397766,69.1,103.1,103.1
00-0034766,Chris Herndon,TE,2020,NYJ,12,0,0,0,0,0,0,0,0,0,45,31,287,3,0,2,0,0,2,0,0.09719222462203024,0.07253886010362694,0.1965655390055842,42.7,73.7,73.7
00-0034771,Mason Rudolph,QB,2020,PIT,4,43,324,2,1,0,7,-6,0,0,0,0,0,0,0,0,0,0,0,0,0.0,0.0,0.0,18.36,18.36,18.36
00-0034772,Antonio Callaway,WR,2020,MIA,4,0,0,0,0,0,0,0,0,0,4,2,20,0,0,0,0,0,0,0,0.007312614259597806,0.006554307116104869,0.015556936370670117,2.0,4.0,4.0
00-0034775,Christian Kirk,WR,2020,ARI,14,0,0,0,0,0,2,3,0,0,79,48,621,6,0,0,0,0,0,0,0.14495412844036698,0.20893854748603352,0.36368817590077396,98.4,146.4,146.4
00-0034777,DJ Chark,WR,2020,JAX,13,0,0,0,0,0,0,0,0,0,93,53,706,5,0,0,0,0,0,0,0.15897435897435896,0.26759983532317827,0.42578142318776324,100.60000000000001,153.60000000000002,153.60000000000002
00-0034788,Jaeden Graham,TE,2020,ATL,8,0,0,0,0,0,0,0,0,0,5,3,25,0,0,0,0,0,0,0,0.008264462809917356,0.003322872438619162,0.014722704921909446,2.5,5.5,5.5
00-0034791,Nick Chubb,RB,2020,CLE,12,0,0,0,0,0,190,1067,12,0,18,16,150,0,0,1,0,1,0,0,0.03854389721627409,0.011564786405475572,0.06591119630824403,191.7,207.7,207.7
00-0034796,Lamar Jackson,QB,2020,BAL,15,376,2757,26,9,1,159,1005,7,0,0,0,0,0,0,4,2,2,0,0,0.0,0.0,0.0,332.78,332.78,332.78
00-0034798,Durham Smythe,TE,2020,MIA,13,0,0,0,0,0,0,0,0,0,29,26,208,2,0,0,0,0,0,0,0.05301645338208409,0.026685393258426966,0.098204455354025,32.8,58.8,58.8
00-0034799,Kalen Ballage,RB,2020,LAC,11,0,0,0,0,0,91,303,3,0,37,29,166,0,0,0,0,0,0,0,0.07991360691144708,-0.004474799811587376,0.11673805049905946,64.9,93.9,93.9
00-0034816,Ronald Jones,RB,2020,TB,14,0,0,0,0,0,192,978,7,0,42,28,165,1,0,2,0,0,2,0,0.06930693069306931,0.006560283687943262,0.10855259462116425,158.3,186.3,186.3
00-0034827,DJ Moore,WR,2020,CAR,15,1,0,0,0,0,2,22,0,0,118,66,1193,4,0,0,0,0,0,0,0.2239089184060721,0.37943607194944096,0.6014686279737168,145.5,211.5,211.5
00-0034829,Mike Gesicki,TE,2020,MIA,15,0,0,0,0,0,0,0,0,0,85,53,703,6,0,0,0,0,0,0,0.15539305301645337,0.2200374531835206,0.38711579675314445,106.3,159.3,159.3
00-0034830,Hayden Hurst,TE,2020,ATL,16,0,0,0,0,0,0,0,0,0,88,56,571,6,0,0,0,0,0,0,0.14545454545454545,0.10965479047443234,0.2949401715139208,93.1,149.1,149.1
00-0034837,Calvin Ridley,WR,2020,ATL,15,0,0,0,0,0,5,1,0,0,143,90,1374,9,1,1,0,0,1,0,0.23636363636363636,0.3788074580025845,0.6197106751472636,191.5,281.5,281.5
00-0034838,Royce Freeman,RB,2020,DEN,11,0,0,0,0,0,35,170,0,0,13,12,81,0,0,0,0,0,0,0,0.024390243902439025,0.004377238360525269,0.03964943270602623,25.1,37.1,37.1
00-0034844,Saquon Barkley,RB,2020,NYG,2,0,0,0,0,0,19,34,0,0,9,6,60,0,0,0,0,0,0,0,0.018,0.00851916812828865,0.03296341768980205,9.4,15.4,15.4
00-0034845,Sony Michel,RB,2020,NE,8,0,0,0,0,0,79,449,1,0,9,7,114,1,0,0,0,0,0,0,0.02142857142857143,-0.000667779632721202,0.0316754113999523,68.30000000000001,75.30000000000001,75.30000000000001
00-0034854,KhaDarel Hodge,WR,2020,CLE,7,0,0,0,0,0,0,0,0,0,17,11,180,0,0,0,0,0,0,0,0.03640256959314775,0.06561246164739203,0.10053257754289605,18.0,29.0,29.0
00-0034855,Baker Mayfield,QB,2020,CLE,16,486,3563,26,8,1,54,165,1,0,1,1,6,0,0,4,3,1,0,0,0.0021413276231263384,0.001180080245456691,0.004038047606509191,247.62,248.62,248.62
00-0034857,Josh Allen,QB,2020,BUF,16,572,4544,37,10,0,102,421,8,0,1,1,12,1,0,6,2,4,0,0,0.0017482517482517483,-0.0009740892265731541,0.0019405151637764146,395.06,396.06,396.06
00-0034860,Dante Pettis,WR,2020,NYG,6,0,0,0,0,0,0,0,0,0,6,4,76,1,0,1,0,0,0,0,0.010830324909747292,0.02907745175786413,0.03659970359512583,13.600000000000001,17.6,17.6
00-0034867,Malik Turner,WR,2020,DAL,1,0,0,0,0,0,0,0,0,0,0,0,0,0,0,0,0,0,0,0,0.0,0.0,0.0,0.0,0.0,0.0
00-0034869,Sam Darnold,QB,2020,NYJ,12,364,2208,9,11,1,37,217,2,0,0,0,0,0,0,2,2,0,0,0,0.0,0.0,0.0,134.02,134.02,134.02
00-0034899,John Wolford,QB,2020,LA,1,38,231,0,1,0,6,56,0,0,0,0,0,0,0,0,0,0,0,0,0.0,0.0,0.0,12.84,12.84,12.84
00-0034928,Steven Sims,WR,2020,WAS,12,0,0,0,0,0,1,18,0,0,37,27,265,1,0,2,0,0,0,0,0.06457242582897033,0.07060091619509566,0.14627928008002244,34.3,61.3,61.3
00-0034955,Brett Rypien,QB,2020,DEN,2,40,295,2,4,0,5,-5,0,0,0,0,0,0,0,0,0,0,0,0,0.0,0.0,0.0,11.3,11.3,11.3
00-0034960,Jakobi Meyers,WR,2020,NE,12,2,43,2,0,0,2,9,0,0,81,59,729,0,1,1,0,0,1,0,0.19285714285714287,0.2757929883138564,0.48234080610541374,83.52,142.51999999999998,142.52
00-0034970,Irv Smith,TE,2020,MIN,13,0,0,0,0,0,0,0,0,0,43,30,365,5,1,0,0,0,0,0,0.088659793814433,0.08432854009261516,0.19201966878648008,68.5,98.5,98.5
00-0034972,Alexander Mattison,RB,2020,MIN,13,0,0,0,0,0,96,434,2,0,15,13,125,1,0,0,0,0,0,0,0.030927835051546393,0.009992688276870583,0.053386634371129,73.9,86.9,86.9
00-0034975,Justice Hill,RB,2020,BAL,11,0,0,0,0,0,12,60,0,0,5,5,20,0,0,0,0,0,0,0,0.012755102040816327,-0.0019824412347776836,0.01774494419688011,8.0,13.0,13.0
00-0034981,Foster Moreau,TE,2020,LV,8,0,0,0,0,0,0,0,0,0,9,7,140,2,0,0,0,0,0,0,0.017208413001912046,0.024265360641139804,0.04279837195166593,26.0,33.0,33.0
00-0034983,Hunter Renfrow,WR,2020,LV,16,0,0,0,0,0,0,0,0,0,77,56,656,2,0,1,0,0,1,0,0.14722753346080306,0.1217720391807658,0.30608172761774066,75.60000000000001,131.60000000000002,131.60000000000002
00-0034988,Kaden Smith,TE,2020,NYG,15,0,0,0,0,0,0,0,0,0,21,18,112,0,0,0,0,0,0,0,0.042,0.010273114507642195,0.07019118015534953,11.200000000000001,29.200000000000003,29.200000000000003
00-0034995,Dexter Williams,RB,2020,GB,1,0,0,0,0,0,2,8,0,0,0,0,0,0,0,0,0,0,0,0,0.0,0.0,0.0,0.8,0.8,0.8
00-0035006,Bisi Johnson,WR,2020,MIN,9,0,0,0,0,0,0,0,0,0,19,14,189,0,1,0,0,0,0,0,0.03917525773195876,0.05240068242749208,0.0954433642971826,20.900000000000002,34.900000000000006,34.900000000000006
00-0035021,Ashton Dulin,WR,2020,IND,10,0,0,0,0,0,2,11,0,0,6,3,53,0,0,0,0,0,0,0,0.011214953271028037,0.007816439737771054,0.022293937722981792,6.4,9.4,9.4
00-0035022,Penny Hart,WR,2020,SEA,5,0,0,0,0,0,1,19,0,0,1,1,3,0,0,0,0,0,0,0,0.00186219739292365,-0.0002068680182043856,0.002648488476642405,2.2,3.2,3.2
00-0035039,Stephen Carlson,TE,2020,CLE,7,0,0,0,0,0,0,0,0,1,2,1,11,0,0,0,0,0,0,0,0.004282655246252677,0.0,0.006423982869379015,3.1,4.1,4.1
00-0035040,David Blough,QB,2020,DET,1,10,49,0,1,0,1,18,0,0,0,0,0,0,0,0,0,0,0,0,0.0,0.0,0.0,1.76,1.76,1.76
00-0035102,Brandon Dillon,TE,2020,MIN,1,0,0,0,0,0,0,0,0,0,1,1,6,0,0,0,0,0,0,0,0.002061855670103093,0.0012186205215695832,0.003945817870253348,0.6000000000000001,1.6,1.6
00-0035140,Mecole Hardman,WR,2020,KC,16,0,0,0,0,0,4,31,0,0,62,41,560,4,1,2,0,0,1,1,0.10147299509001637,0.12933568489124045,0.24274447205889282,89.1,130.1,130.1
00-0035146,Trace McSorley,QB,2020,BAL,2,10,90,1,0,0,5,17,0,0,0,0,0,0,0,0,0,0,0,0,0.0,0.0,0.0,9.3,9.3,9.3
00-0035148,Darwin Thompson,RB,2020,KC,5,0,0,0,0,0,27,97,1,0,11,7,65,1,0,1,0,1,0,0,0.01800327332242226,-0.005682931608857535,0.023026857857433115,26.2,33.2,33.2
00-0035181,Darrius Shepherd,WR,2020,GB,8,0,0,0,0,0,0,0,0,0,8,5,46,0,0,1,0,0,0,0,0.015968063872255488,0.02902055622732769,0.04426648516751261,4.6000000000000005,9.600000000000001,9.600000000000001
00-0035184,Devine Ozigbo,RB,2020,JAX,6,0,0,0,0,0,1,1,0,0,9,9,42,0,0,0,0,0,0,0,0.015384615384615385,0.0006175380815150268,0.023509199733983598,4.3,13.3,13.3
00-0035187,Austin Walter,RB,2020,SF,3,0,0,0,0,0,1,3,0,0,1,1,27,0,0,0,0,0,0,0,0.0018050541516245488,-0.0015860428231562252,0.0015973512512274658,3.0,4.0,4.0
00-0035208,Olamide Zaccheaus,WR,2020,ATL,10,0,0,0,0,0,1,0,0,0,32,20,274,1,0,0,0,0,0,0,0.05289256198347107,0.08122577072180173,0.1361968824804678,33.400000000000006,53.400000000000006,53.400000000000006
00-0035215,Deonte Harty,WR,2020,NO,9,0,0,0,0,0,6,51,0,0,25,20,186,1,0,1,0,0,0,0,0.04921259842519685,0.031029185867895544,0.09553932774532216,29.700000000000003,49.7,49.7
00-0035216,Diontae Johnson,WR,2020,PIT,15,0,0,0,0,0,3,15,0,0,144,88,923,7,0,1,0,0,0,0,0.22085889570552147,0.24479278505475627,0.5026432930966116,135.8,223.8,223.8
00-0035217,Benny Snell,RB,2020,PIT,15,0,0,0,0,0,111,368,4,0,14,10,61,0,0,1,0,1,0,0,0.02147239263803681,-0.005797723856560017,0.028150182257463206,64.9,74.9,74.9
00-0035228,Kyler Murray,QB,2020,ARI,16,558,3971,26,12,0,133,819,11,0,0,0,0,0,0,4,4,0,0,0,0.0,0.0,0.0,378.74,378.74,378.74
00-0035229,T.J. Hockenson,TE,2020,DET,16,0,0,0,0,0,1,0,0,0,101,67,723,6,1,1,0,1,0,0,0.1797153024911032,0.1425416583015459,0.3693521145477369,108.3,175.3,175.3
00-0035232,Dwayne Haskins,QB,2020,WAS,7,241,1439,5,7,0,20,46,1,0,0,0,0,0,0,3,3,0,0,0,0.0,0.0,0.0,68.16,68.16,68.16
00-0035243,Miles Sanders,RB,2020,PHI,12,0,0,0,0,0,164,867,6,2,52,28,197,0,0,2,0,2,0,0,0.09269162210338681,0.01773380623483293,0.15145109751946326,142.4,170.4,170.4
00-0035246,J.J. Arcega-Whiteside,WR,2020,PHI,5,0,0,0,0,0,0,0,0,0,8,4,85,0,1,0,0,0,0,0,0.0142602495543672,0.022587268993839837,0.03720146262723868,10.5,14.5,14.5
00-0035250,Devin Singletary,RB,2020,BUF,16,0,0,0,0,0,156,687,2,0,50,38,269,0,0,1,0,1,0,0,0.08741258741258741,0.009935710111046173,0.13807387819661343,105.60000000000001,143.60000000000002,143.60000000000002
00-0035259,Trevon Wesco,TE,2020,NYJ,3,0,0,0,0,0,1,0,0,0,2,1,5,0,0,0,0,0,0,0,0.004319654427645789,0.0016486104569006124,0.007633508961299111,0.5,1.5,1.5
00-0035261,Tony Pollard,RB,2020,DAL,16,0,0,0,0,0,101,435,4,0,40,28,193,1,0,0,0,0,0,0,0.06482982171799027,-0.0029417944946417314,0.09518547643073619,92.80000000000001,120.80000000000001,120.8
00-0035264,Jarrett Stidham,QB,2020,NE,5,44,256,2,3,0,7,7,0,0,0,0,0,0,0,0,0,0,0,0,0.0,0.0,0.0,12.940000000000001,12.940000000000001,12.940000000000001
00-0035273,Qadree Ollison,RB,2020,ATL,1,0,0,0,0,0,1,3,0,0,0,0,0,0,0,0,0,0,0,0,0.0,0.0,0.0,0.30000000000000004,0.30000000000000004,0.30000000000000004
00-0035282,Easton Stick,QB,2020,LAC,1,1,4,0,0,0,1,-2,0,0,0,0,0,0,0,0,0,0,0,0,0.0,0.0,0.0,-0.04000000000000001,-0.04000000000000001,-0.04000000000000001
00-0035287,KeeSean Johnson,WR,2020,ARI,8,0,0,0,0,0,0,0,0,0,23,15,173,0,0,0,0,0,0,0,0.04220183486238532,0.055865921787709494,0.10240889754497462,17.3,32.3,32.3
00-0035289,Gardner Minshew,QB,2020,JAX,9,327,2259,16,5,1,29,153,1,0,1,1,0,0,0,4,4,0,0,0,0.0017094017094017094,-0.0016467682173734047,0.001411364811941181,159.66000000000003,160.66000000000003,160.66000000000003
00-0035291,Trayveon Williams,RB,2020,CIN,6,0,0,0,0,0,26,157,0,0,5,5,30,0,0,1,0,1,0,0,0.0088339222614841,-0.0023270573302305903,0.011621943261064735,16.7,21.7,21.700000000000003
00-0035298,Scott Miller,WR,2020,TB,14,0,0,0,0,0,3,14,0,0,53,33,501,3,0,0,0,0,0,0,0.08745874587458746,0.14893617021276595,0.23544343796081735,69.5,102.5,102.5
00-0035304,Cullen Gillaspia,RB,2020,HOU,4,0,0,0,0,0,0,0,0,0,1,1,6,0,0,0,0,0,0,0,0.0019047619047619048,-0.0004109307581672488,0.002569491326425783,0.6000000000000001,1.6,1.6
00-0035311,Myles Gaskin,RB,2020,MIA,10,0,0,0,0,0,142,584,3,0,47,41,388,2,0,2,0,2,0,0,0.08592321755027423,0.0023408239700374533,0.13052340310443755,123.2,164.2,164.20000000000002
00-0035313,Terry Godwin,WR,2020,JAX,2,0,0,0,0,0,1,3,0,0,6,3,32,0,0,0,0,0,0,0,0.010256410256410256,0.01440922190201729,0.025471070716027486,3.5,6.5,6.5
00-0035320,Caleb Wilson,TE,2020,PHI,1,0,0,0,0,0,0,0,0,0,0,0,0,0,0,0,0,0,0,0,0.0,0.0,0.0,0.0,0.0,0.0
00-0035329,Donald Parham,TE,2020,LAC,11,0,0,0,0,0,0,0,0,0,20,10,159,3,0,0,0,0,0,0,0.03273322422258593,0.037091988130563795,0.07506422802527354,33.9,43.9,43.9
00-0035341,Trenton Irwin,WR,2020,CIN,1,0,0,0,0,0,0,0,0,0,2,1,5,0,0,0,0,0,0,0,0.0035335689045936395,0.0025386079966151893,0.007077378954521091,0.5,1.5,1.5
00-0035342,Patrick Laird,RB,2020,MIA,9,0,0,0,0,0,13,72,0,0,12,10,68,0,0,1,0,1,0,0,0.021937842778793418,0.007256554307116105,0.0379863521831714,12.0,22.0,22.0
00-0035350,Preston Williams,WR,2020,MIA,8,0,0,0,0,0,0,0,0,0,35,18,288,4,2,0,0,0,0,0,0.06398537477148081,0.11891385767790262,0.17921776253175303,56.8,74.8,74.8
00-0035399,Stanley Morgan,WR,2020,CIN,2,0,0,0,0,0,0,0,0,0,0,0,0,0,0,0,0,0,0,0,0.0,0.0,0.0,0.0,0.0,0.0
00-0035406,Lil'Jordan Humphrey,WR,2020,NO,2,0,0,0,0,0,0,0,0,0,5,3,46,1,0,0,0,0,0,0,0.00984251968503937,0.0162826420890937,0.026161628989924645,10.600000000000001,13.600000000000001,13.600000000000001
00-0035414,Jalen Guyton,WR,2020,LAC,16,0,0,0,0,0,2,0,0,0,55,28,511,3,0,0,0,0,0,0,0.09001636661211129,0.1896990250105977,0.26781386742558533,69.1,97.1,97.1
00-0035436,Matt Sokol,TE,2020,LAC,1,0,0,0,0,0,0,0,0,0,0,0,0,0,0,0,0,0,0,0,0.0,0.0,0.0,0.0,0.0,0.0
00-0035457,Tyron Johnson,WR,2020,LAC,11,0,0,0,0,0,3,17,0,0,26,20,398,3,0,0,0,0,0,0,0.0425531914893617,0.11318355235269181,0.14305827388092682,59.5,79.5,79.5
00-0035480,Malik Taylor,WR,2020,GB,10,0,0,0,0,0,1,9,0,0,6,5,66,1,0,0,0,0,0,0,0.011976047904191617,0.009673518742442563,0.02473553497599722,13.5,18.5,18.5
00-0035510,Jeff Smith,WR,2020,NYJ,9,0,0,0,0,0,0,0,0,0,37,17,167,0,0,0,0,0,0,0,0.07991360691144708,0.11022138483278379,0.19702537975011927,16.7,33.7,33.7
00-0035527,Andy Isabella,WR,2020,ARI,11,0,0,0,0,0,1,-6,0,0,35,21,224,2,0,0,0,0,0,0,0.06422018348623854,0.08804469273743017,0.1579615601455589,33.8,54.8,54.8
00-0035529,Hakeem Butler,WR,2020,PHI,1,0,0,0,0,0,0,0,0,0,1,0,0,0,0,0,0,0,0,0,0.0017825311942959,0.0005600149337315662,0.0030658072450559463,0.0,0.0,0.0
00-0035535,Darius Slayton,WR,2020,NYG,16,0,0,0,0,0,2,-1,0,0,96,50,751,3,0,1,0,0,1,0,0.192,0.3264845903282385,0.516539213229767,91.0,141.0,141.0
00-0035537,Ty Johnson,RB,2020,NYJ,11,0,0,0,0,0,54,254,1,0,21,16,99,1,0,0,0,0,0,0,0.037366548042704624,0.010640433647861875,0.06349812561756026,47.300000000000004,63.300000000000004,63.300000000000004
00-0035539,Isaac Nauta,TE,2020,DET,2,0,0,0,0,0,0,0,0,0,2,1,3,0,0,0,0,0,0,0,0.0035587188612099642,0.0006022886970487854,0.005759680379749096,0.30000000000000004,1.3,1.3
00-0035551,Tony Brooks-James,RB,2020,ATL,1,0,0,0,0,0,3,4,0,0,0,0,0,0,0,0,0,0,0,0,0.0,0.0,0.0,0.4,0.4,0.4
00-0035567,Craig Reynolds,RB,2020,JAX,1,0,0,0,0,0,1,4,0,0,1,1,3,0,0,0,0,0,0,0,0.0017094017094017094,0.0002058460271716756,0.002708194783122737,0.7000000000000001,1.7000000000000002,1.7000000000000002
00-0035590,Riley Ridley,WR,2020,CHI,2,0,0,0,0,0,0,0,0,0,4,4,39,0,0,0,0,0,0,0,0.006711409395973154,0.007392197125256674,0.015241652081639401,3.9000000000000004,7.9,7.9
00-0035592,Travis Fulgham,WR,2020,PHI,12,0,0,0,0,0,0,0,0,0,67,38,539,4,0,0,0,0,0,0,0.11942959001782531,0.14989733059548255,0.28407251644357573,77.9,115.9,115.9
00-0035594,Travis Homer,RB,2020,SEA,9,0,0,0,0,0,25,88,0,0,10,9,90,1,0,0,0,0,0,0,0.0186219739292365,0.0004137360364087712,0.02822257611934089,23.8,32.8,32.8
00-0035621,Nsimba Webster,WR,2020,LA,16,0,0,0,0,0,0,0,0,0,0,0,0,0,0,1,0,0,0,0,0.0,0.0,0.0,0.0,0.0,0.0
00-0035624,N'Keal Harry,TE,2020,NE,13,0,0,0,0,0,2,0,0,0,57,33,309,2,0,1,0,0,1,0,0.1357142857142857,0.15258764607679465,0.31038278082518483,40.900000000000006,73.9,73.9
00-0035628,D'Ernest Johnson,RB,2020,CLE,14,0,0,0,0,0,33,166,0,0,4,3,14,0,0,0,0,0,0,0,0.008565310492505354,0.0,0.01284796573875803,18.0,21.0,21.0
00-0035631,Drew Sample,TE,2020,CIN,16,0,0,0,0,0,0,0,0,0,53,40,349,1,0,1,0,0,1,0,0.09363957597173145,0.046964247937381,0.17333433751376387,38.9,78.9,78.9
00-0035639,Parris Campbell,WR,2020,IND,2,0,0,0,0,0,2,16,0,0,9,6,71,0,0,0,0,0,0,0,0.016822429906542057,0.02697932425617751,0.04411917183913734,8.700000000000001,14.700000000000001,14.700000000000001
00-0035640,DK Metcalf,WR,2020,SEA,16,0,0,0,0,0,0,0,0,0,129,83,1303,10,0,1,0,0,1,0,0.24022346368715083,0.36574265618535373,0.6163550548604738,188.3,271.3,271.3
00-0035644,Noah Fant,TE,2020,DEN,14,0,0,0,0,0,0,0,0,0,93,62,673,3,1,0,0,0,0,0,0.17448405253283303,0.12455232789494627,0.3489127083257119,87.3,149.3,149.3
00-0035645,Gunner Olszewski,WR,2020,NE,13,0,0,0,0,0,5,23,0,0,5,5,62,1,0,0,0,0,0,1,0.011904761904761904,0.009015025041736227,0.024167660386358213,20.5,25.5,25.5
00-0035652,Ryan Finley,QB,2020,CIN,4,32,164,1,2,0,11,66,1,0,0,0,0,0,0,0,0,0,0,0,0.0,0.0,0.0,19.16,19.16,19.16
00-0035657,Damien Harris,RB,2020,NE,10,0,0,0,0,0,137,691,2,0,7,5,52,0,0,0,0,0,0,0,0.016666666666666666,-0.001001669449081803,0.02429883138564274,86.3,91.3,91.30000000000001
00-0035659,Terry McLaurin,WR,2020,WAS,15,0,0,0,0,0,2,30,0,0,134,87,1118,4,0,1,0,0,1,0,0.2338568935427574,0.35030988951765024,0.5960022629764913,136.8,223.8,223.8
00-0035660,Kahale Warring,TE,2020,HOU,4,0,0,0,0,0,0,0,0,0,7,3,35,0,0,0,0,0,0,0,0.013333333333333334,0.011916991986850216,0.028341894390795153,3.5,6.5,6.5
00-0035662,Marquise Brown,WR,2020,BAL,16,0,0,0,0,0,1,1,0,0,100,58,769,8,0,0,0,0,0,0,0.25510204081632654,0.36561880487114135,0.6385862246342888,125.0,183.0,183.0
00-0035664,Darrell Henderson,RB,2020,LA,15,0,0,0,0,0,138,624,5,0,24,16,159,1,0,0,0,0,0,0,0.042704626334519574,0.004064008128016256,0.06690174519139074,114.30000000000001,130.3,130.3
00-0035671,Jace Sternberger,TE,2020,GB,8,0,0,0,0,0,0,0,0,0,15,12,114,1,0,0,0,0,0,0,0.029940119760479042,0.0249093107617896,0.06234669717397128,17.4,29.4,29.4
00-0035676,A.J. Brown,WR,2020,TEN,14,0,0,0,0,0,0,0,0,0,106,70,1075,11,0,1,0,0,1,1,0.2264957264957265,0.2833210150283321,0.5380683002634222,177.5,247.5,247.5
00-0035685,David Montgomery,RB,2020,CHI,15,0,0,0,0,0,247,1070,8,1,68,54,438,2,0,1,0,0,1,0,0.11409395973154363,0.013141683778234086,0.1803401182420793,210.8,264.8,264.8
00-0035689,Dawson Knox,TE,2020,BUF,11,0,0,0,0,0,0,0,0,0,44,24,288,3,0,2,0,0,2,0,0.07692307692307693,0.0701344243132671,0.16447871240390236,42.8,66.8,66.8
00-0035700,Josh Jacobs,RB,2020,LV,15,0,0,0,0,0,273,1065,12,0,45,33,238,0,0,2,0,2,0,0,0.08604206500956023,0.007346393588601959,0.1342055730263617,198.3,231.3,231.3
00-0035703,Miles Boykin,WR,2020,BAL,14,0,0,0,0,0,0,0,0,0,33,19,266,4,0,0,0,0,0,0,0.08418367346938775,0.10846785613140754,0.2022030094960669,50.6,69.6,69.6
00-0035704,Drew Lock,QB,2020,DEN,13,443,2933,16,15,1,44,160,3,0,0,0,0,0,0,3,3,0,0,0,0.0,0.0,0.0,181.32,181.32,181.32
00-0035710,Daniel Jones,QB,2020,NYG,14,448,2943,11,10,1,65,423,1,0,0,0,0,0,0,6,4,2,0,0,0.0,0.0,0.0,180.02,180.02,180.02
00-0035719,Deebo Samuel Sr.,WR,2020,SF,7,0,0,0,0,0,8,26,0,0,44,33,391,1,0,0,0,0,0,0,0.07942238267148015,0.02907745175786413,0.13948779023772512,47.7,80.7,80.7
00-0035726,Jakob Johnson,RB,2020,NE,8,0,0,0,0,0,0,0,0,0,9,8,35,1,0,0,0,0,0,0,0.02142857142857143,0.005008347245409015,0.03564870021464345,9.5,17.5,17.5
00-0035752,Chris Streveler,QB,2020,ARI,2,16,105,1,1,0,4,15,0,0,0,0,0,0,0,0,0,0,0,0,0.0,0.0,0.0,7.699999999999999,7.699999999999999,7.699999999999999
00-0035789,Chris Rowland,WR,2020,ATL,2,0,0,0,0,0,0,0,0,0,0,0,0,0,0,0,0,0,0,0,0.0,0.0,0.0,0.0,0.0,0.0
00-0035806,JaMycal Hasty,RB,2020,SF,6,0,0,0,0,0,39,148,1,0,8,7,33,0,0,0,0,0,0,0,0.01444043321299639,-0.0050224689399947136,0.018144921561498287,24.1,31.1,31.1
00-0035823,Ben Ellefson,TE,2020,JAX,3,0,0,0,0,0,0,0,0,0,4,1,10,0,1,0,0,0,0,0,0.006837606837606838,0.009263071222725402,0.01674056011231804,3.0,4.0,4.0
00-0035831,James Robinson,RB,2020,JAX,14,0,0,0,0,0,240,1070,7,1,60,49,344,3,0,1,1,0,0,0,0.10256410256410256,-0.010086455331412104,0.14678563511416537,201.4,250.4,250.4
00-0035835,Nathan Cottrell,RB,2020,JAX,7,0,0,0,0,0,0,0,0,0,0,0,0,0,0,0,0,0,0,0,0.0,0.0,0.0,0.0,0.0,0.0
00-0035838,Matt Cole,WR,2020,SF,1,0,0,0,0,0,0,0,0,0,0,0,0,0,0,0,0,0,0,0,0.0,0.0,0.0,0.0,0.0,0.0
00-0035848,De'Michael Harris,WR,2020,IND,6,0,0,0,0,0,6,46,0,0,10,10,79,0,0,0,0,0,0,0,0.018691588785046728,0.004034291477559254,0.030861387211861567,12.5,22.5,22.5
00-0035860,Tony Jones,RB,2020,NO,1,0,0,0,0,0,3,13,0,0,0,0,0,0,0,0,0,0,0,0,0.0,0.0,0.0,1.3,1.3,1.3
00-0035864,Kendall Hinton,WR,2020,DEN,1,9,13,0,2,0,2,7,0,0,0,0,0,0,0,0,0,0,0,0,0.0,0.0,0.0,-2.78,-2.78,-2.78
00-0035869,Austin Mack,WR,2020,NYG,5,0,0,0,0,0,0,0,0,0,11,7,91,0,0,0,0,0,0,0,0.022,0.02280130293159609,0.048960912052117264,9.1,16.1,16.1
00-0035912,Levante Bellamy,RB,2020,DEN,4,0,0,0,0,0,4,11,0,0,1,1,5,0,0,0,0,0,0,0,0.001876172607879925,0.0,0.0028142589118198874,1.6,2.6,2.6
00-0035924,Jonathan Ward,RB,2020,ARI,7,0,0,0,0,0,0,0,0,0,1,1,11,1,0,0,0,0,0,0,0.001834862385321101,-0.000893854748603352,0.002126595253959305,7.1,8.1,8.1
00-0035957,Rodney Smith,RB,2020,CAR,7,0,0,0,0,0,41,156,1,0,11,9,59,0,0,0,0,0,0,0,0.020872865275142316,0.003889158969372873,0.03403170919127448,27.5,36.5,36.5
00-0035976,Dan Chisena,WR,2020,MIN,7,0,0,0,0,0,0,0,0,0,0,0,0,0,0,0,0,0,0,0,0.0,0.0,0.0,0.0,0.0,0.0
00-0035993,Tyler Huntley,QB,2020,BAL,2,5,15,0,0,0,10,23,0,0,0,0,0,0,0,0,0,0,0,0,0.0,0.0,0.0,2.9000000000000004,2.9000000000000004,2.9000000000000004
00-0036000,Adrian Killins Jr.,RB,2020,PHI,1,0,0,0,0,0,1,-12,0,0,1,1,2,0,0,0,0,0,0,0,0.0017825311942959,-0.0007466865783087549,0.0021511161866277217,-1.0,0.0,-2.220446049250313e-16
00-0036005,Noah Togiai,TE,2020,IND,1,0,0,0,0,0,0,0,0,0,1,0,0,0,0,0,0,0,0,0,0.001869158878504673,0.0007564296520423601,0.0033332390741866616,0.0,0.0,0.0
00-0036008,Hunter Bryant,TE,2020,DET,3,0,0,0,0,0,0,0,0,0,3,1,44,0,0,0,0,0,0,0,0.005338078291814947,0.01345111423408954,0.017422897401585098,4.4,5.4,5.4
00-0036020,Salvon Ahmed,RB,2020,MIA,6,0,0,0,0,0,75,319,3,0,14,11,61,0,1,0,0,0,0,0,0.025594149908592323,-0.0016385767790262173,0.037244221117570135,58.0,69.0,69.0
00-0036032,Sean McKeon,TE,2020,DAL,1,0,0,0,0,0,0,0,0,0,0,0,0,0,0,0,0,0,0,0,0.0,0.0,0.0,0.0,0.0,0.0
00-0036033,Sewo Olonilua,RB,2020,DAL,1,0,0,0,0,0,0,0,0,0,0,0,0,0,0,0,0,0,0,0,0.0,0.0,0.0,0.0,0.0,0.0
00-0036040,Juwan Johnson,TE,2020,NO,5,0,0,0,0,0,0,0,0,0,10,4,39,0,0,0,0,0,0,0,0.01968503937007874,0.022427035330261136,0.045226483786300904,3.9000000000000004,7.9,7.9
00-0036069,Scottie Phillips,RB,2020,HOU,1,0,0,0,0,0,2,9,0,0,1,1,7,0,0,0,0,0,0,0,0.0019047619047619048,0.0006163961372508733,0.003288620153218468,1.6,2.6,2.6
00-0036078,Xavier Jones,RB,2020,LA,5,0,0,0,0,0,0,0,0,0,0,0,0,0,0,0,0,0,0,0,0.0,0.0,0.0,0.0,0.0,0.0
00-0036096,J.J. Taylor,RB,2020,NE,6,0,0,0,0,0,23,110,0,0,2,1,4,0,0,0,0,0,0,0,0.004761904761904762,-0.002337228714524207,0.0055067970426901985,11.4,12.4,12.4
00-0036100,Isaiah Zuber,WR,2020,NE,4,0,0,0,0,0,2,21,0,0,2,2,29,0,0,0,0,0,0,0,0.004761904761904762,-0.000333889816360601,0.006909134271404722,5.0,7.0,7.0
00-0036110,Ja'Marcus Bradley,WR,2020,CLE,1,0,0,0,0,0,0,0,0,0,11,5,60,0,0,0,0,0,0,0,0.023554603854389723,0.029738022185508615,0.056148521311440616,6.0,11.0,11.0
00-0036133,James Proche,WR,2020,BAL,13,0,0,0,0,0,0,0,0,0,3,1,14,0,0,0,0,0,0,0,0.007653061224489796,0.0033984706881903144,0.013858521318467912,1.4000000000000001,2.4000000000000004,2.4000000000000004
00-0036139,Rico Dowdle,RB,2020,DAL,5,0,0,0,0,0,7,24,0,0,0,0,0,0,0,0,0,0,0,0,0.0,0.0,0.0,2.4000000000000004,2.4000000000000004,2.4000000000000004
00-0036142,Isaiah Wright,WR,2020,WAS,11,1,0,0,0,0,3,16,0,0,35,27,197,0,0,1,0,0,0,0,0.06108202443280977,0.03664780382646187,0.11727649932773797,21.3,48.3,48.300000000000004
00-0036145,Lawrence Cager,TE,2020,NYJ,2,0,0,0,0,0,0,0,0,0,6,2,35,0,0,0,0,0,0,0,0.012958963282937365,0.019783325482807347,0.033286772762371186,3.5,5.5,5.5
00-0036158,J.K. Dobbins,RB,2020,BAL,15,0,0,0,0,0,134,805,9,1,24,18,120,0,1,0,0,0,0,0,0.061224489795918366,0.0,0.09183673469387754,150.5,168.5,168.5
00-0036182,Nick Westbrook-Ikhine,WR,2020,TEN,9,0,0,0,0,0,0,0,0,0,8,3,33,0,1,0,0,0,0,0,0.017094017094017096,0.020202020202020204,0.03978243978243978,5.300000000000001,8.3,8.3
00-0036187,Reggie Gilliam,RB,2020,BUF,4,0,0,0,0,0,0,0,0,0,2,2,16,1,0,0,0,0,0,0,0.0034965034965034965,0.0015585427625170465,0.006335735178517177,7.6,9.6,9.6
00-0036188,Antonio Williams,RB,2020,BUF,1,0,0,0,0,0,12,63,2,0,1,1,20,0,0,0,0,0,0,0,0.0017482517482517483,0.0007792713812585232,0.0031678675892585885,20.3,21.3,21.3
00-0036194,Devin Asiasi,TE,2020,NE,4,0,0,0,0,0,0,0,0,0,7,2,39,1,0,0,0,0,0,0,0.016666666666666666,0.022370617696160267,0.04065943238731219,9.9,11.9,11.9
00-0036196,Gabe Davis,WR,2020,BUF,16,0,0,0,0,0,1,0,0,0,62,35,599,7,0,0,0,0,0,0,0.10839160839160839,0.18410286382232613,0.29145941726304087,101.9,136.9,136.9
00-0036208,Artavis Pierce,RB,2020,CHI,4,0,0,0,0,0,6,34,1,0,0,0,0,0,0,0,0,0,0,0,0.0,0.0,0.0,9.4,9.4,9.4
00-0036212,Tua Tagovailoa,QB,2020,MIA,10,290,1814,11,5,1,36,109,3,0,0,0,0,0,0,1,1,0,0,0,0.0,0.0,0.0,135.46,135.46,135.46
00-0036219,Marquez Callaway,WR,2020,NO,9,0,0,0,0,0,0,0,0,0,27,21,213,0,0,0,0,0,0,0,0.0531496062992126,0.06943164362519201,0.12832655998645331,21.3,42.3,42.3
00-0036223,Jonathan Taylor,RB,2020,IND,15,0,0,0,0,0,232,1169,11,0,39,36,299,1,0,1,0,1,0,0,0.07289719626168224,-0.011094301563287948,0.1015797832982218,216.8,252.8,252.8
00-0036225,Dalton Keene,TE,2020,NE,3,0,0,0,0,0,0,0,0,0,5,3,16,0,0,0,0,0,0,0,0.011904761904761904,0.014691151919866445,0.028140949201049367,1.6,4.6,4.6
00-0036232,Harrison Bryant,TE,2020,CLE,12,0,0,0,0,0,0,0,0,0,38,24,238,3,0,2,0,0,2,0,0.08137044967880086,0.06938871843285344,0.1706277774211987,37.8,61.8,61.8
00-0036233,Donovan Peoples-Jones,WR,2020,CLE,12,0,0,0,0,0,0,0,0,0,20,14,304,2,1,0,0,0,0,0,0.042826552462526764,0.08118952088742035,0.12107249331498439,44.400000000000006,58.400000000000006,58.400000000000006
00-0036244,Colby Parkinson,TE,2020,SEA,1,0,0,0,0,0,0,0,0,0,2,2,16,0,0,0,0,0,0,0,0.0037243947858473,0.0022755482002482417,0.007179475918944719,1.6,3.6,3.6
00-0036245,Malcolm Perry,RB,2020,MIA,9,0,0,0,0,0,3,5,0,0,13,9,92,1,0,0,0,0,0,0,0.02376599634369287,0.026685393258426966,0.054328769796438185,15.700000000000001,24.700000000000003,24.700000000000003
00-0036247,Freddie Swain,WR,2020,SEA,13,0,0,0,0,0,0,0,0,0,21,13,159,2,0,0,0,0,0,0,0.03910614525139665,0.04654530409598676,0.09124093074428571,27.9,40.9,40.9
00-0036250,Tyler Davis,TE,2020,JAX,1,0,0,0,0,0,0,0,0,0,2,0,0,0,0,0,0,0,0,0,0.003418803418803419,0.005557842733635241,0.009018695041749797,0.0,0.0,0.0
00-0036251,Zack Moss,RB,2020,BUF,13,0,0,0,0,0,112,481,4,0,18,14,95,1,0,0,0,0,0,0,0.03146853146853147,0.006234171050068186,0.05156671693784494,87.6,101.6,101.6
00-0036252,Michael Pittman,WR,2020,IND,13,0,0,0,0,0,3,26,0,0,61,40,503,1,0,0,0,0,0,0,0.11401869158878504,0.12859304084720122,0.2610431659762184,58.900000000000006,98.9,98.9
00-0036254,Collin Johnson,WR,2020,JAX,11,0,0,0,0,0,0,0,0,0,31,18,272,2,1,0,0,0,0,0,0.05299145299145299,0.07719226018937834,0.13352176161974433,41.2,59.2,59.2
00-0036255,Denzel Mims,WR,2020,NYJ,9,0,0,0,0,0,0,0,0,0,44,23,357,0,1,0,0,0,0,0,0.09503239740820735,0.15897315120113048,0.25382980195310234,37.7,60.7,60.7
00-0036261,Brandon Aiyuk,WR,2020,SF,12,0,0,0,0,0,6,77,2,0,96,60,748,5,0,0,0,0,0,0,0.17328519855595667,0.23843510441448587,0.4268323709240751,124.5,184.5,184.5
00-0036265,AJ Dillon,RB,2020,GB,9,0,0,0,0,0,46,242,2,0,2,2,21,0,0,0,0,0,0,0,0.003992015968063872,0.0012091898428053204,0.006834456842059532,38.3,40.3,40.300000000000004
00-0036268,Laviska Shenault Jr.,WR,2020,JAX,14,0,0,0,0,0,18,91,0,0,79,58,600,5,0,0,0,0,0,0,0.13504273504273503,0.10148209139563606,0.27360156654104784,99.10000000000001,157.10000000000002,157.1
00-0036269,La'Mical Perine,RB,2020,NYJ,10,0,0,0,0,0,64,232,2,0,15,11,63,0,0,0,0,0,0,0,0.032397408207343416,0.006123410268487989,0.05288249949895672,41.5,52.5,52.5
00-0036271,Quez Watkins,WR,2020,PHI,4,0,0,0,0,0,0,0,0,0,13,7,106,1,0,0,0,0,0,0,0.023172905525846704,0.022960612282994213,0.050831786886866,16.6,23.6,23.6
00-0036275,D'Andre Swift,RB,2020,DET,13,0,0,0,0,0,114,521,8,0,57,46,357,2,0,2,0,2,0,0,0.10142348754448399,0.01003814495081309,0.15916193278229515,143.8,189.8,189.8
00-0036277,Quintez Cephus,WR,2020,DET,12,0,0,0,0,0,0,0,0,0,35,20,349,2,0,0,0,0,0,0,0.06227758007117438,0.10218831559927725,0.16494819102625563,46.9,66.9,66.9
00-0036278,Jason Huntley,RB,2020,PHI,4,0,0,0,0,0,5,19,0,0,2,1,0,0,0,0,0,0,0,0,0.0035650623885918,-0.00018667164457718873,0.005216923431683668,1.9000000000000001,2.9000000000000004,2.9000000000000004
00-0036290,Cole Kmet,TE,2020,CHI,15,0,0,0,0,0,1,-3,0,0,44,28,243,2,0,1,0,0,1,0,0.0738255033557047,0.05913757700205339,0.15213455893499442,34.0,62.0,62.0
00-0036297,Darrynton Evans,RB,2020,TEN,5,0,0,0,0,0,14,54,0,0,4,2,27,1,0,0,0,0,0,0,0.008547008547008548,-0.0004927322000492732,0.012475600280478331,14.1,16.1,16.1
00-0036309,Darnell Mooney,WR,2020,CHI,16,0,0,0,0,0,4,20,0,0,98,61,631,4,1,0,0,0,0,0,0.1644295302013423,0.23162217659137577,0.4087798189159765,91.10000000000001,152.10000000000002,152.1
00-0036312,Jake Luton,QB,2020,JAX,3,110,624,2,6,0,1,13,1,0,0,0,0,0,0,0,0,0,0,0,0.0,0.0,0.0,28.26,28.26,28.26
00-0036322,Justin Jefferson,WR,2020,MIN,16,0,0,0,0,0,1,2,0,0,125,88,1400,7,2,0,0,0,0,0,0.25773195876288657,0.3485254691689008,0.6305657665625604,186.20000000000002,274.20000000000005,274.2
00-0036326,Chase Claypool,WR,2020,PIT,16,0,0,0,0,0,10,16,2,0,109,62,873,9,0,1,0,0,1,0,0.16717791411042945,0.3087824779901224,0.4669146057587298,152.9,214.9,214.9
00-0036328,Antonio Gibson,RB,2020,WAS,14,0,0,0,0,0,170,795,11,0,44,36,247,0,0,2,0,0,2,0,0.07678883071553229,-0.009700889248181084,0.10839262359957168,166.2,202.2,202.2
00-0036331,Devin Duvernay,WR,2020,BAL,15,0,0,0,0,0,4,70,0,0,26,20,201,0,0,0,0,0,0,1,0.0663265306122449,0.04559614839988672,0.13140709979828805,33.1,53.1,53.1
00-0036332,Josiah Deguara,TE,2020,GB,1,0,0,0,0,0,0,0,0,0,2,1,12,0,0,0,0,0,0,0,0.003992015968063872,0.005804111245465538,0.010050901823921685,1.2000000000000002,2.2,2.2
00-0036336,Anthony McFarland,RB,2020,PIT,11,0,0,0,0,0,33,113,0,0,9,6,54,0,0,0,0,0,0,0,0.013803680981595092,0.004938801803736311,0.024162682735008052,16.7,22.7,22.700000000000003
00-0036340,Antonio Gandy-Golden,WR,2020,WAS,4,0,0,0,0,0,1,22,0,0,7,1,3,0,0,0,0,0,0,0,0.012216404886561954,0.021288062516841823,0.03322625109163221,2.5,3.5,3.5
00-0036345,K.J. Osborn,WR,2020,MIN,8,0,0,0,0,0,0,0,0,0,0,0,0,0,0,0,0,0,0,0,0.0,0.0,0.0,0.0,0.0,0.0
00-0036355,Justin Herbert,QB,2020,LAC,15,595,4336,31,10,2,55,234,5,0,0,0,0,0,0,1,1,0,0,0,0.0,0.0,0.0,332.84,332.84,332.84
00-0036357,Henry Ruggs III,WR,2020,LV,13,0,0,0,0,0,9,49,0,0,43,26,452,2,0,2,0,1,1,0,0.08221797323135756,0.16651825467497774,0.23988973811952075,58.1,84.1,84.1
00-0036358,CeeDee Lamb,WR,2020,DAL,16,0,0,0,0,0,10,82,1,1,111,74,935,5,0,1,0,0,1,1,0.17990275526742303,0.21664215171254464,0.42150363909991573,143.7,217.7,217.7
00-0036360,Clyde Edwards-Helaire,RB,2020,KC,13,0,0,0,0,0,181,803,4,0,54,36,297,1,0,0,0,0,0,0,0.088379705400982,0.006466784244562022,0.13709630707266643,140.0,176.0,176.0
00-0036364,Lynn Bowden,WR,2020,MIA,9,2,32,0,0,0,9,32,0,0,37,28,211,0,0,0,0,0,0,0,0.06764168190127971,0.043305243445692886,0.13177619326390458,25.580000000000002,53.58,53.58
00-0036365,Bryan Edwards,WR,2020,LV,9,0,0,0,0,0,0,0,0,0,15,11,193,1,0,0,0,0,0,0,0.028680688336520075,0.02827248441674087,0.06281177159649873,25.3,36.3,36.3
00-0036370,Joshua Kelley,RB,2020,LAC,13,0,0,0,0,0,111,354,2,0,23,23,148,0,0,2,0,2,0,0,0.03764320785597381,-0.0052988554472234,0.052755612970904336,58.2,81.2,81.2
00-0036377,Joe Reed,WR,2020,LAC,10,0,0,0,0,0,5,29,1,0,1,0,0,0,0,0,0,0,0,0,0.0016366612111292963,-0.0019075879610004239,0.0011196802439936478,8.9,8.9,8.9
00-0036382,K.J. Hill,WR,2020,LAC,12,0,0,0,0,0,0,0,0,0,11,7,73,0,0,1,0,0,0,0,0.01800327332242226,0.016744383213225942,0.03872597823289155,7.300000000000001,14.3,14.3
00-0036384,Ben DiNucci,QB,2020,DAL,2,43,219,0,0,0,6,22,0,0,0,0,0,0,0,2,2,0,0,0,0.0,0.0,0.0,6.960000000000001,6.960000000000001,6.960000000000001
00-0036387,Jalen Reagor,WR,2020,PHI,11,0,0,0,0,0,4,26,0,0,54,31,396,1,1,0,0,0,0,1,0.0962566844919786,0.13160350942691806,0.23650748333681054,56.2,87.2,87.2
00-0036389,Jalen Hurts,QB,2020,PHI,14,148,1061,6,4,0,63,354,3,0,1,1,3,0,0,2,0,2,0,0,0.0017825311942959,-0.0011200298674631324,0.0018897758842196574,108.14,109.14,109.14
00-0036398,John Hightower,WR,2020,PHI,10,0,0,0,0,0,1,1,0,0,29,10,167,0,1,0,0,0,0,0,0.05169340463458111,0.12226992719805861,0.1631290559905127,18.8,28.8,28.8
00-0036407,Jerry Jeudy,WR,2020,DEN,16,0,0,0,0,0,0,0,0,0,113,52,856,3,1,0,0,0,0,0,0.21200750469043153,0.30421806605650614,0.5309639032752016,105.60000000000001,157.60000000000002,157.60000000000002
00-0036410,Tee Higgins,WR,2020,CIN,15,0,0,0,0,0,5,28,0,0,108,67,908,6,0,1,0,0,1,0,0.19081272084805653,0.2625343769832875,0.46999314516038604,127.60000000000002,194.60000000000002,194.60000000000002
00-0036412,KJ Hamler,WR,2020,DEN,12,0,0,0,0,0,9,40,0,0,56,30,381,3,0,0,0,0,0,0,0.1050656660412758,0.11838440111420613,0.240467579841858,60.1,90.1,90.1
00-0036414,Cam Akers,RB,2020,LA,11,0,0,0,0,0,145,625,2,0,14,11,123,1,0,1,0,1,0,0,0.02491103202846975,0.014986029972059944,0.04785676902314658,90.8,101.8,101.8
00-0036415,Van Jefferson,WR,2020,LA,14,0,0,0,0,0,1,-1,0,0,31,19,220,1,0,0,0,0,0,0,0.05516014234875445,0.08915417830835662,0.14514813833898133,27.900000000000002,46.900000000000006,46.9
00-0036422,Adam Trautman,TE,2020,NO,10,0,0,0,0,0,0,0,0,0,16,15,171,1,0,0,0,0,0,0,0.031496062992125984,0.01966205837173579,0.06100753534840403,23.1,38.1,38.1
00-0036423,Albert Okwuegbunam,TE,2020,DEN,4,0,0,0,0,0,0,0,0,0,15,11,121,1,0,0,0,0,0,0,0.028142589118198873,0.023079984082769598,0.058369872535237025,18.1,29.1,29.1
00-0036425,DeeJay Dallas,RB,2020,SEA,9,0,0,0,0,0,34,108,2,0,20,17,111,1,0,0,0,0,0,0,0.037243947858473,0.0004137360364087712,0.05615553701319564,39.900000000000006,56.900000000000006,56.900000000000006
00-0036427,Tyler Johnson,WR,2020,TB,10,0,0,0,0,0,0,0,0,0,17,12,169,2,0,0,0,0,0,0,0.028052805280528052,0.0299645390070922,0.06305438522575661,28.900000000000002,40.900000000000006,40.900000000000006
00-0036429,Charlie Woerner,TE,2020,SF,4,0,0,0,0,0,0,0,0,0,4,3,36,0,0,0,0,0,0,0,0.007220216606498195,0.0026434047052603755,0.012680708203429557,3.6,6.6,6.6
00-0036433,Tommy Stevens,QB,2020,CAR,1,0,0,0,0,0,4,24,0,0,0,0,0,0,0,0,0,0,0,0,0.0,0.0,0.0,2.4000000000000004,2.4000000000000004,2.4000000000000004
00-0036435,Raymond Calais,RB,2020,LA,4,0,0,0,0,0,0,0,0,0,0,0,0,0,0,0,0,0,0,0,0.0,0.0,0.0,0.0,0.0,0.0
00-0036438,Stephen Sullivan,TE,2020,SEA,1,0,0,0,0,0,0,0,0,0,0,0,0,0,0,0,0,0,0,0,0.0,0.0,0.0,0.0,0.0,0.0
00-0036439,Tyrie Cleveland,WR,2020,DEN,7,0,0,0,0,0,0,0,0,0,9,6,63,0,0,0,0,0,0,0,0.016885553470919325,0.015718265021886193,0.03633111572169932,6.300000000000001,12.3,12.3
00-0036442,Joe Burrow,QB,2020,CIN,10,404,2688,13,5,0,37,142,3,0,0,0,0,0,0,4,3,1,0,0,0.0,0.0,0.0,173.71999999999997,173.71999999999997,173.71999999999997
00-0036450,Ke'Shawn Vaughn,RB,2020,TB,6,0,0,0,0,0,26,109,0,0,10,5,34,1,0,1,0,0,1,0,0.0165016501650165,0.00425531914893617,0.02773119865178007,18.3,23.3,23.3
00-0036456,Dominique Dafney,TE,2020,GB,2,0,0,0,0,0,0,0,0,0,2,2,26,1,0,0,0,0,0,0,0.003992015968063872,0.0038694074969770256,0.008696609199979725,8.6,10.6,10.6
00-0019596,Tom Brady,QB,2021,TB,17,719,5316,43,12,0,28,81,2,0,0,0,0,0,0,3,2,1,0,0,0.0,0.0,0.0,374.74,374.74,374.74
00-0022924,Ben Roethlisberger,QB,2021,PIT,16,605,3740,22,10,2,20,5,1,0,0,0,0,0,0,5,5,0,0,0,0.0,0.0,0.0,218.1,218.1,218.1
00-0023459,Aaron Rodgers,QB,2021,GB,16,531,4115,37,4,0,33,101,3,0,1,1,-4,0,0,0,0,0,0,0,0.0017543859649122807,-0.0008737439930100481,0.002019958152261387,332.3,333.3,333.30000000000007
00-0023682,Ryan Fitzpatrick,QB,2021,WAS,1,6,13,0,0,0,1,2,0,0,0,0,0,0,0,0,0,0,0,0,0.0,0.0,0.0,0.72,0.72,0.72
00-0024243,Marcedes Lewis,TE,2021,GB,13,0,0,0,0,0,0,0,0,0,28,23,214,0,0,0,0,0,0,0,0.04912280701754386,0.022498907820008737,0.08943344600032191,21.400000000000002,44.400000000000006,44.400000000000006
00-0025394,Adrian Peterson,RB,2021,SEA,4,0,0,0,0,0,38,98,2,0,4,4,8,0,0,0,0,0,0,0,0.007662835249042145,-0.0027465667915106116,0.00957165611950579,22.6,26.6,26.6
00-0026035,Danny Amendola,WR,2021,HOU,8,1,0,0,0,0,0,0,0,0,38,24,248,3,1,0,0,0,0,0,0.07265774378585087,0.08031023267450588,0.1652037785509304,44.8,68.8,68.8
00-0026143,Matt Ryan,QB,2021,ATL,17,560,3968,20,12,0,40,82,1,1,0,0,0,0,0,4,3,1,0,0,0.0,0.0,0.0,222.92,222.92,222.92
00-0026158,Joe Flacco,QB,2021,NYJ,2,42,338,3,0,0,2,3,0,0,0,0,0,0,0,1,1,0,0,0,0.0,0.0,0.0,23.82,23.82,23.82
00-0026189,DeSean Jackson,WR,2021,LV,14,0,0,0,0,0,1,4,0,0,34,20,454,2,0,1,0,0,1,0,0.05647840531561462,0.12602259446825087,0.17293342410119752,55.800000000000004,75.80000000000001,75.80000000000001
00-0026197,Chad Henne,QB,2021,KC,4,16,82,0,0,0,8,0,0,0,0,0,0,0,0,0,0,0,0,0,0.0,0.0,0.0,3.2800000000000002,3.2800000000000002,3.2800000000000002
00-0026293,Matthew Slater,WR,2021,NE,10,0,0,0,0,0,0,0,0,0,0,0,0,0,0,0,0,0,0,0,0.0,0.0,0.0,0.0,0.0,0.0
00-0026300,Josh Johnson,QB,2021,BAL,4,85,638,5,2,0,9,28,0,1,0,0,0,0,0,0,0,0,0,0,0.0,0.0,0.0,46.31999999999999,46.31999999999999,46.31999999999999
00-0026498,Matthew Stafford,QB,2021,LA,17,601,4886,41,17,2,32,43,0,0,0,0,0,0,0,2,2,0,0,0,0.0,0.0,0.0,329.74,329.74,329.74
00-0026544,Chase Daniel,QB,2021,LAC,1,0,0,0,0,0,2,-2,0,0,0,0,0,0,0,0,0,0,0,0,0.0,0.0,0.0,-0.2,-0.2,-0.2
00-0026625,Brian Hoyer,QB,2021,NE,5,11,227,1,0,0,11,-8,0,0,0,0,0,0,0,0,0,0,0,0,0.0,0.0,0.0,12.28,12.28,12.28
00-0027061,Jared Cook,TE,2021,LAC,16,0,0,0,0,0,0,0,0,0,83,48,564,4,2,0,0,0,0,0,0.125948406676783,0.13478945297127115,0.2832752270950643,84.4,132.4,132.4
00-0027656,Rob Gronkowski,TE,2021,TB,12,0,0,0,0,0,0,0,0,0,89,55,802,6,0,0,0,0,0,0,0.12430167597765363,0.1521886664404479,0.292984580474794,116.2,171.2,171.2
00-0027685,Emmanuel Sanders,WR,2021,BUF,14,0,0,0,0,0,2,31,0,0,72,42,626,4,0,0,0,0,0,0,0.11556982343499198,0.20112044817927172,0.31413904887797817,89.7,131.7,131.7
00-0027688,Colt McCoy,QB,2021,ARI,7,99,740,3,1,0,22,37,0,0,0,0,0,0,0,1,1,0,0,0,0.0,0.0,0.0,41.300000000000004,41.300000000000004,41.300000000000004
00-0027691,Andre Roberts,WR,2021,LAC,16,0,0,0,0,0,3,19,0,0,2,1,35,0,0,2,0,0,0,1,0.0038240917782026767,0.00725544158118589,0.010814946774134138,11.4,12.4,12.4
00-0027696,Jimmy Graham,TE,2021,CHI,11,0,0,0,0,0,0,0,0,0,23,14,167,3,1,0,0,0,0,0,0.04389312977099236,0.040934371523915464,0.09449375472322938,36.7,50.7,50.7
00-0027793,Antonio Brown,WR,2021,TB,7,0,0,0,0,0,1,6,0,0,62,42,545,4,0,0,0,0,0,0,0.08659217877094973,0.12453342382083475,0.21706166483100892,79.1,121.1,121.1
00-0027939,Cam Newton,QB,2021,CAR,7,126,684,4,5,1,47,230,5,0,0,0,0,0,0,1,0,1,0,0,0.0,0.0,0.0,86.36,86.36,86.36
00-0027942,A.J. Green,WR,2021,ARI,16,0,0,0,0,0,0,0,0,0,92,54,848,3,0,0,0,0,0,0,0.16140350877192983,0.2506214689265537,0.4175402914064823,102.80000000000001,156.8,156.8
00-0027944,Julio Jones,WR,2021,TEN,10,0,0,0,0,0,0,0,0,0,48,31,434,1,0,0,0,0,0,0,0.09195402298850575,0.1445692883895131,0.23912953635541778,49.400000000000006,80.4,80.4
00-0027948,Blaine Gabbert,QB,2021,TB,6,11,67,0,0,0,9,-7,0,0,0,0,0,0,0,0,0,0,0,0,0.0,0.0,0.0,1.98,1.98,1.98
00-0027966,Mark Ingram,RB,2021,NO,14,0,0,0,0,0,160,554,2,0,35,27,162,0,0,1,0,1,0,0,0.06692160611854685,-0.0002501876407305479,0.10020727782930888,81.60000000000001,108.60000000000001,108.60000000000001
00-0027973,Andy Dalton,QB,2021,CHI,8,236,1515,8,9,2,16,76,0,0,0,0,0,0,0,1,1,0,0,0,0.0,0.0,0.0,84.19999999999999,84.19999999999999,84.19999999999999
00-0027981,Kyle Rudolph,TE,2021,NYG,15,0,0,0,0,0,0,0,0,0,39,26,257,1,1,0,0,0,0,0,0.06914893617021277,0.0550080220032088,0.1422290196575653,33.7,59.7,59.7
00-0028002,Randall Cobb,WR,2021,GB,11,0,0,0,0,0,1,1,0,0,39,28,375,5,0,1,0,0,0,0,0.06842105263157895,0.06705985146352118,0.14957347497183326,67.6,95.6,95.6
00-0028042,Luke Stocker,TE,2021,MIN,6,0,0,0,0,0,0,0,0,0,2,2,12,0,0,0,0,0,0,0,0.0034602076124567475,0.0012391573729863693,0.006057721579775579,1.2000000000000002,3.2,3.2
00-0028063,Taiwan Jones,RB,2021,BUF,7,0,0,0,0,0,0,0,0,0,0,0,0,0,0,0,0,0,0,0,0.0,0.0,0.0,0.0,0.0,0.0
00-0028097,Lee Smith,TE,2021,ATL,10,0,0,0,0,0,0,0,0,0,11,9,65,1,0,0,0,0,0,0,0.019855595667870037,0.009172097513878832,0.03620386176152024,12.5,21.5,21.5
00-0028118,Tyrod Taylor,QB,2021,HOU,6,150,966,5,5,0,19,151,3,0,0,0,0,0,0,0,0,0,0,0,0.0,0.0,0.0,81.74000000000001,81.74000000000001,81.74000000000001
00-0028237,Chris Hogan,WR,2021,NO,5,0,0,0,0,0,0,0,0,0,8,4,41,1,0,0,0,0,0,0,0.016877637130801686,0.013084112149532711,0.034475334200875424,10.100000000000001,14.100000000000001,14.100000000000001
00-0028986,Case Keenum,QB,2021,CLE,5,72,462,3,1,0,12,22,0,0,0,0,0,0,0,1,1,0,0,0,0.0,0.0,0.0,28.68,28.68,28.68
00-0029000,Cole Beasley,WR,2021,BUF,16,1,0,0,0,0,0,0,0,0,112,82,693,1,1,0,0,0,0,0,0.1797752808988764,0.11764705882352941,0.3520158625247852,77.3,159.3,159.3
00-0029119,Derek Carrier,TE,2021,LV,2,0,0,0,0,0,0,0,0,0,2,2,13,0,0,0,0,0,0,0,0.003316749585406302,0.0013685239491691105,0.0059330911425278295,1.3,3.3,3.3
00-0029239,Brandon Bolden,RB,2021,NE,16,0,0,0,0,0,44,226,1,1,49,41,405,2,0,0,0,0,0,0,0.09351145038167939,0.0032649253731343282,0.1425526233337131,83.1,124.1,124.1
00-0029263,Russell Wilson,QB,2021,SEA,14,400,3113,25,6,1,43,183,2,0,0,0,0,0,0,1,1,0,0,0,0.0,0.0,0.0,242.82,242.82,242.82
00-0029269,Travis Benjamin,WR,2021,SF,5,0,0,0,0,0,0,0,0,0,5,0,0,0,0,1,0,0,0,0,0.01006036217303823,0.03522358231326505,0.03974705087884288,0.0,0.0,0.0
00-0029293,Marvin Jones,WR,2021,JAX,17,0,0,0,0,0,0,0,0,0,120,73,832,4,0,0,0,0,0,0,0.2058319039451115,0.30178384050367263,0.5199965442702381,107.2,180.2,180.2
00-0029567,Nick Foles,QB,2021,CHI,1,35,250,1,0,1,4,8,0,0,0,0,0,0,0,0,0,0,0,0,0.0,0.0,0.0,16.8,16.8,16.8
00-0029604,Kirk Cousins,QB,2021,MIN,16,561,4221,33,7,0,29,115,1,0,0,0,0,0,0,2,2,0,0,0,0.0,0.0,0.0,300.34000000000003,300.34000000000003,300.34000000000003
00-0029608,T.Y. Hilton,WR,2021,IND,10,0,0,0,0,0,0,0,0,0,37,23,331,3,0,0,0,0,0,0,0.07370517928286853,0.119,0.1938577689243028,51.1,74.1,74.1
00-0029632,Mohamed Sanu,WR,2021,SF,8,0,0,0,0,0,0,0,0,0,24,15,177,0,0,0,0,0,0,0,0.0482897384305835,0.056707469397951536,0.11212983622444134,17.7,32.7,32.7
00-0029664,Josh Gordon,WR,2021,KC,9,0,0,0,0,0,0,0,0,0,14,5,32,1,0,0,0,0,0,0,0.02197802197802198,0.03081570996978852,0.05453802994588493,9.2,14.2,14.2
00-0029701,Ryan Tannehill,QB,2021,TEN,17,531,3734,21,14,1,55,270,7,0,0,0,0,0,0,4,3,1,0,0,0.0,0.0,0.0,268.36,268.36,268.36
00-0029738,Darren Fells,TE,2021,DET,3,0,0,0,0,0,0,0,0,0,5,4,43,0,0,0,0,0,0,0,0.008849557522123894,0.006344171292624901,0.01771525618802327,4.3,8.3,8.3
00-0030035,Adam Thielen,WR,2021,MIN,13,0,0,0,0,0,1,2,0,0,95,67,726,10,0,0,0,0,0,0,0.1643598615916955,0.18649318463444858,0.37708502163165725,132.8,199.8,199.8
00-0030061,Zach Ertz,TE,2021,ARI,17,0,0,0,0,0,1,4,0,0,112,74,763,5,0,0,0,0,0,0,0.23931623931623933,0.19952718676122932,0.4986433897072195,106.7,180.7,180.7
00-0030068,Marquise Goodwin,WR,2021,CHI,14,0,0,0,0,0,2,-1,0,0,40,20,313,1,0,0,0,0,0,0,0.07633587786259542,0.10567296996662959,0.18847489577053383,37.2,57.2,57.2
00-0030085,Kenny Stills,WR,2021,NO,7,0,0,0,0,0,1,1,0,0,23,6,68,1,0,0,0,0,0,0,0.04852320675105485,0.11481975967957277,0.1531586419022832,12.9,18.9,18.9
00-0030108,Ryan Griffin,TE,2021,NYJ,14,0,0,0,0,0,0,0,0,0,42,27,261,2,0,0,0,0,0,0,0.07228915662650602,0.05127615543803173,0.14432704374638122,38.1,65.1,65.1
00-0030155,Demetrius Harris,TE,2021,ARI,10,0,0,0,0,0,0,0,0,0,6,3,10,0,0,0,0,0,0,0,0.010526315789473684,0.004971751412429379,0.019269699672911093,1.0,4.0,4.0
00-0030181,Jack Doyle,TE,2021,IND,15,0,0,0,0,0,0,0,0,0,43,29,302,3,1,0,0,0,0,0,0.08565737051792828,0.07125,0.17836105577689243,50.2,79.2,79.2
00-0030279,Keenan Allen,WR,2021,LAC,16,1,0,0,0,1,0,0,0,0,157,106,1138,6,0,0,0,0,0,0,0.23823975720789076,0.2569854388036206,0.5372494429743706,151.8,257.8,257.8
00-0030288,Rex Burkhead,RB,2021,HOU,15,1,0,0,0,0,122,427,3,0,32,25,186,0,0,0,0,0,0,0,0.06118546845124283,0.012509382036527395,0.1005347701024334,79.30000000000001,104.30000000000001,104.30000000000001
00-0030431,Robert Woods,WR,2021,LA,9,0,0,0,0,0,8,46,1,0,69,45,556,4,1,0,0,0,0,0,0.11461794019933555,0.10966108297623685,0.2486896683823691,92.2,137.2,137.2
00-0030456,Giovani Bernard,RB,2021,TB,10,0,0,0,0,0,8,58,0,0,29,23,123,3,0,0,0,0,0,0,0.040502793296089384,0.00508992195453003,0.0643171353123051,36.1,59.1,59.1
00-0030465,Kenjon Barner,RB,2021,TB,3,0,0,0,0,0,4,0,0,0,0,0,0,0,0,0,0,0,0,0,0.0,0.0,0.0,0.0,0.0,0.0
00-0030496,Le'Veon Bell,RB,2021,TB,8,0,0,0,0,0,39,101,2,1,7,5,30,1,0,0,0,0,0,0,0.011844331641285956,0.00095565749235474,0.018435457706577254,33.1,38.1,38.1
00-0030506,Travis Kelce,TE,2021,KC,16,0,0,0,0,0,2,3,1,0,134,92,1125,9,0,1,0,0,1,0,0.21036106750392464,0.20020140986908358,0.45568258816424545,170.8,262.8,262.8
00-0030513,Latavius Murray,RB,2021,BAL,14,0,0,0,0,0,119,501,6,0,13,10,75,0,0,0,0,0,0,0,0.021996615905245348,0.00019113149847094801,0.03312871590679769,93.6,103.6,103.6
00-0030520,Mike Glennon,QB,2021,NYG,6,167,790,4,10,0,7,33,1,0,0,0,0,0,0,3,3,0,0,0,0.0,0.0,0.0,30.900000000000006,30.900000000000006,30.900000000000006
00-0030525,Tavon Austin,WR,2021,JAX,11,0,0,0,0,0,3,21,0,0,37,24,213,1,0,1,0,0,0,0,0.0634648370497427,0.06715634837355719,0.1422066994361041,29.400000000000002,53.400000000000006,53.400000000000006
00-0030564,DeAndre Hopkins,WR,2021,ARI,10,0,0,0,0,0,0,0,0,0,64,42,572,8,0,0,0,0,0,0,0.11228070175438597,0.17807909604519773,0.29307641986321736,105.2,147.2,147.2
00-0030565,Geno Smith,QB,2021,SEA,4,95,702,5,1,0,9,42,1,0,0,0,0,0,0,1,1,0,0,0,0.0,0.0,0.0,54.28,54.28,54.28
00-0030578,Cordarrelle Patterson,RB,2021,ATL,16,1,0,0,0,0,153,618,6,0,69,52,548,5,0,0,0,0,0,0,0.12454873646209386,0.051653391262370264,0.22298047857679998,182.60000000000002,234.60000000000002,234.60000000000002
00-0030663,Willie Snead,WR,2021,CAR,7,0,0,0,0,0,0,0,0,0,8,4,38,0,0,0,0,0,0,0,0.013266998341625208,0.013098729227761487,0.029069607971870852,3.8000000000000003,7.800000000000001,7.800000000000001
00-0030669,Albert Wilson,WR,2021,MIA,10,1,0,0,0,0,4,17,0,0,39,25,213,0,0,0,0,0,0,0,0.0651085141903172,0.0469693580854395,0.13054132194528345,23.0,48.0,48.0
00-0030874,Damien Williams,RB,2021,CHI,12,0,0,0,0,0,40,164,2,0,23,16,103,1,0,0,0,0,0,0,0.04389312977099236,0.009121245828698554,0.07222456673657754,44.7,60.7,60.7
00-0031045,Carlos Hyde,RB,2021,JAX,11,0,0,0,0,0,72,253,1,0,21,12,65,0,0,2,0,2,0,0,0.036020583190394515,0.0065057712486883525,0.058584914659673616,33.8,45.8,45.8
00-0031051,John Brown,WR,2021,JAX,3,0,0,0,0,0,0,0,0,0,3,0,0,0,0,0,0,0,0,0,0.005802707930367505,0.020430579964850613,0.023005467870946684,0.0,0.0,0.0
00-0031062,James White,RB,2021,NE,3,0,0,0,0,0,10,38,1,0,14,12,94,0,0,0,0,0,0,0,0.026717557251908396,0.01189365671641791,0.04840189557935513,19.200000000000003,31.200000000000003,31.200000000000003
00-0031235,Odell Beckham Jr.,WR,2021,LA,14,0,0,0,0,0,2,14,0,0,82,44,537,5,0,0,0,0,0,0,0.16432865731462926,0.25442684063373716,0.4245917744155599,85.1,129.1,129.1
00-0031236,Brandin Cooks,WR,2021,HOU,16,0,0,0,0,0,2,21,0,0,134,90,1037,6,0,0,0,0,0,0,0.25621414913957935,0.35601701275956965,0.6335331326410678,141.8,231.8,231.8
00-0031237,Teddy Bridgewater,QB,2021,DEN,14,426,3052,18,7,1,30,106,2,0,0,0,0,0,0,1,0,1,0,0,0.0,0.0,0.0,202.67999999999998,202.67999999999998,202.67999999999998
00-0031260,Logan Thomas,TE,2021,WAS,5,0,0,0,0,0,0,0,0,0,25,18,196,3,0,1,0,0,1,0,0.04681647940074907,0.06043689320388349,0.11253054434384205,35.6,53.6,53.6
00-0031273,Cameron Brate,TE,2021,TB,16,0,0,0,0,0,0,0,0,0,57,30,245,4,0,0,0,0,0,0,0.07960893854748603,0.07363420427553444,0.17095735081410315,48.5,78.5,78.5
00-0031280,Derek Carr,QB,2021,LV,17,626,4804,23,14,0,40,108,0,0,0,0,0,0,0,5,5,0,0,0,0.0,0.0,0.0,256.96,256.96,256.96
00-0031285,Devonta Freeman,RB,2021,BAL,16,0,0,0,0,0,133,576,5,0,42,34,190,1,0,0,0,0,0,0,0.07106598984771574,0.006880733944954129,0.1114154985330415,112.60000000000001,146.60000000000002,146.6
00-0031319,Diontae Spencer,WR,2021,DEN,15,0,0,0,0,0,0,0,0,0,4,1,-3,0,0,2,0,0,0,0,0.007736943907156673,0.001977152899824253,0.012989422890611987,-0.30000000000000004,0.7,0.7
00-0031325,Sammy Watkins,WR,2021,BAL,11,0,0,0,0,0,0,0,0,0,49,27,394,1,0,1,0,0,1,0,0.0829103214890017,0.12041284403669725,0.2086544730591906,43.400000000000006,70.4,70.4
00-0031345,Jimmy Garoppolo,QB,2021,SF,15,441,3810,20,12,1,38,51,3,0,0,0,0,0,0,3,2,1,0,0,0.0,0.0,0.0,227.5,227.5,227.5
00-0031376,Jerick McKinnon,RB,2021,KC,9,0,0,0,0,0,12,62,0,0,20,13,107,1,0,0,0,0,0,0,0.03139717425431711,-0.0018126888217522659,0.045826879206249074,22.900000000000002,35.900000000000006,35.900000000000006
00-0031381,Davante Adams,WR,2021,GB,16,0,0,0,0,0,0,0,0,0,169,123,1553,11,0,0,0,0,0,0,0.2964912280701754,0.35255570117955437,0.6915258329309512,221.3,344.3,344.3
00-0031382,Jarvis Landry,WR,2021,CLE,12,0,0,0,0,0,6,40,2,0,87,52,570,2,0,2,1,0,1,0,0.1743486973947896,0.16216216216216217,0.3750365596056979,81.0,133.0,133.0
00-0031384,Richard Rodgers,TE,2021,PHI,1,0,0,0,0,0,0,0,0,0,2,2,11,0,0,0,0,0,0,0,0.004273504273504274,0.00023640661938534278,0.006575741043826151,1.1,3.1,3.1
00-0031387,Eric Ebron,TE,2021,PIT,8,0,0,0,0,0,1,1,1,0,18,12,84,1,0,0,0,0,0,0,0.027565084226646247,0.02613201171435008,0.059640034540014424,20.5,32.5,32.5
00-0031395,Garrett Gilbert,QB,2021,WAS,1,31,194,0,0,0,0,0,0,0,0,0,0,0,0,0,0,0,0,0,0.0,0.0,0.0,7.76,7.76,7.76
00-0031408,Mike Evans,WR,2021,TB,16,0,0,0,0,0,1,10,0,0,114,74,1035,14,0,0,0,0,0,0,0.15921787709497207,0.25398710553104853,0.41661778951419204,188.5,262.5,262.5
00-0031428,Allen Robinson,WR,2021,CHI,12,0,0,0,0,0,0,0,0,0,66,38,410,1,1,0,0,0,0,0,0.12595419847328243,0.16796440489432704,0.3065063811359526,49.0,87.0,87.0
00-0031484,Chris Manhertz,TE,2021,JAX,10,0,0,0,0,0,0,0,0,0,9,6,71,1,0,0,0,0,0,0,0.015437392795883362,0.014270724029380902,0.033145596014391675,13.100000000000001,19.1,19.1
00-0031503,Jameis Winston,QB,2021,NO,7,161,1170,14,3,0,32,166,1,0,0,0,0,0,0,1,1,0,0,0,0.0,0.0,0.0,117.4,117.4,117.4
00-0031544,Amari Cooper,WR,2021,DAL,15,0,0,0,0,0,0,0,0,0,104,68,865,8,0,0,0,0,0,0,0.16326530612244897,0.2251759186864738,0.4025211022642051,134.5,202.5,202.5
00-0031545,Kevin White,WR,2021,NO,4,0,0,0,0,0,0,0,0,0,5,1,38,0,0,0,0,0,0,0,0.010548523206751054,0.04218958611481976,0.04535549509050041,3.8000000000000003,4.800000000000001,4.800000000000001
00-0031547,DeVante Parker,WR,2021,MIA,9,0,0,0,0,0,0,0,0,0,73,40,515,2,0,0,0,0,0,0,0.12186978297161936,0.19145605010064862,0.3168239095278831,63.5,103.5,103.5
00-0031549,Nelson Agholor,WR,2021,NE,14,0,0,0,0,0,3,11,0,0,64,37,473,3,0,0,0,0,0,0,0.12213740458015267,0.21315298507462688,0.3324131964224678,66.4,103.4,103.4
00-0031558,Maxx Williams,TE,2021,ARI,5,0,0,0,0,0,0,0,0,0,17,16,193,1,0,0,0,0,0,0,0.02982456140350877,0.020338983050847456,0.058974130240856376,25.3,41.3,41.3
00-0031585,MyCole Pruitt,TE,2021,TEN,10,0,0,0,0,0,0,0,0,0,18,14,145,3,1,0,0,0,0,0,0.034482758620689655,0.029463171036204744,0.0723483576563778,34.5,48.5,48.5
00-0031588,Stefon Diggs,WR,2021,BUF,17,0,0,0,0,0,0,0,0,0,164,103,1225,10,0,0,0,0,0,0,0.26324237560192615,0.3411764705882353,0.6336870928146539,182.5,285.5,285.5
00-0031598,Nick Boyle,TE,2021,BAL,2,0,0,0,0,0,0,0,0,0,2,1,2,0,0,0,0,0,0,0,0.00338409475465313,0.0005733944954128441,0.005477518278768686,0.2,1.2,1.2
00-0031610,Darren Waller,TE,2021,LV,11,0,0,0,0,0,0,0,0,0,93,55,665,2,0,0,0,0,0,0,0.15422885572139303,0.17947214076246334,0.3569737821158139,78.5,133.5,133.5
00-0031687,Raheem Mostert,RB,2021,SF,1,0,0,0,0,0,2,20,0,0,0,0,0,0,0,0,0,0,0,0,0.0,0.0,0.0,2.0,2.0,2.0
00-0031690,Eric Tomlinson,TE,2021,BAL,7,0,0,0,0,0,0,0,0,0,1,1,7,0,0,0,0,0,0,0,0.001692047377326565,0.0005733944954128441,0.0029394472127788384,0.7000000000000001,1.7000000000000002,1.7000000000000002
00-0031763,DeAndre Carter,WR,2021,WAS,17,0,0,0,0,0,10,89,0,0,44,24,296,3,0,0,0,0,0,1,0.08239700374531835,0.11771844660194175,0.20599841823933673,62.5,86.5,86.5
00-0031787,Jake Kumerow,WR,2021,BUF,7,0,0,0,0,0,0,0,0,0,6,2,28,0,0,0,0,0,0,0,0.009630818619582664,0.016059757236227823,0.025688057994733473,2.8000000000000003,4.800000000000001,4.800000000000001
00-0031800,Taylor Heinicke,QB,2021,WAS,16,494,3419,20,15,0,60,313,1,1,1,1,-2,0,0,2,2,0,0,0,0.0018726591760299626,-0.000970873786407767,0.002129377113559507,221.85999999999999,222.85999999999999,222.86
00-0031806,Malcolm Brown,RB,2021,MIA,6,0,0,0,0,0,33,125,1,0,5,3,10,0,0,0,0,0,0,0,0.008347245409015025,-0.00044732721986132855,0.012207739059619607,19.5,22.5,22.5
00-0031868,Damiere Byrd,WR,2021,CHI,11,0,0,0,0,0,0,0,0,0,38,26,329,1,1,1,0,0,0,0,0.07251908396946564,0.07230255839822025,0.15939041683295263,40.9,66.9,66.9
00-0031934,Devin Smith,WR,2021,JAX,1,0,0,0,0,0,0,0,0,0,1,0,0,0,0,0,0,0,0,0,0.0017152658662092624,0.003987408184679958,0.0053640845285898645,0.0,0.0,0.0
00-0031941,Jamison Crowder,WR,2021,NYJ,12,0,0,0,0,1,0,0,0,0,71,51,447,2,1,1,0,0,1,0,0.12220309810671257,0.10301218670958841,0.25541317785678075,58.7,109.7,109.7
00-0031951,James O'Shaughnessy,TE,2021,JAX,7,0,0,0,0,0,0,0,0,0,34,24,244,0,1,0,0,0,0,0,0.058319039451114926,0.04742917103882476,0.12067897890384971,26.400000000000002,50.400000000000006,50.400000000000006
00-0032009,Adam Humphries,WR,2021,WAS,17,0,0,0,0,0,0,0,0,0,62,41,383,0,0,0,0,0,0,0,0.11610486891385768,0.09975728155339805,0.24398740045816514,38.300000000000004,79.30000000000001,79.30000000000001
00-0032054,Breshad Perriman,WR,2021,TB,5,0,0,0,0,0,1,-3,0,0,18,11,167,1,0,0,0,0,0,0,0.025139664804469275,0.02867322701051917,0.05778075611406733,22.400000000000002,33.400000000000006,33.4
00-0032058,Tevin Coleman,RB,2021,NYJ,11,0,0,0,0,0,84,356,0,0,16,11,49,0,0,0,0,0,0,0,0.027538726333907058,-0.005288572085536905,0.03760608904098475,40.5,51.5,51.5
00-0032062,Blake Bell,TE,2021,KC,11,0,0,0,0,0,4,10,0,0,13,9,87,0,0,0,0,0,0,0,0.02040816326530612,0.006243705941591138,0.03498283905707298,9.700000000000001,18.700000000000003,18.700000000000003
00-0032063,Mike Davis,RB,2021,ATL,17,0,0,0,0,0,138,503,3,0,58,44,259,1,0,3,0,1,2,0,0.10469314079422383,-0.01255129133478156,0.14825380725698867,94.2,138.2,138.20000000000002
00-0032098,Daniel Brown,TE,2021,NYJ,3,0,0,0,0,0,0,0,0,0,2,2,29,0,0,0,0,0,0,0,0.0034423407917383822,0.0016095654173373189,0.006290206979743697,2.9000000000000004,4.9,4.9
00-0032104,Ameer Abdullah,RB,2021,CAR,17,0,0,0,0,0,51,166,0,0,53,38,289,1,0,0,0,0,0,0,0.09169550173010381,0.008880627839735646,0.14375969208297065,51.5,89.5,89.5
00-0032128,Chris Conley,WR,2021,HOU,14,0,0,0,0,0,1,3,0,0,37,22,323,2,0,1,0,0,1,0,0.07074569789674952,0.08506379784838629,0.16566320533899467,42.6,64.6,64.6
00-0032134,C.J. Uzomah,TE,2021,CIN,16,0,0,0,0,0,0,0,0,0,63,49,493,5,0,0,0,0,0,0,0.11666666666666667,0.06231521491926313,0.21862065044348417,79.30000000000001,128.3,128.3
00-0032135,Jesse James,TE,2021,CHI,5,0,0,0,0,0,0,0,0,0,8,7,62,1,0,0,0,0,0,0,0.015267175572519083,0.012013348164627364,0.03131010707401778,12.2,19.2,19.2
00-0032141,Geoff Swaim,TE,2021,TEN,16,0,0,0,0,0,0,0,0,0,40,31,210,3,0,0,0,0,0,0,0.07662835249042145,0.03645443196004994,0.14046063110766713,39.0,70.0,70.0
00-0032144,Melvin Gordon,RB,2021,DEN,16,0,0,0,0,0,203,918,8,0,38,28,213,2,0,3,0,3,0,0,0.0735009671179884,0.0026362038664323375,0.11209679338348523,167.10000000000002,195.10000000000002,195.10000000000002
00-0032156,Trevor Siemian,QB,2021,NO,6,188,1154,11,3,0,9,20,1,0,0,0,0,0,0,1,1,0,0,0,0.0,0.0,0.0,90.16,90.16,90.16
00-0032160,Tyrell Williams,WR,2021,DET,1,0,0,0,0,0,0,0,0,0,3,2,14,0,0,0,0,0,0,0,0.005309734513274336,0.003436426116838488,0.010370100051698446,1.4000000000000001,3.4000000000000004,3.4000000000000004
00-0032187,David Johnson,RB,2021,HOU,13,0,0,0,0,0,67,228,0,0,42,32,225,1,0,1,0,1,0,0,0.08030592734225621,0.021766324743557667,0.13569531833387466,49.300000000000004,81.30000000000001,81.3
00-0032200,Ty Montgomery,WR,2021,NO,14,0,0,0,0,0,15,44,0,0,26,16,95,0,0,0,0,0,0,0,0.05485232067510549,0.012283044058744993,0.09087661185377974,13.9,29.9,29.9
00-0032208,Phillip Dorsett,WR,2021,HOU,5,0,0,0,0,0,1,0,0,0,14,7,110,0,0,0,0,0,0,0,0.024013722126929673,0.04407135362014691,0.06687053072449733,11.0,18.0,18.0
00-0032211,Tyler Lockett,WR,2021,SEA,16,0,0,0,0,0,2,9,0,0,107,73,1175,8,1,0,0,0,0,0,0.22573839662447256,0.3381684347261312,0.5753254992450006,168.4,241.4,241.4
00-0032214,Tyler Kroft,TE,2021,NYJ,9,0,0,0,0,0,0,0,0,0,25,16,173,1,0,0,0,0,0,0,0.043029259896729774,0.033111060013796274,0.08772163185475204,23.3,39.3,39.3
00-0032245,Sean Mannion,QB,2021,MIN,1,36,189,1,0,0,2,14,0,0,0,0,0,0,0,0,0,0,0,0,0.0,0.0,0.0,12.96,12.96,12.96
00-0032257,Duke Johnson,RB,2021,MIA,5,0,0,0,0,0,71,330,3,0,5,4,41,0,0,0,0,0,0,0,0.008347245409015025,-0.0017893088794453142,0.011268351897910816,55.1,59.1,59.1
00-0032268,Marcus Mariota,QB,2021,LV,7,2,4,0,0,0,13,87,1,0,0,0,0,0,0,0,0,0,0,0,0.0,0.0,0.0,14.860000000000001,14.860000000000001,14.860000000000001
00-0032355,Chester Rogers,WR,2021,TEN,16,0,0,0,0,0,1,9,0,0,43,30,301,1,0,1,0,0,0,0,0.08237547892720307,0.08064918851435705,0.18001765035085454,37.0,67.0,67.0
00-0032385,Sterling Shepard,WR,2021,NYG,7,0,0,0,0,0,1,-9,0,0,53,36,366,1,0,0,0,0,0,0,0.09397163120567376,0.09259683703873482,0.205775232735625,41.7,77.7,77.7
00-0032392,Austin Hooper,TE,2021,CLE,15,0,0,0,0,0,0,0,0,0,61,38,345,3,1,0,0,0,0,0,0.12224448897795591,0.07642124883504194,0.23686160765146322,54.5,92.5,92.5
00-0032394,Nick Vannett,TE,2021,NO,7,0,0,0,0,0,0,0,0,0,15,9,133,1,0,0,0,0,0,0,0.03164556962025317,0.022162883845126834,0.06298237312196853,19.3,28.3,28.3
00-0032398,Chris Moore,WR,2021,HOU,10,0,0,0,0,0,0,0,0,0,22,21,227,2,0,0,0,0,0,0,0.04206500956022945,0.022516887665749313,0.07885933570636869,34.7,55.7,55.7
00-0032426,Alex Collins,RB,2021,SEA,11,0,0,0,0,0,108,411,2,0,10,9,87,0,0,1,0,0,1,0,0.02109704641350211,0.00043299415457891317,0.0319486655284584,59.800000000000004,68.80000000000001,68.80000000000001
00-0032434,Brandon Allen,QB,2021,CIN,5,34,149,2,0,0,7,-1,0,0,0,0,0,0,0,0,0,0,0,0,0.0,0.0,0.0,13.860000000000001,13.860000000000001,13.860000000000001
00-0032450,Dwayne Washington,RB,2021,NO,8,0,0,0,0,0,4,16,0,0,2,2,12,0,0,0,0,0,0,0,0.004219409282700422,0.000534045393858478,0.006702945699751567,2.8000000000000003,4.800000000000001,4.800000000000001
00-0032464,Kalif Raymond,WR,2021,DET,16,0,0,0,0,0,4,28,0,0,71,48,576,4,0,0,0,0,0,0,0.1256637168141593,0.19164684113137723,0.32264836401320296,84.4,132.4,132.4
00-0032543,Alex Erickson,WR,2021,CAR,17,0,0,0,0,0,0,0,0,0,4,3,55,0,0,0,0,0,0,0,0.006956521739130435,0.007471134254018565,0.015664576586508647,5.5,8.5,8.5
00-0032602,J.D. McKissic,RB,2021,WAS,11,0,0,0,0,0,48,212,2,0,53,43,397,2,0,0,0,0,0,0,0.09925093632958802,0.007524271844660194,0.15414339478564415,84.9,127.9,127.9
00-0032626,Geronimo Allison,WR,2021,DET,1,0,0,0,0,0,0,0,0,0,2,0,0,0,0,0,0,0,0,0,0.0035398230088495575,0.005286809410520751,0.009010501100638862,0.0,0.0,0.0
00-0032688,Robbie Chosen,WR,2021,CAR,17,0,0,0,0,0,3,36,0,0,110,53,519,5,0,0,0,0,0,0,0.19130434782608696,0.2617160968983473,0.47015778956797355,85.5,138.5,138.5
00-0032725,Stephen Anderson,TE,2021,LAC,14,0,0,0,0,0,0,0,0,0,19,16,165,1,0,0,0,0,0,0,0.028831562974203338,0.013183785911058638,0.052475994599046054,22.5,38.5,38.5
00-0032741,Peyton Barber,RB,2021,LV,9,0,0,0,0,0,55,212,2,0,13,10,67,0,0,0,0,0,0,0,0.02155887230514096,0.0039100684261974585,0.035075356356049664,39.900000000000006,49.900000000000006,49.900000000000006
00-0032764,Derrick Henry,RB,2021,TEN,8,1,5,1,0,0,219,937,10,1,20,18,154,0,0,0,0,0,0,0,0.038314176245210725,-0.000749063670411985,0.0569469197985277,175.3,193.3,193.3
00-0032775,Demarcus Robinson,WR,2021,KC,14,0,0,0,0,0,0,0,0,0,41,25,264,3,0,0,0,0,0,0,0.06436420722135008,0.08600201409869083,0.1567477207011087,44.400000000000006,69.4,69.4
00-0032778,Tajae Sharpe,WR,2021,ATL,14,0,0,0,0,0,0,0,0,0,37,25,230,0,0,0,0,0,0,0,0.06678700361010831,0.08375573256094618,0.1588095182078248,23.0,48.0,48.0
00-0032780,Jordan Howard,RB,2021,PHI,7,0,0,0,0,0,86,406,3,0,5,2,19,0,0,0,0,0,0,0,0.010683760683760684,0.002127659574468085,0.017515002727768684,60.5,62.5,62.5
00-0032782,Wendell Smallwood,RB,2021,WAS,2,0,0,0,0,0,5,25,0,0,5,4,22,0,0,0,0,0,0,0,0.009363295880149813,0.0007281553398058253,0.014554652558088797,4.7,8.7,8.7
00-0032791,Jakeem Grant,WR,2021,CHI,15,0,0,0,0,0,5,33,0,0,17,11,132,2,0,3,0,0,1,1,0.028380634390651086,0.017893088794453144,0.05509611374209383,32.5,43.5,43.5
00-0032881,Tommylee Lewis,WR,2021,MIA,2,0,0,0,0,0,0,0,0,0,2,1,7,0,0,0,0,0,0,0,0.00333889816360601,0.0013419816595839856,0.005947734407117804,0.7000000000000001,1.7000000000000002,1.7000000000000002
00-0032950,Carson Wentz,QB,2021,IND,17,516,3563,27,7,2,57,215,1,0,0,0,0,0,0,5,4,1,0,0,0.0,0.0,0.0,258.02,258.02,258.02
00-0032951,Laquon Treadwell,WR,2021,JAX,12,0,0,0,0,0,0,0,0,0,51,33,434,1,0,0,0,0,0,0,0.08747855917667238,0.1286463798530955,0.22127030466217543,49.400000000000006,82.4,82.4
00-0032972,Devontae Booker,RB,2021,NYG,16,0,0,0,0,0,145,593,2,0,45,40,268,1,0,0,0,0,0,0,0.0797872340425532,-0.0027504011001604402,0.11775557029371748,104.10000000000001,144.10000000000002,144.10000000000002
00-0032975,Jonathan Williams,RB,2021,WAS,5,0,0,0,0,0,17,79,1,0,6,4,28,0,0,0,0,0,0,0,0.011235955056179775,-0.0033980582524271844,0.014475291807570633,16.700000000000003,20.700000000000003,20.7
00-0032977,Rashard Higgins,WR,2021,CLE,12,0,0,0,0,0,0,0,0,0,47,24,275,1,0,0,0,0,0,0,0.09418837675350701,0.12721342031686858,0.23033195935206852,33.5,57.5,57.5
00-0032980,Marcus Johnson,WR,2021,TEN,7,0,0,0,0,0,2,-2,0,0,19,9,160,0,0,0,0,0,0,0,0.03639846743295019,0.04269662921348315,0.08448534159886349,15.8,24.8,24.8
00-0032986,J.P. Holtz,TE,2021,CHI,5,0,0,0,0,0,0,0,0,0,0,0,0,0,0,0,0,0,0,0,0.0,0.0,0.0,0.0,0.0,0.0
00-0033006,Jaydon Mickens,WR,2021,JAX,11,0,0,0,0,0,0,0,0,0,3,2,10,0,0,0,0,0,0,0,0.004189944134078212,0.009840515778758059,0.01317327724624796,1.0,3.0,3.0
00-0033009,Tyler Boyd,WR,2021,CIN,16,1,46,0,0,0,2,22,0,0,94,67,828,5,0,0,0,0,0,0,0.17407407407407408,0.16920627700705027,0.3795555050160463,116.84,183.84,183.84000000000003
00-0033025,Jalen Richard,RB,2021,LV,9,0,0,0,0,0,9,40,0,0,14,12,72,0,0,0,0,0,0,0,0.02321724709784411,0.0013685239491691105,0.035783837411184544,11.200000000000001,23.200000000000003,23.2
00-0033040,Tyreek Hill,WR,2021,KC,17,0,0,0,0,0,9,96,0,0,159,111,1239,9,0,1,0,0,1,0,0.24960753532182103,0.33172205438066465,0.6066167410491968,185.5,296.5,296.5
00-0033045,Ezekiel Elliott,RB,2021,DAL,17,1,4,0,0,0,237,1002,10,3,65,47,287,2,0,1,0,1,0,0,0.10204081632653061,0.004300234558248631,0.15607138868056997,205.06,252.06,252.06
00-0033077,Dak Prescott,QB,2021,DAL,16,596,4449,37,10,2,48,146,1,1,0,0,0,0,0,6,3,3,0,0,0.0,0.0,0.0,320.56000000000006,320.56000000000006,320.56000000000006
00-0033090,Hunter Henry,TE,2021,NE,16,0,0,0,0,0,0,0,0,0,75,50,603,9,0,0,0,0,0,0,0.1431297709923664,0.16930970149253732,0.3332114475333257,114.30000000000001,164.3,164.3
00-0033094,Marvin Hall,WR,2021,ATL,1,0,0,0,0,0,0,0,0,0,1,1,10,0,0,0,0,0,0,0,0.0018050541516245488,0.0012068549360366883,0.003552379682662505,1.0,2.0,2.0
00-0033095,Garrett Griffin,TE,2021,NO,5,0,0,0,0,0,0,0,0,0,4,4,39,0,0,0,0,0,0,0,0.008438818565400843,0.0032042723631508676,0.01490121850230687,3.9000000000000004,7.9,7.9
00-0033106,Jared Goff,QB,2021,DET,14,494,3245,19,8,4,17,87,0,0,0,0,0,0,0,6,4,2,0,0,0.0,0.0,0.0,194.5,194.5,194.5
00-0033110,Tyler Higbee,TE,2021,LA,15,0,0,0,0,0,0,0,0,0,85,61,560,5,0,0,0,0,0,0,0.14119601328903655,0.08920919361121932,0.27424045546140835,86.0,147.0,147.0
00-0033111,Pharoh Cooper,WR,2021,NYG,8,0,0,0,0,0,1,3,0,0,11,4,33,0,0,0,0,0,0,0,0.01950354609929078,0.018106807242722896,0.0419300842188422,3.6,7.6,7.6000000000000005
00-0033114,Mike Thomas,WR,2021,CIN,7,0,0,0,0,0,0,0,0,0,11,5,52,0,0,0,0,0,0,0,0.020370370370370372,0.024789629292699566,0.04790829606044525,5.2,10.2,10.2
00-0033118,Kenyan Drake,RB,2021,LV,12,0,0,0,0,0,63,254,2,0,40,30,291,1,0,0,0,0,0,0,0.06633499170812604,0.013880742913000978,0.10921900760128975,72.5,102.5,102.5
00-0033119,Jacoby Brissett,QB,2021,MIA,10,225,1283,5,4,1,19,70,1,0,0,0,0,0,0,3,3,0,0,0,0.0,0.0,0.0,72.32,72.32,72.32
00-0033127,Will Fuller,WR,2021,MIA,2,0,0,0,0,0,0,0,0,0,8,4,26,0,1,0,0,0,0,0,0.01335559265442404,0.029299932900917022,0.04054334201227797,4.6,8.6,8.6
00-0033215,Cyril Grayson,WR,2021,TB,3,0,0,0,0,0,1,14,0,0,12,10,212,2,0,0,0,0,0,0,0.01675977653631285,0.03138785205293519,0.04711116124152391,34.6,44.6,44.6
00-0033217,Mo Alie-Cox,TE,2021,IND,17,0,0,0,0,0,0,0,0,0,45,24,316,4,0,0,0,0,0,0,0.08964143426294821,0.1105,0.2118121513944223,55.6,79.6,79.6
00-0033246,Johnny Mundt,TE,2021,LA,3,0,0,0,0,0,0,0,0,0,1,1,9,0,0,0,0,0,0,0,0.0016611295681063123,0.0013634592910011687,0.0034461158558602863,0.9,1.9,1.9
00-0033251,Zach Pascal,WR,2021,IND,16,0,0,0,0,0,2,21,0,0,69,38,384,3,0,1,0,0,1,0,0.13745019920318724,0.152,0.31257529880478085,56.5,94.5,94.5
00-0033258,Darrell Daniels,TE,2021,ARI,10,0,0,0,0,0,0,0,0,0,4,1,0,0,0,0,0,0,0,0,0.007017543859649123,0.004971751412429379,0.014006541778174248,0.0,1.0,1.0
00-0033266,JoJo Natson,WR,2021,CLE,3,0,0,0,0,0,0,0,0,0,0,0,0,0,0,0,0,0,0,0,0.0,0.0,0.0,0.0,0.0,0.0
00-0033275,PJ Walker,QB,2021,CAR,5,66,362,1,3,1,7,13,0,0,0,0,0,0,0,1,0,1,0,0,0.0,0.0,0.0,13.780000000000001,13.780000000000001,13.780000000000001
00-0033280,Christian McCaffrey,RB,2021,CAR,7,0,0,0,0,0,99,442,1,0,41,37,343,1,0,0,0,0,0,0,0.07130434782608695,0.020602218700475437,0.12137807482946322,90.5,127.5,127.5
00-0033282,Curtis Samuel,WR,2021,WAS,5,0,0,0,0,0,4,11,0,0,9,6,27,0,0,0,0,0,0,0,0.016853932584269662,0.005097087378640777,0.028848860041453036,3.8000000000000003,9.8,9.8
00-0033288,George Kittle,TE,2021,SF,14,0,0,0,0,0,3,20,0,0,94,71,910,6,0,1,0,0,1,0,0.1891348088531187,0.1941044216837372,0.41957530845829405,127.0,198.0,198.0
00-0033292,Trent Taylor,WR,2021,CIN,4,0,0,0,0,0,0,0,0,0,3,2,41,0,0,0,0,0,0,0,0.005555555555555556,0.00886968387536957,0.014542112046092032,4.1000000000000005,6.1000000000000005,6.1000000000000005
00-0033293,Aaron Jones,RB,2021,GB,15,0,0,0,0,0,171,799,4,0,65,52,391,6,0,1,0,1,0,0,0.11403508771929824,0.012232415902140673,0.1796153227104458,177.0,229.0,229.0
00-0033296,Alex Armah,RB,2021,WAS,9,0,0,0,0,0,5,21,0,0,1,1,1,1,0,0,0,0,0,0,0.002109704641350211,0.0,0.003164556962025316,8.2,9.2,9.2
00-0033307,Kendrick Bourne,WR,2021,NE,17,1,25,1,0,0,12,125,0,0,70,55,800,5,0,1,0,0,1,0,0.13358778625954199,0.13805970149253732,0.2970234704340891,125.5,180.5,180.5
00-0033308,Matt Breida,RB,2021,BUF,7,0,0,0,0,0,26,125,1,0,9,7,72,2,0,1,0,1,0,0,0.014446227929373997,0.0014939309056956115,0.02271509352804792,35.7,42.7,42.7
00-0033319,Nick Mullens,QB,2021,CLE,1,30,147,1,0,0,0,0,0,0,0,0,0,0,0,0,0,0,0,0,0.0,0.0,0.0,9.879999999999999,9.879999999999999,9.879999999999999
00-0033338,Cethan Carter,TE,2021,MIA,8,0,0,0,0,0,0,0,0,0,2,2,16,0,0,0,0,0,0,0,0.00333889816360601,0.0017893088794453142,0.006260863461020735,1.6,3.6,3.6
00-0033357,Taysom Hill,TE,2021,NO,12,134,978,4,5,0,70,374,5,0,6,4,52,0,0,0,0,0,0,0,0.012658227848101266,0.005073431241655541,0.02253874364131078,117.72,121.72,121.72
00-0033367,C.J. Board,WR,2021,NYG,6,0,0,0,0,0,1,6,0,0,6,4,51,0,0,0,0,0,0,0,0.010638297872340425,0.02337840935136374,0.03232233335446526,5.7,9.7,9.700000000000001
00-0033375,Tim Patrick,WR,2021,DEN,16,0,0,0,0,0,0,0,0,0,85,53,734,5,0,0,0,0,0,0,0.1644100580270793,0.21858523725834797,0.3996247531214625,103.4,156.4,156.4
00-0033376,Patrick Ricard,RB,2021,BAL,8,0,0,0,0,0,2,4,0,0,13,8,63,1,0,0,0,0,0,0,0.021996615905245348,0.002675840978593272,0.03486801254288331,12.7,20.7,20.700000000000003
00-0033386,Cody Hollister,WR,2021,TEN,3,0,0,0,0,0,0,0,0,0,7,4,33,0,0,0,0,0,0,0,0.013409961685823755,0.017977528089887642,0.03269921219165698,3.3000000000000003,7.300000000000001,7.300000000000001
00-0033387,Jacob Hollister,TE,2021,JAX,7,0,0,0,0,0,0,0,0,0,14,9,55,1,0,0,0,0,0,0,0.024013722126929673,0.01385099685204617,0.04571628098682683,11.5,20.5,20.5
00-0033421,Antony Auclair,TE,2021,HOU,4,0,0,0,0,0,0,0,0,0,5,5,47,1,0,0,0,0,0,0,0.009560229445506692,0.0055041280960720545,0.018193233835510476,10.7,15.7,15.7
00-0033439,Pharaoh Brown,TE,2021,HOU,13,0,0,0,0,0,0,0,0,0,34,23,171,0,0,1,0,0,1,0,0.06500956022944551,0.03652739554665999,0.12308351722683027,15.100000000000001,38.1,38.1
00-0033455,Anthony Firkser,TE,2021,TEN,15,0,0,0,0,0,0,0,0,0,43,34,291,2,0,1,0,0,1,0,0.08237547892720307,0.062421972534332085,0.16725859916483704,39.1,73.1,73.1
00-0033460,John Ross,WR,2021,NYG,9,0,0,0,0,0,1,16,0,0,20,11,224,1,0,0,0,0,0,0,0.03546099290780142,0.07196882878753151,0.1035696695129742,30.0,41.0,41.0
00-0033466,Isaiah McKenzie,WR,2021,BUF,15,0,0,0,0,0,9,47,1,0,26,20,178,1,0,1,0,0,0,0,0.04173354735152488,0.029318394024276377,0.0831231968442808,34.5,54.5,54.5
00-0033471,Isaiah Ford,WR,2021,MIA,10,0,0,0,0,0,0,0,0,0,17,12,161,2,0,0,0,0,0,0,0.028380634390651086,0.03220755983001566,0.06511624346698759,28.1,40.1,40.1
00-0033481,Marcus Kemp,WR,2021,KC,12,0,0,0,0,0,0,0,0,0,5,2,24,0,0,0,0,0,0,0,0.007849293563579277,0.012487411883182276,0.020515128663596508,2.4000000000000004,4.4,4.4
00-0033526,Samaje Perine,RB,2021,CIN,15,0,0,0,0,0,55,246,1,0,31,27,196,1,0,0,0,0,0,0,0.05740740740740741,0.0015919945417329998,0.08722550729032422,56.2,83.2,83.2
00-0033528,Jeremy Sprinkle,TE,2021,DAL,6,0,0,0,0,0,0,0,0,0,3,3,31,0,0,0,0,0,0,0,0.004709576138147566,0.0023455824863174357,0.008706271947643554,3.1,6.1,6.1
00-0033536,Mike Williams,WR,2021,LAC,16,0,0,0,0,0,0,0,0,0,129,76,1146,9,1,0,0,0,0,0,0.19575113808801214,0.29456906729634,0.4998250542394562,170.60000000000002,246.60000000000002,246.60000000000002
00-0033550,Davis Webb,QB,2021,BUF,1,0,0,0,0,0,2,-3,0,0,0,0,0,0,0,0,0,0,0,0,0.0,0.0,0.0,-0.30000000000000004,-0.30000000000000004,-0.30000000000000004
00-0033553,James Conner,RB,2021,ARI,15,0,0,0,0,0,202,752,15,0,39,37,375,3,0,0,0,0,0,0,0.06842105263157895,0.0024858757062146894,0.10437169194171872,220.7,257.7,257.7
00-0033555,Mack Hollins,WR,2021,MIA,15,0,0,0,0,0,0,0,0,0,28,14,223,4,0,0,0,0,0,0,0.04674457429048414,0.09505703422053231,0.13665678539009882,46.3,60.3,60.3
00-0033567,Brian Hill,RB,2021,SF,1,0,0,0,0,0,0,0,0,0,0,0,0,0,0,0,0,0,0,0,0.0,0.0,0.0,0.0,0.0,0.0
00-0033572,Jamal Agnew,WR,2021,JAX,10,0,0,0,0,0,7,111,1,0,39,24,229,1,0,0,0,0,0,2,0.06689536878216124,0.06107030430220357,0.14309226618478435,58.0,82.0,82.0
00-0033576,Eric Saubert,TE,2021,DEN,10,0,0,0,0,0,0,0,0,0,12,8,47,1,0,0,0,0,0,0,0.02321083172147002,0.008787346221441126,0.04096738993721381,10.7,18.7,18.7
00-0033589,David Moore,WR,2021,GB,2,0,0,0,0,0,0,0,0,0,2,0,0,0,0,0,0,0,0,0,0.0038684719535783366,0.006151142355008787,0.010108507578873657,0.0,0.0,0.0
00-0033591,Noah Brown,WR,2021,DAL,9,0,0,0,0,0,0,0,0,0,25,16,184,0,0,0,0,0,0,0,0.03924646781789639,0.04437060203283816,0.08992912314983129,18.400000000000002,34.400000000000006,34.400000000000006
00-0033594,Chris Carson,RB,2021,SEA,4,0,0,0,0,0,54,232,3,0,6,6,29,0,0,1,0,1,0,0,0.012658227848101266,-0.0028144620047629355,0.017017218368817845,42.1,48.1,48.1
00-0033611,Ricky Seals-Jones,TE,2021,WAS,11,0,0,0,0,0,0,0,0,0,49,30,271,2,0,0,0,0,0,0,0.09176029962546817,0.06504854368932039,0.18317443002072653,39.1,69.1,69.1
00-0033658,Blake Jarwin,TE,2021,DAL,8,0,0,0,0,0,0,0,0,0,17,11,96,2,0,0,0,0,0,0,0.026687598116169546,0.02501954652071931,0.05754507973875783,21.6,32.6,32.6
00-0033662,Cooper Rush,QB,2021,DAL,4,47,422,3,1,0,9,-8,0,0,0,0,0,0,0,1,1,0,0,0,0.0,0.0,0.0,24.08,24.08,24.08
00-0033681,Keelan Cole,WR,2021,NYJ,14,1,0,0,0,0,0,0,0,0,51,28,449,1,0,0,0,0,0,0,0.08777969018932874,0.15773741089905727,0.2420857229133332,50.900000000000006,78.9,78.9
00-0033699,Austin Ekeler,RB,2021,LAC,16,0,0,0,0,0,206,911,12,1,94,70,647,8,1,3,0,0,3,0,0.1426403641881639,0.03364817001180637,0.23751426529051028,273.8,343.8,343.8
00-0033720,Colin Thompson,TE,2021,CAR,3,0,0,0,0,0,0,0,0,0,1,0,0,0,0,0,0,0,0,0,0.0017391304347826088,0.0011319900384876612,0.003401088679115276,0.0,0.0,0.0
00-0033725,Corey Clement,RB,2021,DAL,11,0,0,0,0,0,33,140,0,0,7,6,29,1,0,0,0,0,0,0,0.01098901098901099,0.0023455824863174357,0.018125424223938688,22.900000000000002,28.900000000000002,28.9
00-0033733,Greg Ward,WR,2021,PHI,10,2,2,0,0,0,0,0,0,0,11,7,95,3,0,0,0,0,0,0,0.023504273504273504,0.02009456264775414,0.04932260410983815,27.58,34.58,34.58
00-0033757,Robert Tonyan,TE,2021,GB,8,0,0,0,0,0,0,0,0,0,29,18,204,2,0,0,0,0,0,0,0.05087719298245614,0.057230231542158144,0.11637695155319491,32.400000000000006,50.400000000000006,50.400000000000006
00-0033839,Dede Westbrook,WR,2021,MIN,15,0,0,0,0,0,0,0,0,0,15,10,68,0,0,0,0,0,0,0,0.025951557093425604,0.02271788517141677,0.05482985526013015,6.800000000000001,16.8,16.8
00-0033854,Dare Ogunbowale,RB,2021,JAX,13,0,0,0,0,0,43,137,1,0,21,13,114,1,0,0,0,0,0,0,0.036020583190394515,0.0065057712486883525,0.058584914659673616,37.1,50.1,50.1
00-0033856,Leonard Fournette,RB,2021,TB,14,1,0,0,0,0,180,812,8,0,84,69,454,2,0,0,0,0,0,0,0.11731843575418995,0.009670851713607058,0.18274724983080987,186.60000000000002,255.60000000000002,255.6
00-0033857,JuJu Smith-Schuster,WR,2021,PIT,5,0,0,0,0,0,3,9,1,0,28,15,129,0,0,0,0,0,0,0,0.042879019908116385,0.041225501239017796,0.09317638072948703,19.8,34.8,34.8
00-0033858,Jonnu Smith,TE,2021,NE,16,0,0,0,0,0,9,40,0,0,45,28,294,1,0,0,0,0,0,0,0.08587786259541985,0.058069029850746266,0.16946511478865217,39.4,67.4,67.4
00-0033869,Mitchell Trubisky,QB,2021,BUF,5,8,43,0,1,0,13,24,1,0,0,0,0,0,0,0,0,0,0,0,0.0,0.0,0.0,8.120000000000001,8.120000000000001,8.120000000000001
00-0033871,Corey Davis,WR,2021,NYJ,9,0,0,0,0,0,0,0,0,0,59,34,492,4,0,1,0,0,1,0,0.10154905335628227,0.1759025063232927,0.2754553344607283,71.2,105.2,105.2
00-0033873,Patrick Mahomes,QB,2021,KC,17,658,4839,37,13,1,66,381,2,1,0,0,0,0,0,4,2,2,0,0,0.0,0.0,0.0,361.66,361.66,361.66
00-0033879,O.J. Howard,TE,2021,TB,10,0,0,0,0,0,0,0,0,0,21,14,135,1,0,0,0,0,0,0,0.029329608938547486,0.02307431286053614,0.06014643241019653,19.5,33.5,33.5
00-0033881,Evan Engram,TE,2021,NYG,15,0,0,0,0,0,1,-3,0,0,73,46,408,3,0,1,0,0,1,0,0.12943262411347517,0.08388723355489343,0.25286999965863816,56.5,102.5,102.5
00-0033885,David Njoku,TE,2021,CLE,15,0,0,0,0,0,1,1,0,0,53,36,475,4,0,0,0,0,0,0,0.1062124248496994,0.10065237651444547,0.2297753008346609,71.6,107.6,107.6
00-0033891,Zay Jones,WR,2021,LV,15,0,0,0,0,0,2,3,0,0,70,47,546,1,0,1,0,0,1,0,0.11608623548922056,0.1913978494623656,0.30810784785748674,58.900000000000006,105.9,105.9
00-0033893,Dalvin Cook,RB,2021,MIN,13,0,0,0,0,0,249,1159,6,1,49,34,224,0,0,2,0,2,0,0,0.0847750865051903,-0.016315572077653863,0.11574172930342777,172.3,206.3,206.3
00-0033895,Gerald Everett,TE,2021,SEA,15,0,0,0,0,0,3,20,0,0,63,48,478,4,0,2,0,0,2,0,0.13291139240506328,0.07144403550552067,0.24937791346145938,69.80000000000001,117.80000000000001,117.80000000000001
00-0033896,Adam Shaheen,TE,2021,MIA,7,0,0,0,0,0,0,0,0,0,16,12,110,0,0,0,0,0,0,0,0.02671118530884808,0.020577052113621114,0.0544707144428069,11.0,23.0,23.0
00-0033897,Joe Mixon,RB,2021,CIN,16,0,0,0,0,0,292,1205,13,0,48,42,314,3,0,1,0,1,0,0,0.08888888888888889,-0.0018194223334091425,0.13205973769994694,245.9,287.9,287.9
00-0033906,Alvin Kamara,RB,2021,NO,13,0,0,0,0,0,240,898,4,0,67,47,439,5,0,0,0,0,0,0,0.14135021097046413,0.020560747663551402,0.22641783982018218,187.70000000000002,234.70000000000002,234.70000000000002
00-0033908,Cooper Kupp,WR,2021,LA,17,1,0,0,0,0,4,18,0,0,191,145,1947,16,1,0,0,0,0,0,0.31727574750830567,0.31963381379041683,0.6996572909157502,294.5,439.5,439.5
00-0033921,Chris Godwin Jr.,WR,2021,TB,14,0,0,0,0,0,4,21,1,0,127,98,1103,5,0,2,0,0,2,0,0.17737430167597765,0.15795724465558195,0.3766315237728738,144.4,242.4,242.4
00-0033923,Kareem Hunt,RB,2021,CLE,8,0,0,0,0,0,78,386,5,1,27,22,174,0,0,0,0,0,0,0,0.05410821643286573,0.0009319664492078285,0.08181470116374408,88.0,110.0,110.0
00-0033925,D'Onta Foreman,RB,2021,TEN,9,0,0,0,0,0,133,566,3,0,11,9,123,0,0,1,0,1,0,0,0.0210727969348659,-0.00024968789013732833,0.031434413879202726,84.9,93.9,93.89999999999999
00-0033932,Kenny Golladay,WR,2021,NYG,14,0,0,0,0,0,0,0,0,0,76,37,521,0,0,0,0,0,0,0,0.1347517730496454,0.2406600962640385,0.37058972695929504,52.1,89.1,89.1
00-0033936,C.J. Beathard,QB,2021,JAX,2,2,33,0,0,0,1,2,0,0,0,0,0,0,0,0,0,0,0,0,0.0,0.0,0.0,1.52,1.52,1.52
00-0033943,Josh Reynolds,WR,2021,DET,11,0,0,0,0,0,0,0,0,0,49,29,396,2,0,0,0,0,0,0,0.09386973180076628,0.16679151061173533,0.25755865512936416,51.6,80.6,80.6
00-0033948,Jamaal Williams,RB,2021,DET,13,0,0,0,0,0,153,601,3,0,28,26,157,0,0,0,0,0,0,0,0.049557522123893805,0.0026434047052603755,0.07618666647952296,93.8,119.8,119.8
00-0033950,Wayne Gallman,RB,2021,MIN,7,0,0,0,0,0,28,104,0,0,3,1,21,0,0,0,0,0,0,0,0.005415162454873646,0.0012068549360366883,0.008967542137536151,12.5,13.5,13.5
00-0033951,Marlon Mack,RB,2021,IND,5,0,0,0,0,0,28,101,0,0,5,2,8,0,0,0,0,0,0,0,0.0099601593625498,0.004,0.017740239043824702,10.9,12.9,12.900000000000002
00-0033955,Jeremy McNichols,RB,2021,TEN,13,0,0,0,0,0,41,156,0,0,38,28,240,1,0,0,0,0,0,0,0.07279693486590039,-0.0004993757802746567,0.10884583925265832,45.6,73.6,73.6
00-0033957,Rodney Adams,WR,2021,CHI,1,0,0,0,0,0,0,0,0,0,1,0,0,0,0,0,0,0,0,0,0.0019083969465648854,0.0033370411568409346,0.0051985242296359825,0.0,0.0,0.0
00-0033958,Nathan Peterman,QB,2021,LV,1,0,0,0,0,0,2,2,0,0,0,0,0,0,0,0,0,0,0,0,0.0,0.0,0.0,0.2,0.2,0.2
00-0034011,Dan Arnold,TE,2021,JAX,11,0,0,0,0,0,0,0,0,0,52,35,408,0,1,1,0,0,1,0,0.09043478260869565,0.07697532261716097,0.18953489974505616,40.800000000000004,75.80000000000001,75.80000000000001
00-0034052,Brandon Zylstra,WR,2021,CAR,12,1,0,0,0,0,0,0,0,0,25,18,250,1,0,0,0,0,0,0,0.043478260869565216,0.05931627801675345,0.10673878591607525,31.0,49.0,49.0
00-0034054,River Cracraft,WR,2021,SF,3,0,0,0,0,0,0,0,0,0,0,0,0,0,0,0,0,0,0,0,0.0,0.0,0.0,0.0,0.0,0.0
00-0034073,Ross Dwelley,TE,2021,SF,4,0,0,0,0,0,0,0,0,0,5,4,51,1,0,0,0,0,0,0,0.01006036217303823,0.014738945790657007,0.02540780531301725,11.100000000000001,15.100000000000001,15.100000000000001
00-0034104,Cam Sims,WR,2021,WAS,12,0,0,0,0,0,1,7,0,0,23,15,211,2,0,0,0,0,0,0,0.04307116104868914,0.06480582524271844,0.10997081924293661,33.8,48.8,48.8
00-0034109,Phillip Lindsay,RB,2021,MIA,14,0,0,0,0,0,88,249,1,0,5,4,45,1,0,0,0,0,0,0,0.009560229445506692,-0.0027520640480360272,0.01241389933463482,41.400000000000006,45.400000000000006,45.400000000000006
00-0034115,Jeff Wilson,RB,2021,SF,8,0,0,0,0,0,79,294,2,0,8,7,31,0,0,0,0,0,0,0,0.01609657947686117,-0.002498126405196103,0.02239618073165448,44.5,51.5,51.50000000000001
00-0034131,Kurt Benkert,QB,2021,GB,1,0,0,0,0,0,2,-1,0,0,0,0,0,0,0,0,0,0,0,0,0.0,0.0,0.0,-0.1,-0.1,-0.1
00-0034132,Christian Blake,WR,2021,ATL,9,0,0,0,0,0,0,0,0,0,9,4,25,0,0,0,0,0,0,0,0.016245487364620937,0.013999517258025585,0.034167893127549316,2.5,6.5,6.5
00-0034159,Will Dissly,TE,2021,SEA,13,0,0,0,0,0,0,0,0,0,26,21,231,1,0,0,0,0,0,0,0.05485232067510549,0.02424767265641914,0.09925185187215163,29.1,50.1,50.1
00-0034164,Trenton Cannon,RB,2021,SF,10,0,0,0,0,0,3,4,0,0,0,0,0,0,0,1,0,0,0,0,0.0,0.0,0.0,0.4,0.4,0.4
00-0034177,Tim Boyle,QB,2021,DET,4,94,526,3,6,1,2,13,0,0,0,0,0,0,0,0,0,0,0,0,0.0,0.0,0.0,24.34,24.34,24.34
00-0034193,Kevin Rader,TE,2021,PIT,3,0,0,0,0,0,0,0,0,0,3,2,8,0,0,0,0,0,0,0,0.004594180704441042,0.0018022077044379365,0.008152816449768119,0.8,2.8,2.8
00-0034208,Mike Boone,RB,2021,DEN,3,0,0,0,0,0,4,35,0,0,2,2,22,0,0,0,0,0,0,0,0.0038684719535783366,-0.0004393673110720562,0.0054951508126170655,5.7,7.7,7.7
00-0034253,Dontrell Hilliard,RB,2021,TEN,8,0,0,0,0,0,56,350,2,0,26,19,87,0,0,1,0,1,0,0,0.04980842911877394,-0.005742821473158552,0.07069266864694992,53.7,72.7,72.7
00-0034270,Tyler Conklin,TE,2021,MIN,17,0,0,0,0,0,0,0,0,0,87,61,593,3,0,0,0,0,0,0,0.15051903114186851,0.09582817017761255,0.2928582658371316,77.30000000000001,138.3,138.3
00-0034272,Marquez Valdes-Scantling,WR,2021,GB,11,0,0,0,0,0,0,0,0,0,55,26,430,3,0,0,0,0,0,0,0.09649122807017543,0.21515945827872435,0.2953484629003702,61.0,87.0,87.0
00-0034279,Equanimeous St. Brown,WR,2021,GB,12,0,0,0,0,0,3,14,0,0,17,9,98,0,0,0,0,0,0,0,0.02982456140350877,0.0382262996941896,0.07149525189119588,11.200000000000001,20.200000000000003,20.200000000000003
00-0034297,Byron Pringle,WR,2021,KC,16,0,0,0,0,0,0,0,0,0,60,42,568,5,0,1,0,0,0,0,0.09419152276295134,0.12910372608257806,0.23165989240223164,86.80000000000001,128.8,128.8
00-0034301,Darrel Williams,RB,2021,KC,17,0,0,0,0,0,144,558,6,0,57,47,452,2,0,0,0,0,0,0,0.08948194662480377,0.01651560926485398,0.14578384642260342,149.0,196.0,196.0
00-0034311,Johnny Stanton,RB,2021,CLE,3,0,0,0,0,0,3,5,0,0,2,2,7,1,0,0,0,0,0,0,0.004008016032064128,0.0006989748369058714,0.0065013064339303015,7.2,9.2,9.2
00-0034317,Keith Kirkwood,WR,2021,CAR,3,0,0,0,0,0,0,0,0,0,7,3,17,0,0,0,0,0,0,0,0.01217391304347826,0.012451890423364274,0.026977192861572383,1.7000000000000002,4.7,4.7
00-0034319,Deon Yelder,TE,2021,TB,1,0,0,0,0,0,0,0,0,0,1,1,0,0,0,0,0,0,0,0,0.0013966480446927375,-0.00033932813030200206,0.0018574423758277046,0.0,1.0,1.0
00-0034331,Jaylen Samuels,RB,2021,HOU,3,0,0,0,0,0,5,9,0,0,4,3,14,0,0,0,0,0,0,0,0.0076481835564053535,-0.0010007505629221916,0.010771749940562495,2.3000000000000003,5.300000000000001,5.300000000000001
00-0034343,Josh Rosen,QB,2021,ATL,3,11,19,0,2,0,0,0,0,0,0,0,0,0,0,0,0,0,0,0,0.0,0.0,0.0,-3.24,-3.24,-3.24
00-0034348,Courtland Sutton,WR,2021,DEN,17,1,16,0,0,0,0,0,0,0,98,58,776,2,1,0,0,0,0,0,0.1895551257253385,0.33150263620386644,0.5163845339307143,92.24000000000001,150.24,150.24
00-0034351,Dallas Goedert,TE,2021,PHI,15,0,0,0,0,0,0,0,0,0,76,56,830,4,1,0,0,0,0,0,0.1623931623931624,0.1520094562647754,0.3499963629750864,109.0,165.0,165.0
00-0034353,Anthony Miller,WR,2021,PIT,3,0,0,0,0,0,0,0,0,0,12,6,25,1,0,0,0,0,0,0,0.022944550669216062,0.019014260695521642,0.04772680849068924,8.5,14.5,14.5
00-0034364,Jordan Akins,TE,2021,HOU,12,0,0,0,0,0,1,3,0,0,33,24,214,0,0,2,0,0,2,0,0.06309751434034416,0.051788841631223416,0.13089846065237265,17.700000000000003,41.7,41.7
00-0034365,Ian Thomas,TE,2021,CAR,14,0,0,0,0,0,0,0,0,0,30,18,188,0,0,0,0,0,0,0,0.05217391304347826,0.041430835408648406,0.10726245435127127,18.8,36.8,36.8
00-0034366,Keke Coutee,WR,2021,IND,1,0,0,0,0,0,0,0,0,0,1,1,5,0,0,0,0,0,0,0,0.00199203187250996,0.00125,0.00386304780876494,0.5,1.5,1.5
00-0034367,Nyheim Hines,RB,2021,IND,17,0,0,0,0,0,56,276,2,0,57,40,310,1,0,2,0,0,0,0,0.11354581673306773,0.02825,0.1900937250996016,76.6,116.6,116.6
00-0034378,Ito Smith,RB,2021,DAL,1,0,0,0,0,0,1,4,1,0,0,0,0,0,0,0,0,0,0,0,0.0,0.0,0.0,6.4,6.4,6.4
00-0034383,Dalton Schultz,TE,2021,DAL,17,0,0,0,0,0,0,0,0,0,104,78,808,8,1,0,0,0,0,0,0.16326530612244897,0.14483971853010164,0.3462857621547446,130.8,208.8,208.8
00-0034395,Daurice Fountain,WR,2021,KC,1,0,0,0,0,0,0,0,0,0,0,0,0,0,0,0,0,0,0,0,0.0,0.0,0.0,0.0,0.0,0.0
00-0034400,Jordan Wilkins,RB,2021,TEN,2,0,0,0,0,0,0,0,0,0,0,0,0,0,0,0,0,0,0,0,0.0,0.0,0.0,0.0,0.0,0.0
00-0034401,Mike White,QB,2021,NYJ,4,132,953,5,8,0,5,-1,0,0,0,0,0,0,1,0,0,0,0,0,0.0,0.0,0.0,44.019999999999996,44.019999999999996,44.019999999999996
00-0034407,Ray-Ray McCloud,WR,2021,PIT,16,0,0,0,0,0,2,15,0,0,66,39,277,0,0,1,0,0,0,0,0.10107197549770292,0.0948411804460464,0.21799678955878685,29.200000000000003,68.2,68.2
00-0034411,Russell Gage,WR,2021,ATL,13,0,0,0,0,0,0,0,0,0,94,66,770,4,0,2,0,0,2,0,0.16967509025270758,0.21288921071687184,0.40353508288087164,97.0,163.0,163.0
00-0034414,Boston Scott,RB,2021,PHI,11,0,0,0,0,0,87,373,7,0,16,13,83,0,0,1,0,1,0,0,0.03418803418803419,-0.002127659574468085,0.04979268957992363,85.6,98.6,98.60000000000001
00-0034418,Cedrick Wilson Jr.,WR,2021,DAL,14,3,88,0,0,0,2,11,0,0,61,45,602,6,1,0,0,0,0,0,0.09576138147566719,0.11630179827990618,0.2250533310094351,102.82000000000001,147.82,147.82
00-0034419,Braxton Berrios,WR,2021,NYJ,16,0,0,0,0,0,7,40,2,0,65,46,431,2,0,1,0,0,1,1,0.11187607573149742,0.07633938836514141,0.22125168545284513,75.1,121.1,121.1
00-0034433,Nick Bawden,RB,2021,NYJ,1,0,0,0,0,0,0,0,0,0,1,1,20,0,0,0,0,0,0,0,0.0017211703958691911,0.002069441250862267,0.004030364469407374,2.0,3.0,3.0
00-0034438,Logan Woodside,QB,2021,TEN,4,0,0,0,0,0,6,-6,0,0,0,0,0,0,0,0,0,0,0,0,0.0,0.0,0.0,-0.6000000000000001,-0.6000000000000001,-0.6000000000000001
00-0034440,Justin Jackson,RB,2021,LAC,14,0,0,0,0,0,68,364,2,0,25,22,178,0,0,1,0,1,0,0,0.03793626707132018,0.003935458480913027,0.05965922154361939,64.2,86.2,86.2
00-0034449,Buddy Howell,RB,2021,LA,5,0,0,0,0,0,5,11,0,0,0,0,0,0,0,0,0,0,0,0,0.0,0.0,0.0,1.1,1.1,1.1
00-0034487,Trent Sherfield,WR,2021,SF,12,0,0,0,0,0,0,0,0,0,20,9,87,1,0,0,0,0,0,0,0.04024144869215292,0.04346739945041219,0.09078935265351791,14.700000000000001,23.700000000000003,23.700000000000003
00-0034521,Allen Lazard,WR,2021,GB,14,0,0,0,0,0,3,32,0,0,60,40,513,8,0,0,0,0,0,0,0.10526315789473684,0.14132809086937528,0.25682440045066796,102.5,142.5,142.5
00-0034577,Kyle Allen,QB,2021,WAS,2,19,120,1,0,0,2,11,0,0,0,0,0,0,0,1,1,0,0,0,0.0,0.0,0.0,7.9,7.9,7.9
00-0034578,Reggie Bonnafon,RB,2021,CAR,1,0,0,0,0,0,1,4,0,0,2,2,12,0,0,0,0,0,0,0,0.0034782608695652175,0.0006791940230925968,0.005692827120512644,1.6,3.6,3.6
00-0034597,Ryan Nall,RB,2021,CHI,5,0,0,0,0,0,1,4,0,0,1,1,4,0,0,0,0,0,0,0,0.0019083969465648854,0.0008898776418242492,0.003485509769124303,0.8,1.8,1.8
00-0034614,Godwin Igwebuike,RB,2021,DET,15,0,0,0,0,0,18,118,1,0,10,7,60,0,0,2,0,2,0,0,0.017699115044247787,0.003965107057890563,0.029324247506895076,19.8,26.8,26.8
00-0034631,Vyncint Smith,WR,2021,NYJ,1,0,0,0,0,0,0,0,0,0,1,0,0,0,0,0,0,0,0,0,0.0017211703958691911,0.004138882501724534,0.005478973345010961,0.0,0.0,0.0
00-0034646,Brandon Powell,WR,2021,LA,6,0,0,0,0,0,0,0,0,0,0,0,0,0,0,0,0,0,0,1,0.0,0.0,0.0,6.0,6.0,6.0
00-0034652,Cameron Batson,WR,2021,TEN,4,0,0,0,0,0,2,15,0,0,5,2,15,1,0,0,0,0,0,0,0.009578544061302681,0.020973782771535582,0.02904946403202893,9.0,11.0,11.0
00-0034669,Jordan Veasy,WR,2021,HOU,1,0,0,0,0,0,0,0,0,0,0,0,0,0,0,0,0,0,0,0,0.0,0.0,0.0,0.0,0.0,0.0
00-0034672,Ethan Wolf,TE,2021,NO,1,0,0,0,0,0,0,0,0,0,2,2,8,0,0,0,0,0,0,0,0.004219409282700422,0.000534045393858478,0.006702945699751567,0.8,2.8,2.8
00-0034676,James Washington,WR,2021,PIT,15,0,0,0,0,0,2,13,0,0,44,24,285,2,0,0,0,0,0,0,0.06738131699846861,0.11579184501013742,0.18212626700479911,41.8,65.8,65.8
00-0034681,Chase Edmonds,RB,2021,ARI,12,0,0,0,0,0,116,592,2,0,53,43,311,0,0,1,0,0,1,0,0.09298245614035087,0.00519774011299435,0.14311210228962234,100.30000000000001,143.3,143.3
00-0034686,Auden Tate,WR,2021,CIN,4,0,0,0,0,0,0,0,0,0,4,3,39,1,0,0,0,0,0,0,0.007407407407407408,0.010234250625426428,0.01827508654890961,9.9,12.9,12.9
00-0034735,Codey McElroy,TE,2021,TB,1,0,0,0,0,0,0,0,0,0,1,0,0,0,0,0,0,0,0,0,0.0013966480446927375,0.0018663047166610112,0.0034013853687018137,0.0,0.0,0.0
00-0034750,Rashaad Penny,RB,2021,SEA,10,0,0,0,0,0,119,749,6,0,8,6,48,0,0,0,0,0,0,0,0.016877637130801686,-0.0034639532366313053,0.022891688430560615,115.7,121.7,121.7
00-0034753,Mark Andrews,TE,2021,BAL,17,0,0,0,0,0,1,0,0,0,153,107,1361,9,2,0,0,0,0,0,0.25888324873096447,0.3008409785932722,0.5989135581117372,194.1,301.1,301.1
00-0034764,Michael Gallup,WR,2021,DAL,9,0,0,0,0,0,0,0,0,0,62,35,445,2,0,0,0,0,0,0,0.09733124018838304,0.14112587959343237,0.24478497599797722,56.5,91.5,91.5
00-0034765,Tre'Quan Smith,WR,2021,NO,10,0,0,0,0,0,0,0,0,0,50,32,377,3,0,0,0,0,0,0,0.10548523206751055,0.12817089452603472,0.24794747426949015,55.7,87.7,87.7
00-0034766,Chris Herndon,TE,2021,MIN,6,0,0,0,0,0,0,0,0,0,7,4,40,1,0,0,0,0,0,0,0.012110726643598616,0.005989260636100785,0.02235857241066847,10.0,14.0,14.0
00-0034771,Mason Rudolph,QB,2021,PIT,2,58,277,1,1,0,5,53,0,0,0,0,0,0,0,0,0,0,0,0,0.0,0.0,0.0,18.380000000000003,18.380000000000003,18.380000000000003
00-0034775,Christian Kirk,WR,2021,ARI,17,1,33,0,0,0,1,11,0,0,103,77,982,5,0,0,0,0,0,0,0.18070175438596492,0.27141242937853105,0.46104133214391907,130.62,207.62,207.62
00-0034777,DJ Chark,WR,2021,JAX,3,0,0,0,0,0,0,0,0,0,22,7,154,2,0,0,0,0,0,0,0.03773584905660377,0.07534102833158447,0.1093424934170148,27.4,34.4,34.4
00-0034791,Nick Chubb,RB,2021,CLE,14,0,0,0,0,0,228,1259,8,0,25,20,174,1,0,1,0,1,0,0,0.050100200400801605,0.0032618825722274,0.07743361840176159,195.3,215.3,215.3
00-0034796,Lamar Jackson,QB,2021,BAL,12,382,2882,16,13,2,133,767,2,0,0,0,0,0,0,3,1,2,0,0,0.0,0.0,0.0,239.98000000000002,239.98000000000002,239.98000000000002
00-0034798,Durham Smythe,TE,2021,MIA,16,0,0,0,0,0,2,3,0,0,41,34,357,0,0,0,0,0,0,0,0.06844741235392321,0.05815253858197271,0.14337789553826571,36.0,70.0,70.0
00-0034799,Kalen Ballage,RB,2021,PIT,8,0,0,0,0,0,12,36,0,0,7,2,8,0,0,0,0,0,0,0,0.010719754977029096,0.0004505519261094841,0.016395018813820283,4.4,6.4,6.4
00-0034808,John Kelly,RB,2021,CLE,1,0,0,0,0,0,2,13,0,0,0,0,0,0,0,0,0,0,0,0,0.0,0.0,0.0,1.3,1.3,1.3
00-0034816,Ronald Jones,RB,2021,TB,15,0,0,0,0,0,101,428,4,0,13,10,64,0,0,2,0,2,0,0,0.018156424581005588,-0.002544960977265015,0.025453164187422873,69.2,79.2,79.20000000000002
00-0034827,DJ Moore,WR,2021,CAR,17,0,0,0,0,0,8,48,0,0,163,93,1157,4,1,1,0,0,1,0,0.28347826086956524,0.39257414534752094,0.7000192930476126,144.5,237.5,237.5
00-0034829,Mike Gesicki,TE,2021,MIA,17,1,0,0,0,0,0,0,0,0,112,73,780,2,1,0,0,0,0,0,0.18697829716193656,0.23439946320733618,0.44454706998804017,92.0,165.0,165.0
00-0034830,Hayden Hurst,TE,2021,ATL,12,0,0,0,0,0,0,0,0,0,31,26,221,3,0,1,0,0,1,0,0.05595667870036101,0.04948105237750423,0.11857175471479448,38.1,64.1,64.1
00-0034837,Calvin Ridley,WR,2021,ATL,5,0,0,0,0,0,0,0,0,0,52,31,281,2,0,0,0,0,0,0,0.09386281588447654,0.12575428433502292,0.22882222286123083,40.1,71.1,71.1
00-0034838,Royce Freeman,RB,2021,HOU,12,0,0,0,0,0,56,169,0,0,16,10,77,0,0,0,0,0,0,0,0.02782608695652174,-0.0013583880461851936,0.04078825880245298,24.6,34.6,34.6
00-0034844,Saquon Barkley,RB,2021,NYG,13,0,0,0,0,0,162,593,2,0,57,41,263,2,0,1,0,1,0,0,0.10106382978723404,0.0068760027504011,0.1564089466061318,107.60000000000001,148.60000000000002,148.60000000000002
00-0034845,Sony Michel,RB,2021,LA,17,0,0,0,0,0,208,845,4,0,33,21,128,1,0,1,0,1,0,0,0.054817275747508304,-0.0027269185820023374,0.08031707061386081,125.30000000000001,146.3,146.3
00-0034854,KhaDarel Hodge,WR,2021,DET,12,0,0,0,0,0,0,0,0,0,27,13,157,0,1,0,0,0,0,0,0.047787610619469026,0.08035950303991542,0.12793306805714433,17.700000000000003,30.700000000000003,30.700000000000003
00-0034855,Baker Mayfield,QB,2021,CLE,14,418,3010,17,13,2,37,134,1,0,0,0,11,0,0,3,3,0,0,0,0.0,0.0,0.0,180.9,180.9,180.9
00-0034857,Josh Allen,QB,2021,BUF,17,646,4407,36,15,1,122,763,6,1,0,0,0,0,1,3,1,2,0,0,0.0,0.0,0.0,402.58,402.58,402.58
00-0034860,Dante Pettis,WR,2021,NYG,3,1,16,0,0,0,0,0,0,0,16,10,87,1,0,0,0,0,0,0,0.028368794326241134,0.023607609443043777,0.05907851809949234,15.340000000000002,25.340000000000003,25.340000000000003
00-0034867,Malik Turner,WR,2021,DAL,7,0,0,0,0,0,0,0,0,0,16,12,149,3,0,0,0,0,0,0,0.02511773940345369,0.029124315871774824,0.058063630215422914,32.9,44.9,44.9
00-0034869,Sam Darnold,QB,2021,CAR,12,406,2527,9,13,1,48,222,5,0,0,0,0,0,0,4,2,2,0,0,0.0,0.0,0.0,157.27999999999997,157.27999999999997,157.27999999999997
00-0034899,John Wolford,QB,2021,LA,2,4,5,0,1,0,2,-1,0,0,0,0,0,0,0,0,0,0,0,0,0.0,0.0,0.0,-1.9000000000000001,-1.9000000000000001,-1.9000000000000001
00-0034930,Trinity Benson,WR,2021,DET,7,0,0,0,0,0,0,0,0,0,22,10,103,0,0,0,0,0,0,0,0.03893805309734513,0.04625958234205657,0.0907887872854573,10.3,20.3,20.3
00-0034955,Brett Rypien,QB,2021,DEN,1,2,0,0,0,0,0,0,0,0,0,0,0,0,0,0,0,0,0,0,0.0,0.0,0.0,0.0,0.0,0.0
00-0034960,Jakobi Meyers,WR,2021,NE,16,2,45,0,0,0,1,9,0,0,126,83,866,2,2,1,0,0,1,0,0.24045801526717558,0.2847481343283582,0.5600107169306141,103.3,186.3,186.3
00-0034972,Alexander Mattison,RB,2021,MIN,16,0,0,0,0,0,134,491,3,0,39,32,228,1,0,1,0,1,0,0,0.06747404844290658,0.0006195786864931846,0.1016447777449051,93.9,125.9,125.89999999999999
00-0034981,Foster Moreau,TE,2021,LV,15,0,0,0,0,0,0,0,0,0,44,30,373,3,0,0,0,0,0,0,0.07296849087893864,0.0635386119257087,0.15392976466640404,55.300000000000004,85.30000000000001,85.30000000000001
00-0034983,Hunter Renfrow,WR,2021,LV,17,0,0,0,0,0,3,3,0,0,128,103,1038,9,0,1,0,0,1,0,0.21227197346600332,0.16187683284457477,0.4317217431902073,156.10000000000002,259.1,259.1
00-0034988,Kaden Smith,TE,2021,NYG,4,0,0,0,0,0,0,0,0,0,3,3,33,0,0,0,0,0,0,0,0.005319148936170213,0.0050424020169608065,0.011508404816127884,3.3000000000000003,6.300000000000001,6.300000000000001
00-0035021,Ashton Dulin,WR,2021,IND,16,0,0,0,0,0,3,32,0,0,22,13,173,2,0,0,0,0,0,0,0.043824701195219126,0.076,0.11893705179282868,32.5,45.5,45.5
00-0035022,Penny Hart,WR,2021,SEA,11,0,0,0,0,0,0,0,0,0,12,7,59,0,0,0,0,0,0,0,0.02531645569620253,0.023381684347261313,0.05434186258738671,5.9,12.9,12.9
00-0035040,David Blough,QB,2021,DET,1,0,0,0,0,0,1,6,0,0,0,0,0,0,0,0,0,0,0,0,0.0,0.0,0.0,0.6000000000000001,0.6000000000000001,0.6000000000000001
00-0035045,D.J. Montgomery,WR,2021,NYJ,2,0,0,0,0,0,0,0,0,0,6,3,36,0,0,0,0,0,0,0,0.010327022375215147,0.008967578753736492,0.021767838690438263,3.6,6.6,6.6
00-0035101,Davion Davis,WR,2021,HOU,2,0,0,0,0,0,0,0,0,0,3,1,17,0,0,0,0,0,0,0,0.0057361376673040155,0.0035026269702276708,0.011056045380115393,1.7000000000000002,2.7,2.7
00-0035126,Antoine Wesley,WR,2021,ARI,8,0,0,0,0,0,0,0,0,0,32,19,208,3,0,0,0,0,0,0,0.056140350877192984,0.07163841807909604,0.13435741897115672,38.8,57.8,57.8
00-0035140,Mecole Hardman,WR,2021,KC,17,0,0,0,0,0,8,46,0,0,83,59,693,2,0,2,0,1,1,0,0.130298273155416,0.12326283987915408,0.2817313976485319,81.9,140.9,140.89999999999998
00-0035164,Cody Thompson,WR,2021,SEA,2,0,0,0,0,0,0,0,0,0,0,0,0,0,0,0,0,0,0,0,0.0,0.0,0.0,0.0,0.0,0.0
00-0035184,Devine Ozigbo,RB,2021,NO,1,0,0,0,0,0,1,-3,0,0,1,1,7,0,0,0,0,0,0,0,0.002109704641350211,0.001068090787716956,0.003912220513427185,0.4,1.4,1.4
00-0035187,Austin Walter,RB,2021,NYJ,4,0,0,0,0,0,26,101,1,0,3,2,9,0,0,0,0,0,0,0,0.0051635111876075735,-0.002069441250862267,0.006296657905807773,17.0,19.0,19.0
00-0035208,Olamide Zaccheaus,WR,2021,ATL,15,0,0,0,0,0,1,2,0,0,53,31,406,3,0,0,0,0,0,0,0.09566787003610108,0.11513396089790007,0.22409557768268165,58.800000000000004,89.80000000000001,89.80000000000001
00-0035215,Deonte Harty,WR,2021,NO,13,0,0,0,0,0,5,41,0,0,59,36,570,3,0,1,0,0,0,0,0.12447257383966245,0.15620827770360482,0.296054655152017,79.1,115.1,115.1
00-0035216,Diontae Johnson,WR,2021,PIT,16,0,0,0,0,0,5,53,0,0,169,107,1161,8,1,2,0,0,2,0,0.25880551301684535,0.32439738679882857,0.615286440284448,167.4,274.4,274.4
00-0035217,Benny Snell,RB,2021,PIT,16,0,0,0,0,0,36,98,0,0,4,2,13,0,0,0,0,0,0,0,0.006125574272588055,-0.0009011038522189682,0.008557588712328805,11.100000000000001,13.100000000000001,13.100000000000001
00-0035218,Sutton Smith,RB,2021,LV,1,0,0,0,0,0,0,0,0,0,0,0,0,0,0,0,0,0,0,0,0.0,0.0,0.0,0.0,0.0,0.0
00-0035222,Zach Gentry,TE,2021,PIT,10,0,0,0,0,0,0,0,0,0,25,19,167,0,0,0,0,0,0,0,0.03828483920367534,0.016895697229105656,0.06925424686588696,16.7,35.7,35.7
00-0035228,Kyler Murray,QB,2021,ARI,14,481,3787,24,10,0,88,423,5,0,0,0,7,0,0,0,0,0,0,0,0.0,0.0,0.0,300.48,300.48,300.47999999999996
00-0035229,T.J. Hockenson,TE,2021,DET,12,0,0,0,0,0,0,0,0,0,84,61,583,4,1,0,0,0,0,0,0.1486725663716814,0.16283372984403913,0.3369924604483495,84.30000000000001,145.3,145.3
00-0035243,Miles Sanders,RB,2021,PHI,12,0,0,0,0,0,137,754,0,1,34,26,158,0,0,1,0,1,0,0,0.07264957264957266,-0.00425531914893617,0.10599563557010366,91.2,117.2,117.2
00-0035246,J.J. Arcega-Whiteside,WR,2021,PHI,7,0,0,0,0,0,0,0,0,0,5,2,36,0,0,0,0,0,0,0,0.010683760683760684,0.009692671394799054,0.022810511002000364,3.6,5.6,5.6
00-0035249,Josh Oliver,TE,2021,BAL,11,0,0,0,0,0,0,0,0,0,15,9,66,0,0,0,0,0,0,0,0.025380710659898477,0.02408256880733945,0.05492886415498534,6.6000000000000005,15.600000000000001,15.600000000000001
00-0035250,Devin Singletary,RB,2021,BUF,17,0,0,0,0,0,188,870,7,0,50,40,228,1,0,0,0,0,0,0,0.08025682182985554,0.0007469654528478057,0.12090810856177676,157.8,197.8,197.8
00-0035259,Trevon Wesco,TE,2021,NYJ,8,0,0,0,0,0,0,0,0,0,5,3,35,0,0,0,0,0,0,0,0.008605851979345954,0.0006898137502874224,0.013391647594220126,3.5,6.5,6.5
00-0035261,Tony Pollard,RB,2021,DAL,15,0,0,0,0,0,130,719,2,0,46,39,337,0,0,0,0,0,0,1,0.07221350078492936,0.001563721657544957,0.1094148563376755,123.60000000000001,162.60000000000002,162.60000000000002
00-0035268,Ryquell Armstead,RB,2021,JAX,2,0,0,0,0,0,15,80,0,0,4,3,16,0,0,0,0,0,0,0,0.00686106346483705,0.0,0.010291595197255574,9.600000000000001,12.600000000000001,12.6
00-0035273,Qadree Ollison,RB,2021,ATL,6,0,0,0,0,0,21,105,1,0,6,4,12,0,0,1,0,1,0,0,0.010830324909747292,0.0,0.016245487364620937,15.700000000000003,19.700000000000003,19.7
00-0035289,Gardner Minshew,QB,2021,PHI,3,60,439,4,1,0,9,21,0,0,0,0,0,0,0,0,0,0,0,0,0.0,0.0,0.0,33.660000000000004,33.660000000000004,33.660000000000004
00-0035291,Trayveon Williams,RB,2021,CIN,4,0,0,0,0,0,15,51,0,0,2,1,4,0,0,0,0,0,0,0,0.003703703703703704,-0.0015919945417329998,0.0044411593763424555,5.5,6.5,6.500000000000001
00-0035298,Scott Miller,WR,2021,TB,6,0,0,0,0,0,2,43,1,0,9,5,38,0,0,0,0,0,0,0,0.012569832402234637,0.01985069562266712,0.032750235539218936,14.1,19.1,19.1
00-0035304,Cullen Gillaspia,RB,2021,NYG,4,0,0,0,0,0,0,0,0,0,0,0,0,0,0,0,0,0,0,0,0.0,0.0,0.0,0.0,0.0,0.0
00-0035308,Tommy Sweeney,TE,2021,BUF,7,0,0,0,0,0,0,0,0,0,12,9,44,1,0,0,0,0,0,0,0.019261637239165328,0.01288515406162465,0.03791206370188525,10.4,19.4,19.4
00-0035311,Myles Gaskin,RB,2021,MIA,17,0,0,0,0,0,173,612,3,0,63,49,234,4,0,1,0,1,0,0,0.10517529215358931,0.007157235517781257,0.16277300309283083,124.60000000000001,173.60000000000002,173.60000000000002
00-0035329,Donald Parham,TE,2021,LAC,13,0,0,0,0,0,0,0,0,0,27,20,190,3,1,0,0,0,0,0,0.0409711684370258,0.023809523809523808,0.07812341932220536,39.0,59.0,59.0
00-0035341,Trenton Irwin,WR,2021,CIN,5,0,0,0,0,0,0,0,0,0,5,2,34,0,0,0,0,0,0,0,0.009259259259259259,0.01955879008414828,0.027580041947792684,3.4000000000000004,5.4,5.4
00-0035342,Patrick Laird,RB,2021,MIA,3,0,0,0,0,0,1,4,0,0,3,3,17,0,0,0,0,0,0,0,0.005008347245409015,-0.0006709908297919928,0.007042827287259127,2.1,5.1,5.1
00-0035345,Chris Myarick,TE,2021,NYG,4,0,0,0,0,0,0,0,0,0,6,3,17,1,0,0,0,0,0,0,0.010638297872340425,0.002979601191840477,0.01804316764279897,7.7,10.7,10.7
00-0035350,Preston Williams,WR,2021,MIA,6,0,0,0,0,0,1,7,0,0,16,6,71,0,0,0,0,0,0,0,0.02671118530884808,0.030641914560501006,0.06151611815562282,7.800000000000001,13.8,13.8
00-0035356,Tyree Jackson,TE,2021,PHI,3,0,0,0,0,0,0,0,0,0,7,3,22,1,0,0,0,0,0,0,0.014957264957264958,0.016312056737588652,0.03385433715220949,8.2,11.2,11.2
00-0035359,David Sills,WR,2021,NYG,4,0,0,0,0,0,0,0,0,0,6,2,17,0,0,0,0,0,0,0,0.010638297872340425,0.013293605317442126,0.025262970530720123,1.7000000000000002,3.7,3.7
00-0035399,Stanley Morgan,WR,2021,CIN,11,0,0,0,0,0,1,3,0,0,4,2,11,0,0,0,0,0,0,0,0.007407407407407408,0.00727768933363657,0.01620549364465671,1.4000000000000001,3.4000000000000004,3.4000000000000004
00-0035406,Lil'Jordan Humphrey,WR,2021,NO,8,0,0,0,0,0,0,0,0,0,18,13,249,2,0,0,0,0,0,0,0.0379746835443038,0.05126835781041388,0.0928498757837454,36.900000000000006,49.900000000000006,49.900000000000006
00-0035414,Jalen Guyton,WR,2021,LAC,16,0,0,0,0,0,7,34,0,0,48,31,448,3,0,0,0,0,0,0,0.07283763277693475,0.09897678079496261,0.17854019572187596,66.2,97.2,97.2
00-0035428,Daniel Helm,TE,2021,LV,3,0,0,0,0,0,0,0,0,0,2,1,-1,0,0,0,0,0,0,0,0.003316749585406302,0.00019550342130987292,0.005111976773026364,-0.1,0.9,0.9
00-0035432,Jason Moore,WR,2021,LAC,1,0,0,0,0,0,0,0,0,0,4,3,56,0,0,0,0,0,0,0,0.006069802731411229,0.011806375442739079,0.017369166907034196,5.6000000000000005,8.600000000000001,8.600000000000001
00-0035448,Damarea Crockett,RB,2021,DEN,1,0,0,0,0,0,3,7,0,0,0,0,0,0,0,0,0,0,0,0,0.0,0.0,0.0,0.7000000000000001,0.7000000000000001,0.7000000000000001
00-0035457,Tyron Johnson,WR,2021,LV,7,0,0,0,0,0,0,0,0,0,5,2,16,0,0,0,0,0,0,0,0.008576329331046312,0.021406086044071352,0.027848754227419413,1.6,3.6,3.6
00-0035480,Malik Taylor,WR,2021,GB,7,0,0,0,0,0,0,0,0,0,3,2,14,0,0,1,0,0,0,0,0.005263157894736842,0.00655307994757536,0.012481892805408016,1.4000000000000001,3.4000000000000004,3.4000000000000004
00-0035500,Greg Dortch,WR,2021,ARI,5,0,0,0,0,0,1,24,0,0,3,3,15,0,0,0,0,0,0,0,0.005263157894736842,-0.003615819209039548,0.00536366339577758,3.9000000000000004,6.9,6.9
00-0035510,Jeff Smith,WR,2021,NYJ,9,0,0,0,0,0,1,-1,0,0,17,8,113,0,0,0,0,0,0,0,0.029259896729776247,0.044148080018395035,0.07479350110754089,11.200000000000001,19.200000000000003,19.200000000000003
00-0035527,Andy Isabella,WR,2021,ARI,3,0,0,0,0,0,0,0,0,0,1,1,13,0,0,0,0,0,0,0,0.0017543859649122807,0.0013559322033898306,0.0035807314897413024,1.3,2.3,2.3
00-0035535,Darius Slayton,WR,2021,NYG,13,0,0,0,0,0,1,-13,0,0,58,26,339,2,0,1,0,0,1,0,0.10283687943262411,0.17717167086866834,0.27827548875700403,42.6,68.6,68.6
00-0035537,Ty Johnson,RB,2021,NYJ,15,0,0,0,0,0,61,238,2,0,55,34,372,2,0,1,0,1,0,0,0.09466437177280551,0.03012186709588411,0.16308186462632715,83.0,117.0,117.0
00-0035544,Tom Kennedy,WR,2021,DET,6,1,75,1,0,0,0,0,0,0,10,6,54,0,0,0,0,0,0,0,0.017699115044247787,0.02035421623050489,0.0407966239277251,12.4,18.4,18.4
00-0035547,Joseph Fortson,TE,2021,KC,4,0,0,0,0,0,0,0,0,0,5,5,47,2,0,0,0,0,0,0,0.007849293563579277,0.007653575025176234,0.01713144286299228,16.7,21.7,21.7
00-0035562,Jesper Horsted,TE,2021,CHI,4,0,0,0,0,0,0,0,0,0,3,2,21,2,0,0,0,0,0,0,0.0057251908396946565,0.006896551724137931,0.013415372466438535,14.1,16.1,16.1
00-0035567,Craig Reynolds,RB,2021,DET,5,0,0,0,0,0,55,230,0,0,8,7,52,0,0,0,0,0,0,0,0.01415929203539823,0.0013217023526301878,0.022164129699938476,28.200000000000003,35.2,35.2
00-0035572,Parker Hesse,TE,2021,ATL,4,0,0,0,0,0,0,0,0,0,6,5,43,0,0,0,0,0,0,0,0.010830324909747292,0.005310161718561429,0.01996260056761394,4.3,9.3,9.3
00-0035593,Juwann Winfree,WR,2021,GB,5,0,0,0,0,0,0,0,0,0,13,8,58,0,0,1,0,0,1,0,0.02280701754385965,0.0163826998689384,0.04567841622404636,3.8000000000000007,11.8,11.8
00-0035594,Travis Homer,RB,2021,SEA,14,0,0,0,0,0,21,177,1,0,20,16,161,0,0,0,0,0,0,1,0.04219409282700422,0.010391859709893916,0.07056544103743208,45.800000000000004,61.800000000000004,61.8
00-0035602,Alex Bachman,WR,2021,NYG,2,0,0,0,0,0,1,-3,0,0,0,0,0,0,0,0,0,0,0,0,0.0,0.0,0.0,-0.30000000000000004,-0.30000000000000004,-0.30000000000000004
00-0035603,Kendall Blanton,TE,2021,LA,4,0,0,0,0,0,0,0,0,0,7,4,37,0,0,0,0,0,0,0,0.011627906976744186,0.008375535644721465,0.023304735416421304,3.7,7.7,7.7
00-0035621,Nsimba Webster,WR,2021,CHI,6,0,0,0,0,0,0,0,0,0,0,0,0,0,0,0,0,0,0,0,0.0,0.0,0.0,0.0,0.0,0.0
00-0035624,N'Keal Harry,TE,2021,NE,10,0,0,0,0,0,0,0,0,0,22,12,184,0,0,1,0,0,0,0,0.04198473282442748,0.07625932835820895,0.11635862908738748,18.400000000000002,30.400000000000002,30.400000000000002
00-0035628,D'Ernest Johnson,RB,2021,CLE,13,0,0,0,0,0,100,534,3,0,25,19,137,0,0,0,0,0,0,0,0.050100200400801605,0.0013979496738117428,0.07612886537287063,85.10000000000001,104.10000000000001,104.10000000000001
00-0035631,Drew Sample,TE,2021,CIN,10,0,0,0,0,0,0,0,0,0,15,11,81,0,0,0,0,0,0,0,0.027777777777777776,0.007959972708665,0.04723864756273216,8.1,19.1,19.1
00-0035639,Parris Campbell,WR,2021,IND,6,0,0,0,0,0,0,0,0,0,20,10,162,1,0,0,0,0,0,0,0.0398406374501992,0.0835,0.11821095617529881,22.2,32.2,32.2
00-0035640,DK Metcalf,WR,2021,SEA,17,0,0,0,0,0,1,6,0,0,129,75,967,12,0,0,0,0,0,0,0.2721518987341772,0.35418921844555096,0.6561603010131515,169.3,244.3,244.3
00-0035644,Noah Fant,TE,2021,DEN,16,0,0,0,0,0,0,0,0,0,90,68,670,4,0,0,0,0,0,0,0.17408123791102514,0.11862917398945519,0.34416227865915633,91.0,159.0,159.0
00-0035645,Gunner Olszewski,WR,2021,NE,16,0,0,0,0,0,1,9,0,0,3,2,31,0,0,0,0,0,0,0,0.0057251908396946565,0.006763059701492537,0.01332192805058676,4.0,6.0,6.0
00-0035657,Damien Harris,RB,2021,NE,15,0,0,0,0,0,202,929,15,0,21,18,132,0,0,2,0,2,0,0,0.04007633587786259,-0.0016324626865671641,0.05897177993619687,192.10000000000002,210.10000000000002,210.1
00-0035659,Terry McLaurin,WR,2021,WAS,17,0,0,0,0,0,1,12,0,0,130,77,1053,5,0,0,0,0,0,0,0.24344569288389514,0.41432038834951457,0.6551928111705029,136.5,213.5,213.5
00-0035662,Marquise Brown,WR,2021,BAL,16,0,0,0,0,0,1,5,0,0,146,91,1008,6,0,1,0,0,0,0,0.2470389170896785,0.3100152905198777,0.5875690789984321,137.3,228.3,228.3
00-0035664,Darrell Henderson,RB,2021,LA,12,0,0,0,0,0,149,688,5,0,40,29,176,3,0,0,0,0,0,0,0.0664451827242525,0.007206856252434749,0.10471257346308308,134.4,163.4,163.4
00-0035676,A.J. Brown,WR,2021,TEN,13,2,0,0,0,0,2,10,0,0,105,63,869,5,0,0,0,0,0,0,0.20114942528735633,0.3041198501872659,0.5146080330621206,117.9,180.9,180.9
00-0035685,David Montgomery,RB,2021,CHI,13,1,0,0,1,0,225,849,7,0,51,42,301,0,0,1,0,1,0,0,0.09732824427480916,0.010011123470522803,0.1530001528415797,153.0,195.0,195.0
00-0035689,Dawson Knox,TE,2021,BUF,15,0,0,0,0,1,0,4,0,0,71,49,587,9,0,0,0,0,0,0,0.11396468699839486,0.09785247432306256,0.2394437625237361,115.1,164.1,164.1
00-0035700,Josh Jacobs,RB,2021,LV,15,0,0,0,0,0,217,872,9,0,64,54,348,0,0,2,0,2,0,0,0.10613598673300166,-0.005278592375366569,0.1555089654367459,172.0,226.0,226.0
00-0035703,Miles Boykin,WR,2021,BAL,1,0,0,0,0,0,0,0,0,0,1,1,6,0,0,0,0,0,0,0,0.001692047377326565,0.0011467889908256881,0.003340823359567829,0.6000000000000001,1.6,1.6
00-0035704,Drew Lock,QB,2021,DEN,6,111,787,2,2,0,10,53,2,0,1,1,1,0,0,1,0,1,0,0,0.0019342359767891683,-0.0010984182776801407,0.002132461170807654,50.88,51.88,51.88
00-0035710,Daniel Jones,QB,2021,NYG,11,361,2428,10,7,1,62,298,2,2,1,1,16,0,0,3,2,1,0,0,0.0017730496453900709,0.002979601191840477,0.00474529530237344,166.52,167.52,167.52
00-0035715,Derrick Gore,RB,2021,KC,8,0,0,0,0,0,51,256,2,0,9,8,105,0,0,0,0,0,0,0,0.0141287284144427,0.002215508559919436,0.022743948613607654,48.1,56.1,56.1
00-0035719,Deebo Samuel Sr.,WR,2021,SF,16,2,24,1,0,0,59,365,8,0,121,77,1405,6,0,2,0,0,2,0,0.24346076458752516,0.257057207094679,0.545131191847563,261.96000000000004,338.96000000000004,338.96000000000004
00-0035726,Jakob Johnson,RB,2021,NE,6,0,0,0,0,0,0,0,0,0,5,4,43,0,0,0,0,0,0,0,0.009541984732824428,0.0023320895522388058,0.015945439785803806,4.3,8.3,8.3
00-0035752,Chris Streveler,QB,2021,ARI,2,9,36,0,0,0,3,6,0,0,0,0,0,0,0,0,0,0,0,0,0.0,0.0,0.0,2.04,2.04,2.04
00-0035760,Jacques Patrick,RB,2021,SF,1,0,0,0,0,0,2,12,0,0,0,0,0,0,0,0,0,0,0,0,0.0,0.0,0.0,1.2000000000000002,1.2000000000000002,1.2000000000000002
00-0035771,Mitchell Wilcox,TE,2021,CIN,4,0,0,0,0,0,0,0,0,0,5,3,16,0,0,0,0,0,0,0,0.009259259259259259,0.004321128041846714,0.01691367851818159,1.6,4.6,4.6
00-0035806,JaMycal Hasty,RB,2021,SF,11,0,0,0,0,0,16,68,1,0,29,23,157,0,0,1,0,0,0,0,0.05835010060362173,0.01748688483637272,0.0997659702908935,28.5,51.5,51.5
00-0035823,Ben Ellefson,TE,2021,MIN,3,0,0,0,0,0,0,0,0,0,1,0,0,0,0,0,0,0,0,0,0.0017301038062283738,0.0014456836018174309,0.0036071342306147622,0.0,0.0,0.0
00-0035831,James Robinson,RB,2021,JAX,14,0,0,0,0,0,164,767,8,0,46,31,222,0,0,2,0,2,0,0,0.07890222984562607,0.008394543546694649,0.12422952525112538,142.9,173.9,173.9
00-0035835,Nathan Cottrell,RB,2021,JAX,3,0,0,0,0,0,1,3,0,0,0,0,0,0,0,0,0,0,0,0,0.0,0.0,0.0,0.30000000000000004,0.30000000000000004,0.30000000000000004
00-0035838,Matt Cole,WR,2021,CAR,1,0,0,0,0,0,0,0,0,0,0,0,0,0,0,0,0,0,0,0,0.0,0.0,0.0,0.0,0.0,0.0
00-0035844,Kirk Merritt,WR,2021,MIA,1,0,0,0,0,0,0,0,0,0,3,1,13,0,0,0,0,0,0,0,0.005008347245409015,0.0125251621561172,0.01628013437739556,1.3,2.3,2.3
00-0035860,Tony Jones,RB,2021,NO,10,0,0,0,0,0,54,142,0,0,8,5,29,0,0,0,0,0,0,0,0.016877637130801686,0.000267022696929239,0.025503371584052994,17.1,22.1,22.1
00-0035864,Kendall Hinton,WR,2021,DEN,11,1,1,0,0,0,0,0,0,0,23,15,175,1,0,0,0,0,0,0,0.04448742746615087,0.0406414762741652,0.09518017459114195,23.54,38.54,38.54
00-0035883,Maurice Ffrench,WR,2021,LAC,2,0,0,0,0,0,1,3,0,0,0,0,0,0,0,0,0,0,0,0,0.0,0.0,0.0,0.30000000000000004,0.30000000000000004,0.30000000000000004
00-0035891,Cody White,WR,2021,PIT,6,0,0,0,0,0,0,0,0,0,6,5,33,0,0,0,0,0,0,0,0.009188361408882083,0.008560486596080198,0.019774882730579264,3.3000000000000003,8.3,8.3
00-0035898,Darius Bradwell,RB,2021,LAC,1,0,0,0,0,0,0,0,0,0,1,0,0,0,0,0,0,0,0,0,0.0015174506828528073,0.0001967729240456513,0.002413917071111167,0.0,0.0,0.0
00-0035924,Jonathan Ward,RB,2021,ARI,9,0,0,0,0,0,9,33,0,0,4,3,34,0,0,0,0,0,0,0,0.007017543859649123,0.0029378531073446326,0.012582812964614927,6.7,9.7,9.700000000000001
00-0035935,J.J. Koski,WR,2021,LA,3,0,0,0,0,0,0,0,0,0,0,0,0,0,0,1,0,0,0,0,0.0,0.0,0.0,0.0,0.0,0.0
00-0035956,Giovanni Ricci,TE,2021,CAR,8,0,0,0,0,0,0,0,0,0,2,0,0,0,0,0,0,0,0,0,0.0034782608695652175,0.005207154177043242,0.008862399228278096,0.0,0.0,0.0
00-0035957,Rodney Smith,RB,2021,CAR,1,0,0,0,0,0,0,0,0,0,5,5,48,0,0,0,0,0,0,0,0.008695652173913044,0.003622368123160516,0.015579135947081928,4.800000000000001,9.8,9.8
00-0035973,Patrick Taylor,RB,2021,GB,5,0,0,0,0,0,23,89,1,0,2,2,3,0,0,0,0,0,0,0,0.0035087719298245615,-0.00043687199650502403,0.004957347497183325,15.200000000000001,17.200000000000003,17.200000000000003
00-0035976,Dan Chisena,WR,2021,MIN,2,0,0,0,0,0,0,0,0,0,0,0,0,0,0,0,0,0,0,0,0.0,0.0,0.0,0.0,0.0,0.0
00-0035993,Tyler Huntley,QB,2021,BAL,7,188,1081,3,4,0,47,294,2,0,0,0,0,0,0,3,2,1,0,0,0.0,0.0,0.0,82.64,82.64,82.64
00-0036005,Noah Togiai,TE,2021,PHI,1,0,0,0,0,0,0,0,0,0,0,0,0,0,0,0,0,0,0,0,0.0,0.0,0.0,0.0,0.0,0.0
00-0036020,Salvon Ahmed,RB,2021,MIA,11,0,0,0,0,0,54,149,0,0,19,12,117,0,0,0,0,0,0,0,0.03171953255425709,0.009170208007157236,0.053998444436395704,26.6,38.6,38.6
00-0036032,Sean McKeon,TE,2021,DAL,5,0,0,0,0,0,0,0,0,0,6,4,27,1,0,0,0,0,0,0,0.009419152276295133,0.00527756059421423,0.01782302083039266,8.7,12.7,12.7
00-0036040,Juwan Johnson,TE,2021,NO,13,0,0,0,0,0,0,0,0,0,22,13,159,4,0,0,0,0,0,0,0.046413502109704644,0.06408544726301736,0.11448006624866913,39.9,52.9,52.9
00-0036069,Scottie Phillips,RB,2021,HOU,2,0,0,0,0,0,6,13,0,0,3,2,9,0,0,0,0,0,0,0,0.0057361376673040155,0.0005003752814610958,0.00895446919797879,2.2,4.2,4.2
00-0036080,Easop Winston,WR,2021,NO,3,0,0,0,0,0,0,0,0,0,1,1,5,0,0,0,0,0,0,0,0.002109704641350211,-0.001068090787716956,0.002416893410623447,0.5,1.5,1.5
00-0036096,J.J. Taylor,RB,2021,NE,5,0,0,0,0,0,19,37,2,0,4,4,8,0,0,1,0,0,1,0,0.007633587786259542,-0.0004664179104477612,0.01112388914207588,14.5,18.5,18.5
00-0036110,Ja'Marcus Bradley,WR,2021,CLE,4,0,0,0,0,0,0,0,0,0,4,4,64,0,0,0,0,0,0,0,0.008016032064128256,0.011183597390493943,0.019852566269538144,6.4,10.4,10.4
00-0036133,James Proche,WR,2021,BAL,7,0,0,0,0,0,0,0,0,0,20,16,202,0,0,0,0,0,0,0,0.0338409475465313,0.03669724770642202,0.07644949471429237,20.200000000000003,36.2,36.2
00-0036173,Tommy Hudson,TE,2021,TEN,4,0,0,0,0,0,0,0,0,0,6,3,31,0,0,0,0,0,0,0,0.011494252873563218,0.00749063670411985,0.022484825003228723,3.1,6.1,6.1
00-0036176,Mason Kinsey,WR,2021,TEN,1,0,0,0,0,0,0,0,0,0,0,0,0,0,0,0,0,0,0,0,0.0,0.0,0.0,0.0,0.0,0.0
00-0036182,Nick Westbrook-Ikhine,WR,2021,TEN,15,0,0,0,0,0,0,0,0,0,57,38,476,4,0,1,0,0,1,0,0.10919540229885058,0.15131086142322098,0.26971070644453055,69.6,107.6,107.6
00-0036183,Kristian Wilkerson,WR,2021,NE,1,0,0,0,0,0,0,0,0,0,8,4,42,2,0,0,0,0,0,0,0.015267175572519083,0.030783582089552237,0.04444927082146519,16.2,20.2,20.2
00-0036187,Reggie Gilliam,RB,2021,BUF,8,0,0,0,0,0,3,3,0,0,5,3,23,0,0,0,0,0,0,0,0.008025682182985553,0.00392156862745098,0.014783621313694015,2.6,5.6,5.6000000000000005
00-0036196,Gabe Davis,WR,2021,BUF,15,0,0,0,0,0,0,0,0,0,63,35,549,6,0,0,0,0,0,0,0.10112359550561797,0.15798319327731092,0.2622736285525446,90.9,125.9,125.9
00-0036197,Jake Fromm,QB,2021,NYG,3,60,210,1,3,0,8,65,0,0,0,0,0,0,0,1,1,0,0,0,0.0,0.0,0.0,10.9,10.9,10.9
00-0036208,Artavis Pierce,RB,2021,CHI,1,0,0,0,0,0,0,0,0,0,0,0,0,0,0,0,0,0,0,0,0.0,0.0,0.0,0.0,0.0,0.0
00-0036212,Tua Tagovailoa,QB,2021,MIA,13,388,2653,16,10,1,42,128,3,0,0,0,0,0,0,1,1,0,0,0,0.0,0.0,0.0,180.92000000000002,180.92000000000002,180.92000000000002
00-0036219,Marquez Callaway,WR,2021,NO,17,0,0,0,0,0,0,0,0,0,84,46,698,6,0,0,0,0,0,0,0.17721518987341772,0.28304405874499333,0.46395362593162187,105.8,151.8,151.8
00-0036223,Jonathan Taylor,RB,2021,IND,17,0,0,0,0,0,332,1811,18,0,51,40,360,2,0,2,0,2,0,0,0.10159362549800798,-0.01125,0.14451543824701196,333.1,373.1,373.1
00-0036226,Jacob Eason,QB,2021,IND,1,5,25,0,1,0,0,0,0,0,0,0,0,0,0,0,0,0,0,0,0.0,0.0,0.0,-1.0,-1.0,-1.0
00-0036228,Dezmon Patmon,WR,2021,IND,4,0,0,0,0,0,0,0,0,0,4,2,21,1,0,0,0,0,0,0,0.00796812749003984,0.009,0.01825219123505976,8.1,10.1,10.1
00-0036232,Harrison Bryant,TE,2021,CLE,15,0,0,0,0,0,0,0,0,0,28,21,233,3,0,0,0,0,0,0,0.056112224448897796,0.06011183597390494,0.12624662185508015,41.3,62.3,62.3
00-0036233,Donovan Peoples-Jones,WR,2021,CLE,13,0,0,0,0,0,0,0,0,0,58,34,597,3,0,1,0,0,1,0,0.11623246492985972,0.21062441752096925,0.321785789659468,75.7,109.7,109.7
00-0036244,Colby Parkinson,TE,2021,SEA,5,0,0,0,0,0,0,0,0,0,8,5,33,0,0,0,0,0,0,0,0.016877637130801686,0.01017536263260446,0.03243920953902565,3.3000000000000003,8.3,8.3
00-0036247,Freddie Swain,WR,2021,SEA,17,0,0,0,0,0,5,32,0,0,40,25,343,4,0,0,0,0,0,0,0.08438818565400844,0.07014505304178394,0.17568381561026142,61.5,86.5,86.5
00-0036250,Tyler Davis,TE,2021,GB,8,0,0,0,0,0,0,0,0,0,5,4,35,0,0,0,0,0,0,0,0.008771929824561403,0.008300567933595456,0.018968292290358922,3.5,7.5,7.5
00-0036251,Zack Moss,RB,2021,BUF,13,0,0,0,0,0,96,345,4,0,32,23,197,1,0,1,0,0,1,0,0.051364365971107544,0.004855275443510738,0.08044524176711883,82.2,105.2,105.2
00-0036252,Michael Pittman,WR,2021,IND,17,0,0,0,0,0,5,44,0,0,129,88,1082,6,1,0,0,0,0,0,0.25697211155378485,0.31325,0.6047331673306773,150.60000000000002,238.60000000000002,238.60000000000002
00-0036254,Collin Johnson,WR,2021,NYG,8,0,0,0,0,0,0,0,0,0,21,11,105,0,0,0,0,0,0,0,0.03723404255319149,0.04079761631904653,0.0844093952531198,10.5,21.5,21.5
00-0036255,Denzel Mims,WR,2021,NYJ,10,0,0,0,0,0,0,0,0,0,23,8,133,0,0,0,0,0,0,0,0.039586919104991396,0.061623361692343066,0.10251673184212723,13.3,21.3,21.3
00-0036259,Jauan Jennings,WR,2021,SF,13,0,0,0,0,0,0,0,0,0,38,24,282,5,0,0,0,0,0,0,0.07645875251509054,0.08868348738446165,0.17676656994175896,58.2,82.2,82.2
00-0036261,Brandon Aiyuk,WR,2021,SF,17,0,0,0,0,0,5,17,0,0,84,56,826,5,1,1,0,0,1,0,0.16901408450704225,0.20309767674244317,0.39568950048027357,114.30000000000001,170.3,170.3
00-0036264,Jordan Love,QB,2021,GB,6,62,411,2,3,0,12,27,0,1,0,0,0,0,0,1,1,0,0,0,0.0,0.0,0.0,21.14,21.14,21.14
00-0036265,AJ Dillon,RB,2021,GB,17,0,0,0,0,0,187,803,5,0,37,34,313,2,0,1,0,1,0,0,0.06491228070175438,0.0030581039755351682,0.0995090938355062,151.60000000000002,185.60000000000002,185.60000000000002
00-0036268,Laviska Shenault Jr.,WR,2021,JAX,16,0,0,0,0,0,11,41,0,0,100,63,619,0,0,1,0,0,1,0,0.17152658662092624,0.11542497376705142,0.33808736156832536,64.0,127.0,127.0
00-0036269,La'Mical Perine,RB,2021,NYJ,2,0,0,0,0,0,8,31,0,0,0,0,0,0,0,0,0,0,0,0,0.0,0.0,0.0,3.1,3.1,3.1
00-0036271,Quez Watkins,WR,2021,PHI,17,0,0,0,0,0,1,3,0,0,62,43,647,1,1,0,0,0,0,0,0.13247863247863248,0.17635933806146573,0.32216948536097473,73.0,116.0,116.0
00-0036275,D'Andre Swift,RB,2021,DET,13,1,0,0,0,0,151,617,5,0,78,62,452,2,0,1,0,0,1,0,0.13805309734513274,-0.0002643404705260375,0.2068946076883309,146.9,208.9,208.9
00-0036277,Quintez Cephus,WR,2021,DET,5,0,0,0,0,0,0,0,0,0,22,15,204,2,1,0,0,0,0,0,0.03893805309734513,0.06634945810203542,0.10485170031744248,34.400000000000006,49.400000000000006,49.400000000000006
00-0036278,Jason Huntley,RB,2021,PHI,1,0,0,0,0,0,13,51,0,0,1,0,0,0,0,0,0,0,0,0,0.002136752136752137,0.0,0.0032051282051282055,5.1000000000000005,5.1000000000000005,5.1000000000000005
00-0036290,Cole Kmet,TE,2021,CHI,17,0,0,0,0,0,1,0,0,0,93,60,612,0,0,0,0,0,0,0,0.17748091603053434,0.1604004449388209,0.37850168550297614,61.2,121.2,121.2
00-0036297,Darrynton Evans,RB,2021,TEN,1,0,0,0,0,0,2,7,0,0,2,2,11,0,0,0,0,0,0,0,0.0038314176245210726,-0.0009987515605493133,0.005048000344397089,1.8,3.8,3.8000000000000003
00-0036308,Isaiah Coulter,WR,2021,CHI,1,0,0,0,0,0,0,0,0,0,1,0,0,0,0,0,0,0,0,0,0.0019083969465648854,0.00489432703003337,0.006288624340870687,0.0,0.0,0.0
00-0036309,Darnell Mooney,WR,2021,CHI,17,0,0,0,0,0,6,32,1,0,140,81,1055,4,0,0,0,0,0,0,0.26717557251908397,0.34616240266963294,0.643077040647369,138.7,219.7,219.7
00-0036322,Justin Jefferson,WR,2021,MIN,17,4,35,0,0,0,6,14,0,0,167,108,1616,10,0,1,0,0,1,0,0.2889273356401384,0.42606361007848,0.7316355305151436,222.4,330.4,330.40000000000003
00-0036326,Chase Claypool,WR,2021,PIT,15,0,0,0,0,0,14,96,0,0,105,59,860,2,0,0,0,0,0,0,0.16079632465543645,0.2707817075918,0.4307416822974146,107.60000000000001,166.60000000000002,166.6
00-0036328,Antonio Gibson,RB,2021,WAS,16,0,0,0,0,0,258,1037,7,1,52,42,294,3,0,4,0,3,1,0,0.09737827715355805,-0.002184466019417476,0.14453828951674486,187.1,229.1,229.1
00-0036331,Devin Duvernay,WR,2021,BAL,16,0,0,0,0,0,7,50,0,0,47,33,272,2,0,0,0,0,0,0,0.07952622673434856,0.054281345565749234,0.1572862819975473,44.2,77.2,77.2
00-0036332,Josiah Deguara,TE,2021,GB,14,0,0,0,0,0,0,0,0,0,33,25,245,2,0,0,0,0,0,0,0.05789473684210526,0.02490170380078637,0.10427329792370835,36.5,61.5,61.5
00-0036336,Anthony McFarland,RB,2021,PIT,2,0,0,0,0,0,3,3,0,0,1,1,11,0,0,0,0,0,0,0,0.0015313935681470138,0.0,0.002297090352220521,1.4000000000000001,2.4000000000000004,2.4000000000000004
00-0036340,Antonio Gandy-Golden,WR,2021,WAS,1,0,0,0,0,0,0,0,0,0,0,0,0,0,0,0,0,0,0,0,0.0,0.0,0.0,0.0,0.0,0.0
00-0036345,K.J. Osborn,WR,2021,MIN,17,0,0,0,0,0,1,10,0,0,82,50,655,7,0,0,0,0,0,0,0.14186851211072665,0.177819083023544,0.33727612628257075,108.5,158.5,158.5
00-0036355,Justin Herbert,QB,2021,LAC,17,672,5014,38,15,5,63,302,3,0,0,0,0,0,1,1,1,0,0,0,0.0,0.0,0.0,380.76,380.76,380.76
00-0036357,Henry Ruggs III,WR,2021,LV,7,0,0,0,0,0,3,16,0,0,36,24,469,2,0,0,0,0,0,0,0.05970149253731343,0.11886608015640274,0.17275849491545206,60.5,84.5,84.5
00-0036358,CeeDee Lamb,WR,2021,DAL,16,0,0,0,0,0,9,76,0,0,120,79,1102,6,0,0,0,0,0,0,0.18838304552590268,0.24100860046911649,0.4512805886172355,153.8,232.8,232.8
00-0036360,Clyde Edwards-Helaire,RB,2021,KC,10,0,0,0,0,0,119,517,4,0,23,19,129,2,1,2,0,2,0,0,0.03610675039246468,-0.010674723061430011,0.04668781944569601,98.60000000000001,117.60000000000001,117.60000000000001
00-0036365,Bryan Edwards,WR,2021,LV,16,0,0,0,0,0,1,0,0,0,59,34,571,3,0,0,0,0,0,0,0.0978441127694859,0.1616813294232649,0.2599430997505143,75.1,109.1,109.1
00-0036370,Joshua Kelley,RB,2021,LAC,8,0,0,0,0,0,33,102,0,0,6,5,38,0,0,1,0,1,0,0,0.009104704097116844,0.0025580480125934673,0.015447689754490693,12.0,17.0,17.0
00-0036382,K.J. Hill,WR,2021,LAC,6,0,0,0,0,0,0,0,0,0,3,3,30,0,0,0,0,0,0,0,0.004552352048558422,0.0035419126328217238,0.00930786691581284,3.0,6.0,6.0
00-0036383,Eno Benjamin,RB,2021,ARI,8,0,0,0,0,0,34,118,1,0,7,6,42,0,0,0,0,0,0,0,0.012280701754385965,-0.00022598870056497175,0.01826286054118347,22.0,28.0,28.0
00-0036387,Jalen Reagor,WR,2021,PHI,17,0,0,0,0,0,10,32,0,0,57,33,299,2,0,0,0,0,0,0,0.12179487179487179,0.12978723404255318,0.2735433715220949,45.1,78.1,78.1
00-0036389,Jalen Hurts,QB,2021,PHI,15,432,3144,16,9,3,139,784,10,0,1,0,0,0,0,2,1,1,0,0,0.002136752136752137,0.0007092198581560284,0.0037015821058374253,312.15999999999997,312.15999999999997,312.15999999999997
00-0036398,John Hightower,WR,2021,PHI,1,0,0,0,0,0,0,0,0,0,0,0,0,0,0,0,0,0,0,0,0.0,0.0,0.0,0.0,0.0,0.0
00-0036407,Jerry Jeudy,WR,2021,DEN,10,0,0,0,0,0,2,3,0,0,56,38,467,0,0,0,0,0,0,0,0.10831721470019343,0.13071177504393672,0.2539740645810459,47.0,85.0,85.0
00-0036410,Tee Higgins,WR,2021,CIN,14,0,0,0,0,0,0,0,0,0,110,74,1091,6,1,1,0,0,1,0,0.2037037037037037,0.300886968387537,0.5161764334268314,145.10000000000002,219.10000000000002,219.10000000000002
00-0036412,KJ Hamler,WR,2021,DEN,3,0,0,0,0,0,0,0,0,0,10,5,74,0,0,0,0,0,0,0,0.019342359767891684,0.04415641476274165,0.05992302998575668,7.4,12.4,12.4
00-0036414,Cam Akers,RB,2021,LA,1,0,0,0,0,0,5,3,0,0,3,3,10,0,0,0,0,0,0,0,0.0049833887043189366,0.001168679392286716,0.008293158631079106,1.3,4.3,4.3
00-0036415,Van Jefferson,WR,2021,LA,17,0,0,0,0,0,2,20,0,0,89,50,802,6,0,0,0,0,0,0,0.1478405315614618,0.23276197896377093,0.3846941826168323,118.2,168.2,168.2
00-0036422,Adam Trautman,TE,2021,NO,11,0,0,0,0,0,0,0,0,0,43,27,263,2,0,1,0,0,1,0,0.09071729957805907,0.06542056074766354,0.1818703418904531,36.3,63.3,63.3
00-0036423,Albert Okwuegbunam,TE,2021,DEN,14,0,0,0,0,0,0,0,0,0,40,33,330,2,0,1,0,0,1,0,0.07736943907156674,0.04964850615114236,0.15080811291314974,43.0,76.0,76.0
00-0036424,Brycen Hopkins,TE,2021,LA,1,0,0,0,0,0,0,0,0,0,1,1,9,0,0,0,0,0,0,0,0.0016611295681063123,0.000584339696143358,0.0029007321394598187,0.9,1.9,1.9
00-0036425,DeeJay Dallas,RB,2021,SEA,17,0,0,0,0,0,33,138,2,0,23,21,133,0,0,0,0,0,0,0,0.04852320675105485,0.008443386014288807,0.07869518033658444,39.1,60.1,60.1
00-0036427,Tyler Johnson,WR,2021,TB,16,0,0,0,0,0,0,0,0,0,55,36,360,0,0,0,0,0,0,0,0.07681564245810056,0.07329487614523245,0.16652987698881355,36.0,72.0,72.0
00-0036429,Charlie Woerner,TE,2021,SF,8,0,0,0,0,0,0,0,0,0,6,5,52,0,0,0,0,0,0,0,0.012072434607645875,0.012990257307019736,0.027201832026382627,5.2,10.2,10.2
00-0036438,Stephen Sullivan,TE,2021,CAR,1,0,0,0,0,0,0,0,0,0,1,0,0,0,0,0,0,0,0,0,0.0017391304347826088,-0.0004527960153950645,0.002291738441397368,0.0,0.0,0.0
00-0036439,Tyrie Cleveland,WR,2021,DEN,4,0,0,0,0,0,0,0,0,0,1,0,0,0,0,0,0,0,0,0,0.0019342359767891683,0.0010984182776801407,0.003670246759559851,0.0,0.0,0.0
00-0036442,Joe Burrow,QB,2021,CIN,16,520,4611,34,14,1,40,118,2,0,0,0,0,0,0,2,2,0,0,0,0.0,0.0,0.0,314.24,314.24,314.24
00-0036450,Ke'Shawn Vaughn,RB,2021,TB,6,0,0,0,0,0,36,180,2,0,8,4,26,0,0,0,0,0,0,0,0.0111731843575419,0.002205632846963013,0.018303719529186958,32.6,36.6,36.6
00-0036456,Dominique Dafney,TE,2021,GB,6,0,0,0,0,0,0,0,0,0,4,2,34,0,0,0,0,0,0,0,0.007017543859649123,0.00218435998252512,0.012055367777241269,3.4000000000000004,5.4,5.4
00-0036457,Ty'Son Williams,RB,2021,BAL,7,0,0,0,0,0,35,185,1,0,12,9,84,0,0,0,0,0,0,0,0.02030456852791878,0.005733944954128441,0.03447061425976808,32.900000000000006,41.900000000000006,41.9
00-0036474,Sammis Reyes,TE,2021,WAS,2,0,0,0,0,0,0,0,0,0,0,0,0,0,0,0,0,0,0,0,0.0,0.0,0.0,0.0,0.0,0.0
00-0036482,Mike Strachan,WR,2021,IND,2,0,0,0,0,0,0,0,0,0,3,2,26,0,0,0,0,0,0,0,0.00597609561752988,0.0135,0.01841414342629482,2.6,4.6,4.6
00-0036491,Tarik Black,WR,2021,NYJ,1,0,0,0,0,0,0,0,0,0,2,1,10,0,0,0,0,0,0,0,0.0034423407917383822,0.004138882501724534,0.008060728938814748,1.0,2.0,2.0
00-0036493,Deon Jackson,RB,2021,IND,3,0,0,0,0,0,13,31,1,0,0,0,0,0,0,0,0,0,0,0,0.0,0.0,0.0,9.1,9.1,9.1
00-0036510,Kenny Yeboah,TE,2021,NYJ,3,0,0,0,0,0,0,0,0,0,3,2,36,0,0,0,0,0,0,0,0.0051635111876075735,0.011037020004598759,0.01547118078463049,3.6,5.6,5.6
00-0036523,Trey Ragas,RB,2021,LV,1,0,0,0,0,0,1,9,0,0,2,2,6,0,0,0,0,0,0,0,0.003316749585406302,-0.0013685239491691105,0.004017157613691076,1.5,3.5,3.5
00-0036526,Dillon Stoner,WR,2021,LV,2,0,0,0,0,0,0,0,0,0,0,0,0,0,0,0,0,0,0,0,0.0,0.0,0.0,0.0,0.0,0.0
00-0036534,Shane Zylstra,TE,2021,DET,3,0,0,0,0,0,0,0,0,0,7,3,34,0,0,0,0,0,0,0,0.012389380530973451,0.010044937879989427,0.025615527312452775,3.4000000000000004,6.4,6.4
00-0036550,Rashod Bateman,WR,2021,BAL,12,0,0,0,0,0,0,0,0,0,68,46,515,1,0,0,0,0,0,0,0.11505922165820642,0.1158256880733945,0.25366681413868575,57.5,103.5,103.5
00-0036554,Nico Collins,WR,2021,HOU,14,0,0,0,0,0,0,0,0,0,60,33,446,1,0,0,0,0,0,0,0.1147227533460803,0.159369527145359,0.28364279902087175,50.6,83.6,83.6
00-0036555,Chuba Hubbard,RB,2021,CAR,16,0,0,0,0,0,172,612,5,0,37,25,174,1,0,1,0,1,0,0,0.06434782608695652,0.0004527960153950645,0.09683869634121132,112.60000000000001,137.60000000000002,137.60000000000002
00-0036556,Brevin Jordan,TE,2021,HOU,8,0,0,0,0,0,0,0,0,0,28,20,178,3,0,0,0,0,0,0,0.05353728489483748,0.03977983487615712,0.10815181175556621,35.8,55.8,55.8
00-0036567,Elijah Mitchell,RB,2021,SF,11,0,0,0,0,0,207,963,5,0,20,19,137,1,0,0,0,0,0,0,0.04024144869215292,-0.0029977516862353237,0.05826374685786465,146.0,165.0,165.0
00-0036569,Gary Brightwell,RB,2021,NYG,7,0,0,0,0,0,1,4,0,0,1,1,6,0,0,0,0,0,0,0,0.0017730496453900709,0.00022920009168003668,0.002820014532261132,1.0,2.0,2.0
00-0036571,Marquez Stevenson,WR,2021,BUF,5,0,0,0,0,0,0,0,0,0,0,0,0,0,0,0,0,0,0,0,0.0,0.0,0.0,0.0,0.0,0.0
00-0036572,Shi Smith,WR,2021,CAR,5,0,0,0,0,0,1,-3,0,0,11,6,104,0,0,0,0,0,0,0,0.019130434782608695,0.016753452569617387,0.040423068972645214,10.100000000000001,16.1,16.1
00-0036582,Nate McCrary,RB,2021,BAL,1,0,0,0,0,0,1,-1,0,0,0,0,0,0,0,0,0,0,0,0,0.0,0.0,0.0,-0.1,-0.1,-0.1
00-0036598,Landen Akers,WR,2021,LA,1,0,0,0,0,0,0,0,0,0,0,0,0,0,0,0,0,0,0,0,0.0,0.0,0.0,0.0,0.0,0.0
00-0036613,Jaylen Waddle,WR,2021,MIA,16,0,0,0,0,0,2,3,1,0,140,104,1015,6,0,1,0,0,0,0,0.2337228714524207,0.22209796466114964,0.5060528824414359,143.8,247.8,247.8
00-0036620,Dee Eskridge,WR,2021,SEA,8,0,0,0,0,0,4,59,0,0,20,10,64,1,0,0,0,0,0,0,0.04219409282700422,0.05455726347694306,0.10148122367436647,18.3,28.3,28.3
00-0036626,Dyami Brown,WR,2021,WAS,10,0,0,0,0,0,1,-4,0,0,25,12,165,0,0,0,0,0,0,0,0.04681647940074907,0.0924757281553398,0.13495772880986145,16.1,28.1,28.1
00-0036627,Dez Fitzpatrick,WR,2021,TEN,3,0,0,0,0,0,0,0,0,0,8,5,49,1,0,0,0,0,0,0,0.01532567049808429,0.027215980024968788,0.04203969176460459,10.9,15.9,15.9
00-0036628,John Bates,TE,2021,WAS,12,0,0,0,0,0,0,0,0,0,25,20,249,1,0,0,0,0,0,0,0.04681647940074907,0.03616504854368932,0.09554025308170612,30.900000000000002,50.900000000000006,50.900000000000006
00-0036630,Tylan Wallace,WR,2021,BAL,10,0,0,0,0,0,0,0,0,0,6,2,23,0,0,0,0,0,0,0,0.01015228426395939,0.007262996941896025,0.020312524255266303,2.3000000000000003,4.300000000000001,4.300000000000001
00-0036635,Ihmir Smith-Marsette,WR,2021,MIN,6,0,0,0,0,0,0,0,0,0,6,5,116,2,0,0,0,0,0,0,0.010380622837370242,0.02643535729037588,0.03407568435931847,23.6,28.6,28.6
00-0036637,Noah Gray,TE,2021,KC,7,0,0,0,0,0,0,0,0,0,10,7,36,1,0,0,0,0,0,0,0.015698587127158554,0.004632426988922457,0.026790579582983552,9.6,16.6,16.6
00-0036650,Larry Rountree III,RB,2021,LAC,9,0,0,0,0,0,36,87,1,0,2,1,-1,0,0,0,0,0,0,0,0.0030349013657056147,-0.0001967729240456513,0.004414611001726466,14.6,15.6,15.600000000000001
00-0036652,Racey McMath,WR,2021,TEN,6,0,0,0,0,0,0,0,0,0,6,2,8,0,0,1,0,0,1,0,0.011494252873563218,0.016729088639200997,0.028951741357785526,-1.2,0.8,0.7999999999999998
00-0036654,Demetric Felton,RB,2021,CLE,15,0,0,0,0,0,7,24,0,0,21,18,181,2,0,0,0,0,0,0,0.04208416833667335,0.002096924510717614,0.06459409966251235,32.5,50.5,50.5
00-0036657,Seth Williams,WR,2021,DEN,1,0,0,0,0,0,0,0,0,0,1,1,34,0,0,0,0,0,0,0,0.0019342359767891683,0.006590509666080844,0.007514710731440343,3.4000000000000004,4.4,4.4
00-0036669,Kylin Hill,RB,2021,GB,8,0,0,0,0,0,10,24,0,0,2,1,5,0,0,0,0,0,0,0,0.0035087719298245615,-0.000655307994757536,0.004804442298406567,2.9000000000000004,3.9000000000000004,3.9000000000000004
00-0036670,Jermar Jefferson,RB,2021,DET,4,0,0,0,0,0,15,74,2,0,5,4,23,0,0,0,0,0,0,0,0.008849557522123894,0.0002643404705260375,0.013459374612554066,21.700000000000003,25.700000000000003,25.7
00-0036671,Dax Milne,WR,2021,WAS,9,0,0,0,0,0,1,1,0,0,14,9,83,0,0,1,0,0,1,0,0.026217228464419477,0.02475728155339806,0.056655939784007854,6.4,15.4,15.399999999999999
00-0036692,Miller Forristall,TE,2021,CLE,1,0,0,0,0,0,0,0,0,0,0,0,0,0,0,0,0,0,0,0,0.0,0.0,0.0,0.0,0.0,0.0
00-0036698,Mekhi Sargent,RB,2021,JAX,4,0,0,0,0,0,5,11,0,0,1,0,0,0,0,0,0,0,0,0,0.0019157088122605363,-0.0009987515605493133,0.0021744371260062853,1.1,1.1,1.1
00-0036734,Pooka Williams Jr.,RB,2021,CIN,1,0,0,0,0,0,0,0,0,0,0,0,0,0,0,0,0,0,0,0,0.0,0.0,0.0,0.0,0.0,0.0
00-0036741,Jack Stoll,TE,2021,PHI,6,0,0,0,0,0,0,0,0,0,5,4,22,0,0,0,0,0,0,0,0.010683760683760684,0.003309692671394799,0.018342425895617385,2.2,6.2,6.2
00-0036754,Brock Wright,TE,2021,DET,8,0,0,0,0,0,0,0,0,0,17,12,117,2,0,0,0,0,0,0,0.03008849557522124,0.018503832936822628,0.0580854264186077,23.700000000000003,35.7,35.7
00-0036755,Jaret Patterson,RB,2021,WAS,15,0,0,0,0,0,68,266,2,0,11,10,73,0,0,0,0,0,0,0,0.020599250936329586,-0.0007281553398058253,0.030389167666630305,45.9,55.9,55.900000000000006
00-0036768,JaQuan Hardy,RB,2021,DAL,2,0,0,0,0,0,4,29,1,0,0,0,0,0,0,0,0,0,0,0,0.0,0.0,0.0,8.9,8.9,8.9
00-0036799,Josh Johnson,RB,2021,SEA,1,0,0,0,0,0,0,0,0,0,0,0,0,0,0,0,0,0,0,0,0.0,0.0,0.0,0.0,0.0,0.0
00-0036825,Feleipe Franks,TE,2021,ATL,4,1,0,0,1,0,3,6,0,0,0,0,0,0,0,0,0,0,0,0,0.0,0.0,0.0,-1.4,-1.4,-1.4
00-0036842,Kene Nwangwu,RB,2021,MIN,9,0,0,0,0,0,13,61,0,0,5,4,9,0,0,0,0,0,0,2,0.00865051903114187,-0.0012391573729863693,0.012108368385622346,19.0,23.0,23.0
00-0036849,Tutu Atwell,WR,2021,LA,6,0,0,0,0,0,0,0,0,0,0,0,0,0,0,0,0,0,0,0,0.0,0.0,0.0,0.0,0.0,0.0
00-0036857,Chris Evans,RB,2021,CIN,9,0,0,0,0,0,17,77,0,0,17,15,151,2,0,0,0,0,0,0,0.03148148148148148,0.01137138958380714,0.05518219493088722,34.8,49.8,49.8
00-0036858,Jalen Camp,WR,2021,HOU,1,0,0,0,0,0,0,0,0,0,0,0,0,0,0,0,0,0,0,0,0.0,0.0,0.0,0.0,0.0,0.0
00-0036860,Jake Funk,RB,2021,LA,5,0,0,0,0,0,2,5,0,0,0,0,0,0,0,0,0,0,0,0,0.0,0.0,0.0,0.5,0.5,0.5
00-0036862,Ben Skowronek,WR,2021,LA,12,0,0,0,0,0,0,0,0,0,20,11,133,0,0,0,0,0,0,0,0.03322259136212625,0.04090377873003506,0.07846653215421392,13.3,24.3,24.3
00-0036875,Rhamondre Stevenson,RB,2021,NE,12,0,0,0,0,0,133,606,5,0,18,14,123,0,0,1,0,0,1,0,0.03435114503816794,-0.0011660447761194029,0.05071048621396833,100.9,114.9,114.89999999999999
00-0036876,Kylen Granson,TE,2021,IND,10,0,0,0,0,0,0,0,0,0,15,11,106,0,0,0,0,0,0,0,0.029880478087649404,0.01475,0.055145717131474106,10.600000000000001,21.6,21.6
00-0036877,Jaelon Darden,WR,2021,TB,9,0,0,0,0,0,1,11,0,0,12,6,43,0,0,0,0,0,0,0,0.01675977653631285,0.02646759416355616,0.04366698071895858,5.4,11.4,11.4
00-0036879,Sam Ehlinger,QB,2021,IND,3,0,0,0,0,0,3,9,0,0,0,0,0,0,0,0,0,0,0,0,0.0,0.0,0.0,0.9,0.9,0.9
00-0036887,Luke Farrell,TE,2021,JAX,8,0,0,0,0,0,0,0,0,0,11,7,56,0,0,0,0,0,0,0,0.018867924528301886,0.015320041972717734,0.03902591617335524,5.6000000000000005,12.600000000000001,12.600000000000001
00-0036893,Najee Harris,RB,2021,PIT,17,0,0,0,0,0,307,1200,7,0,94,74,467,3,0,0,0,0,0,0,0.1439509954058193,-0.002928587519711647,0.2138764818449308,226.70000000000002,300.70000000000005,300.7
00-0036894,Pat Freiermuth,TE,2021,PIT,16,0,0,0,0,0,0,0,0,0,79,60,497,7,1,1,0,0,1,0,0.12098009188361408,0.09731921603964858,0.24959358905317514,91.7,151.7,151.7
00-0036898,Davis Mills,QB,2021,HOU,13,394,2664,16,10,1,18,44,0,1,0,0,0,0,0,1,1,0,0,0,0.0,0.0,0.0,156.96,156.96,156.96
00-0036900,Ja'Marr Chase,WR,2021,CIN,17,0,0,0,0,0,7,21,0,0,128,81,1455,13,0,1,0,0,1,0,0.23703703703703705,0.36775073914032297,0.6129810729537817,223.6,304.6,304.6
00-0036906,Khalil Herbert,RB,2021,CHI,16,0,0,0,0,0,103,433,2,0,16,14,96,0,0,0,0,0,0,0,0.030534351145038167,-0.0011123470522803114,0.04502288378096103,64.9,78.9,78.9
00-0036907,Dazz Newsome,WR,2021,CHI,3,0,0,0,0,0,0,0,0,0,5,2,23,0,0,0,0,0,0,0,0.009541984732824428,0.008008898776418243,0.01991920624272941,2.3000000000000003,4.300000000000001,4.300000000000001
00-0036910,C.J. Saunders,WR,2021,CAR,1,0,0,0,0,0,0,0,0,0,2,2,11,0,0,0,0,0,0,0,0.0034782608695652175,0.002490378084672855,0.006960655963618825,1.1,3.1,3.1
00-0036912,DeVonta Smith,WR,2021,PHI,17,0,0,0,0,0,0,0,0,0,104,64,916,5,1,1,0,0,1,0,0.2222222222222222,0.34893617021276596,0.5775886524822695,121.60000000000001,185.60000000000002,185.60000000000002
00-0036913,Kadarius Toney,WR,2021,NYG,9,3,19,0,0,0,3,6,0,0,57,39,420,0,0,0,0,0,0,0,0.10106382978723404,0.08411643364657345,0.21047724823345246,43.36,82.36,82.36
00-0036918,Jacob Harris,WR,2021,LA,2,0,0,0,0,0,0,0,0,0,0,0,0,0,0,0,0,0,0,0,0.0,0.0,0.0,0.0,0.0,0.0
00-0036919,Kenny Gainwell,RB,2021,PHI,16,0,0,0,0,0,68,291,5,1,50,33,253,1,0,1,0,1,0,0,0.10683760683760683,0.02198581560283688,0.17564648117839607,90.4,123.4,123.4
00-0036924,Michael Carter,RB,2021,NYJ,14,0,0,0,0,0,147,639,4,0,55,36,325,0,0,1,0,0,1,0,0.09466437177280551,0.007587951253161646,0.14730812353642142,118.4,154.4,154.4
00-0036929,Ian Book,QB,2021,NO,1,20,135,0,2,0,3,6,0,0,0,0,0,0,0,0,0,0,0,0,0.0,0.0,0.0,2.0000000000000004,2.0000000000000004,2.0000000000000004
00-0036936,Rondale Moore,WR,2021,ARI,14,0,0,0,0,0,18,76,0,0,64,54,435,1,0,1,0,0,0,0,0.11228070175438597,0.0207909604519774,0.18297472494796313,57.1,111.1,111.1
00-0036939,Kawaan Baker,WR,2021,NO,1,0,0,0,0,0,0,0,0,0,0,0,0,0,0,0,0,0,0,0,0.0,0.0,0.0,0.0,0.0,0.0
00-0036945,Justin Fields,QB,2021,CHI,12,270,1870,7,10,0,72,420,2,0,0,0,0,0,0,5,4,1,0,0,0.0,0.0,0.0,126.80000000000001,126.80000000000001,126.80000000000001
00-0036946,Kellen Mond,QB,2021,MIN,1,3,5,0,0,0,0,0,0,0,0,0,0,0,0,0,0,0,0,0,0.0,0.0,0.0,0.2,0.2,0.2
00-0036950,Avery Williams,RB,2021,ATL,15,0,0,0,0,0,0,0,0,0,0,0,0,0,0,0,0,0,0,0,0.0,0.0,0.0,0.0,0.0,0.0
00-0036951,Frank Darby,WR,2021,ATL,4,0,0,0,0,0,0,0,0,0,4,1,14,0,0,0,0,0,0,0,0.007220216606498195,0.020033791938209027,0.02485397926649361,1.4000000000000001,2.4000000000000004,2.4000000000000004
00-0036955,Terrace Marshall Jr.,WR,2021,CAR,12,0,0,0,0,0,0,0,0,0,30,17,138,0,1,0,0,0,0,0,0.05217391304347826,0.04776997962417931,0.1116998553021429,15.8,32.8,32.8
00-0036959,Michael Bandy,WR,2021,LAC,1,0,0,0,0,0,0,0,0,0,0,0,0,0,0,0,0,0,0,0,0.0,0.0,0.0,0.0,0.0,0.0
00-0036963,Amon-Ra St. Brown,WR,2021,DET,16,0,0,0,0,0,7,61,1,0,119,90,912,5,2,0,0,0,0,0,0.21061946902654868,0.2196669310071372,0.46969605524481906,137.3,227.3,227.3
00-0036970,Kyle Pitts,TE,2021,ATL,17,0,0,0,0,0,0,0,0,0,110,68,1026,1,0,0,0,0,0,0,0.19855595667870035,0.28795558773835384,0.49940284643489824,108.60000000000001,176.60000000000002,176.60000000000002
00-0036971,Trevor Lawrence,QB,2021,JAX,17,602,3641,12,17,2,73,334,2,0,0,0,0,0,0,5,5,0,0,0,0.0,0.0,0.0,199.04000000000002,199.04000000000002,199.04000000000002
00-0036972,Mac Jones,QB,2021,NE,17,521,3801,22,13,2,44,129,0,0,0,0,0,0,0,3,2,1,0,0,0.0,0.0,0.0,224.94,224.94,224.94
00-0036980,Elijah Moore,WR,2021,NYJ,11,0,0,0,0,0,5,54,1,0,77,43,538,5,0,0,0,0,0,0,0.13253012048192772,0.20671418716946424,0.3434951117415166,95.2,138.2,138.2
00-0036984,Trey Sermon,RB,2021,SF,6,0,0,0,0,0,41,167,1,0,4,3,26,0,0,0,0,0,0,0,0.008048289738430584,0.002498126405196103,0.013821123091283149,25.3,28.3,28.3
00-0036988,Josh Palmer,WR,2021,LAC,15,0,0,0,0,0,1,6,0,0,49,33,353,4,0,0,0,0,0,0,0.07435508345978756,0.09622195985832349,0.1788879970905078,59.9,92.9,92.9
00-0036991,Amari Rodgers,WR,2021,GB,16,0,0,0,0,0,1,11,0,0,8,4,45,0,0,0,0,0,0,0,0.014035087719298246,0.00873743993010048,0.027168839530017704,5.6000000000000005,9.600000000000001,9.6
00-0036997,Javonte Williams,RB,2021,DEN,17,0,0,0,0,0,203,903,4,0,53,43,316,3,0,1,0,1,0,0,0.10251450676982592,-0.0026362038664323375,0.15192641744823623,161.9,204.9,204.9
00-0036999,Anthony Schwartz,WR,2021,CLE,13,0,0,0,0,0,6,39,0,0,23,10,135,1,0,0,0,0,0,0,0.04609218436873747,0.09226467847157502,0.13372355148320872,23.400000000000002,33.400000000000006,33.4
00-0037004,Hunter Long,TE,2021,MIA,3,0,0,0,0,0,0,0,0,0,3,1,8,0,0,0,0,0,0,0,0.005008347245409015,0.002236636099306643,0.009078166137628171,0.8,1.8,1.8
00-0037005,Tommy Tremble,TE,2021,CAR,15,0,0,0,0,0,3,11,1,0,35,20,180,1,1,0,0,0,0,0,0.06086956521739131,0.06497622820919176,0.13678770757252118,33.1,53.1,53.1
00-0037011,Tre' McKitty,TE,2021,LAC,6,0,0,0,0,0,0,0,0,0,8,6,45,0,0,0,0,0,0,0,0.012139605462822459,0.0035419126328217238,0.020688747037208896,4.5,10.5,10.5
00-0037012,Trey Lance,QB,2021,SF,6,71,603,5,2,0,38,168,1,1,0,0,0,0,0,0,0,0,0,0,0.0,0.0,0.0,64.92,64.92,64.92
00-0037013,Zach Wilson,QB,2021,NYJ,13,383,2334,9,11,1,29,185,4,1,1,0,0,0,0,1,1,0,0,0,0.0017211703958691911,0.0018395033340997931,0.003869407927673642,151.86,151.86,151.86
00-0019596,Tom Brady,QB,2022,TB,17,733,4694,25,9,2,29,-1,1,0,1,0,0,0,0,4,2,2,0,0,0.0013812154696132596,0.0030995738086013174,0.004241524870440811,271.65999999999997,271.65999999999997,271.65999999999997
00-0023459,Aaron Rodgers,QB,2022,GB,17,542,3695,26,12,2,34,94,1,0,0,0,0,0,0,4,2,2,0,0,0.0,0.0,0.0,239.20000000000002,239.20000000000002,239.20000000000002
00-0024243,Marcedes Lewis,TE,2022,GB,6,0,0,0,0,0,0,0,0,0,7,6,66,2,1,0,0,0,0,0,0.012962962962962963,0.012952210808396605,0.02851099201032207,20.6,26.6,26.6
00-0026143,Matt Ryan,QB,2022,IND,12,461,3057,14,13,0,27,70,1,0,0,0,0,0,0,5,3,2,0,0,0.0,0.0,0.0,155.28,155.28,155.28
00-0026158,Joe Flacco,QB,2022,NYJ,5,191,1051,5,3,0,3,6,0,0,0,0,-3,0,0,4,4,0,0,0,0.0,0.0,0.0,48.339999999999996,48.339999999999996,48.34
00-0026189,DeSean Jackson,WR,2022,BAL,7,0,0,0,0,0,0,0,0,0,17,9,153,0,0,0,0,0,0,0,0.03655913978494624,0.0752366716492277,0.10750437983187874,15.3,24.3,24.3
00-0026197,Chad Henne,QB,2022,KC,3,2,0,0,0,0,5,-5,0,0,0,0,0,0,0,0,0,0,0,0,0.0,0.0,0.0,-0.5,-0.5,-0.5
00-0026293,Matthew Slater,WR,2022,NE,8,0,0,0,0,0,0,0,0,0,0,0,0,0,0,0,0,0,0,0,0.0,0.0,0.0,0.0,0.0,0.0
00-0026300,Josh Johnson,QB,2022,SF,1,2,10,0,0,0,2,3,0,0,0,0,0,0,0,0,0,0,0,0,0.0,0.0,0.0,0.7000000000000001,0.7000000000000001,0.7000000000000001
00-0026498,Matthew Stafford,QB,2022,LA,9,303,2087,10,8,0,13,9,1,0,0,0,0,0,0,3,3,0,0,0,0.0,0.0,0.0,108.38000000000001,108.38000000000001,108.38000000000001
00-0026544,Chase Daniel,QB,2022,LAC,3,12,52,1,0,1,1,4,0,0,0,0,0,0,0,0,0,0,0,0,0.0,0.0,0.0,8.48,8.48,8.48
00-0026625,Brian Hoyer,QB,2022,NE,1,6,37,0,0,0,0,0,0,0,0,0,0,0,0,0,0,0,0,0,0.0,0.0,0.0,1.48,1.48,1.48
00-0027688,Colt McCoy,QB,2022,ARI,4,132,780,1,3,0,14,36,0,0,0,0,0,0,0,0,0,0,0,0,0.0,0.0,0.0,32.800000000000004,32.800000000000004,32.800000000000004
00-0027691,Andre Roberts,WR,2022,CAR,3,0,0,0,0,0,0,0,0,0,0,0,0,0,0,0,0,0,0,0,0.0,0.0,0.0,0.0,0.0,0.0
00-0027942,A.J. Green,WR,2022,ARI,13,0,0,0,0,0,0,0,0,0,47,24,236,2,1,0,0,0,0,0,0.07401574803149606,0.11185925282363163,0.18932509902378622,37.6,61.6,61.6
00-0027944,Julio Jones,WR,2022,TB,10,0,0,0,0,0,5,45,0,0,43,24,299,2,0,0,0,0,0,0,0.05939226519337017,0.11681518791166215,0.17085902932821875,46.4,70.4,70.4
00-0027948,Blaine Gabbert,QB,2022,TB,1,8,29,1,0,0,0,0,0,0,0,0,0,0,0,0,0,0,0,0,0.0,0.0,0.0,5.16,5.16,5.16
00-0027966,Mark Ingram,RB,2022,NO,10,0,0,0,0,0,62,233,1,1,18,16,68,0,0,2,0,1,1,0,0.036511156186612576,-0.0037362637362637363,0.05215134966453425,34.1,50.1,50.1
00-0027973,Andy Dalton,QB,2022,NO,14,378,2871,18,9,1,30,54,0,0,0,0,0,0,0,1,1,0,0,0,0.0,0.0,0.0,174.24,174.24,174.24
00-0027981,Kyle Rudolph,TE,2022,TB,5,0,0,0,0,0,0,0,0,0,5,3,28,1,0,0,0,0,0,0,0.006906077348066298,0.008523827973653622,0.016325795603656983,8.8,11.8,11.8
00-0028002,Randall Cobb,WR,2022,GB,13,0,0,0,0,0,0,0,0,0,50,34,417,1,0,0,0,0,0,0,0.09259259259259259,0.1060741402411791,0.21314078705771428,47.7,81.7,81.7
00-0028063,Taiwan Jones,RB,2022,BUF,7,0,0,0,0,0,0,0,0,0,0,0,0,0,0,1,0,0,0,0,0.0,0.0,0.0,0.0,0.0,0.0
00-0028118,Tyrod Taylor,QB,2022,NYG,2,8,58,1,1,1,5,70,0,0,0,0,0,0,0,1,1,0,0,0,0.0,0.0,0.0,11.32,11.32,11.32
00-0028986,Case Keenum,QB,2022,BUF,2,7,8,0,0,0,5,0,0,0,0,0,0,0,0,0,0,0,0,0,0.0,0.0,0.0,0.32,0.32,0.32
00-0029000,Cole Beasley,WR,2022,BUF,4,0,0,0,0,0,0,0,0,0,7,6,35,0,0,0,0,0,0,0,0.009668508287292817,0.005036807438977141,0.018028527638223223,3.5,9.5,9.5
00-0029239,Brandon Bolden,RB,2022,LV,13,0,0,0,0,0,17,66,0,0,9,9,57,1,0,0,0,0,0,0,0.016129032258064516,0.005598059339428998,0.02811218992469707,18.3,27.3,27.3
00-0029263,Russell Wilson,QB,2022,DEN,15,483,3524,16,11,0,55,277,3,0,1,1,1,0,0,2,2,0,0,0,0.0018484288354898336,-0.00020008003201280514,0.002632587230825787,224.76000000000002,225.76000000000002,225.76000000000002
00-0029293,Marvin Jones,WR,2022,JAX,16,0,0,0,0,0,0,0,0,0,81,46,529,3,0,0,0,0,0,0,0.14111498257839722,0.24609375,0.3839380988675958,70.9,116.9,116.9
00-0029567,Nick Foles,QB,2022,IND,2,42,225,0,4,0,2,8,0,0,0,0,0,0,0,0,0,0,0,0,0.0,0.0,0.0,1.8,1.8,1.8
00-0029604,Kirk Cousins,QB,2022,MIN,17,643,4547,29,14,3,31,97,2,0,0,0,0,0,0,3,3,0,0,0,0.0,0.0,0.0,291.58,291.58,291.58
00-0029608,T.Y. Hilton,WR,2022,DAL,3,0,0,0,0,0,0,0,0,0,10,7,121,0,0,0,0,0,0,0,0.01834862385321101,0.039149888143176735,0.054927857480040226,12.100000000000001,19.1,19.1
00-0029664,Josh Gordon,WR,2022,TEN,1,0,0,0,0,0,0,0,0,0,1,0,0,0,0,0,0,0,0,0,0.0022935779816513763,0.00336417157275021,0.005795287073402211,0.0,0.0,0.0
00-0029701,Ryan Tannehill,QB,2022,TEN,12,325,2536,13,6,1,34,98,2,0,0,0,0,0,0,2,1,1,0,0,0.0,0.0,0.0,161.24,161.24,161.24
00-0030035,Adam Thielen,WR,2022,MIN,17,0,0,0,0,0,1,4,0,0,107,70,716,6,1,0,0,0,0,0,0.1669266770670827,0.206580259222333,0.3949961970562571,110.0,180.0,180.0
00-0030061,Zach Ertz,TE,2022,ARI,10,0,0,0,0,0,0,0,0,0,69,47,406,4,2,0,0,0,0,0,0.10866141732283464,0.11902693310165074,0.2463109791554075,68.6,115.6,115.6
00-0030068,Marquise Goodwin,WR,2022,SEA,13,0,0,0,0,0,2,5,0,0,42,27,387,4,0,0,0,0,0,0,0.0759493670886076,0.10233850428339894,0.18556100363129063,63.2,90.2,90.2
00-0030108,Ryan Griffin,TE,2022,CHI,10,0,0,0,0,0,0,0,0,0,8,4,26,0,0,0,0,0,0,0,0.022284122562674095,0.015469935785172213,0.044255138893631696,2.6,6.6,6.6
00-0030279,Keenan Allen,WR,2022,LAC,10,0,0,0,0,0,1,8,0,0,89,66,752,4,0,1,0,0,1,0,0.12954876273653565,0.170316301703163,0.3135445552970176,98.0,164.0,164.0
00-0030288,Rex Burkhead,RB,2022,HOU,15,1,0,0,0,0,26,80,0,0,51,37,204,1,0,0,0,0,0,0,0.0913978494623656,0.01720972923359339,0.14914358465706376,34.400000000000006,71.4,71.4
00-0030431,Robert Woods,WR,2022,TEN,17,0,0,0,0,0,0,0,0,0,91,53,527,2,0,1,0,0,0,0,0.20871559633027523,0.20072890384076256,0.4535836271839466,64.7,117.7,117.7
00-0030456,Giovani Bernard,RB,2022,TB,4,0,0,0,0,0,8,28,0,0,2,2,-1,0,0,0,0,0,0,0,0.0027624309392265192,-0.0015497869043006587,0.003058795575829318,2.7,4.7,4.7
00-0030506,Travis Kelce,TE,2022,KC,17,0,0,0,0,0,2,5,0,0,152,110,1338,12,1,1,0,0,1,0,0.247557003257329,0.22792869269949068,0.5308855897756369,206.3,316.3,316.3
00-0030513,Latavius Murray,RB,2022,DEN,13,0,0,0,0,0,171,760,6,1,35,27,132,0,0,0,0,0,0,0,0.07099391480730223,-0.013846153846153847,0.09679856451864566,127.2,154.2,154.2
00-0030564,DeAndre Hopkins,WR,2022,ARI,9,0,0,0,0,0,0,0,0,0,96,64,717,3,0,1,0,0,1,0,0.15118110236220472,0.21198957428323198,0.37516435554156946,87.7,151.7,151.7
00-0030565,Geno Smith,QB,2022,SEA,17,572,4282,30,11,0,68,366,1,0,0,0,0,0,0,4,2,2,0,0,0.0,0.0,0.0,303.88,303.88,303.88
00-0030578,Cordarrelle Patterson,RB,2022,ATL,13,0,0,0,0,0,144,695,8,0,31,21,122,0,0,1,0,1,0,1,0.0775,0.018596578229605754,0.12926760476072402,133.7,154.7,154.7
00-0030874,Damien Williams,RB,2022,ATL,1,0,0,0,0,0,2,2,0,0,0,0,0,0,0,0,0,0,0,0,0.0,0.0,0.0,0.2,0.2,0.2
00-0031051,John Brown,WR,2022,BUF,2,0,0,0,0,0,0,0,0,0,2,1,42,1,0,0,0,0,0,0,0.003629764065335753,0.016269390843738175,0.01683321968862035,10.2,11.2,11.2
00-0031236,Brandin Cooks,WR,2022,HOU,13,0,0,0,0,0,2,7,0,0,93,57,699,3,0,0,0,0,0,0,0.16666666666666666,0.23244607618173474,0.4127122533272143,88.60000000000001,145.60000000000002,145.60000000000002
00-0031237,Teddy Bridgewater,QB,2022,MIA,5,79,683,4,4,0,3,27,0,0,0,0,0,0,0,0,0,0,0,0,0.0,0.0,0.0,38.02,38.02,38.02
00-0031260,Logan Thomas,TE,2022,WAS,13,0,0,0,0,0,0,0,0,0,61,39,323,1,0,0,0,0,0,0,0.11487758945386065,0.09656411408039524,0.23991126403706764,38.300000000000004,77.30000000000001,77.30000000000001
00-0031273,Cameron Brate,TE,2022,TB,9,0,0,0,0,0,0,0,0,0,38,20,174,0,0,0,0,0,0,0,0.052486187845303865,0.04862456412243316,0.112766476653659,17.400000000000002,37.400000000000006,37.400000000000006
00-0031280,Derek Carr,QB,2022,LV,15,502,3522,24,14,0,24,102,0,0,0,0,0,0,0,0,0,0,0,0,0.0,0.0,0.0,219.07999999999998,219.07999999999998,219.07999999999998
00-0031325,Sammy Watkins,WR,2022,BAL,9,0,0,0,0,0,0,0,0,0,27,16,325,0,0,1,0,0,1,0,0.05,0.07905314872711032,0.13033720410897723,30.5,46.5,46.5
00-0031345,Jimmy Garoppolo,QB,2022,SF,11,308,2437,16,4,0,23,33,2,0,0,0,0,0,0,2,1,1,0,0,0.0,0.0,0.0,164.78000000000003,164.78000000000003,164.78000000000003
00-0031376,Jerick McKinnon,RB,2022,KC,17,0,0,0,0,0,72,291,1,0,71,56,512,9,1,1,0,0,1,0,0.11563517915309446,0.010186757215619695,0.18058349878057547,140.3,196.3,196.3
00-0031381,Davante Adams,WR,2022,LV,17,0,0,0,0,0,3,-1,0,0,180,100,1516,14,0,0,0,0,0,0,0.3225806451612903,0.3972756111214779,0.7619638955269701,235.5,335.5,335.5
00-0031382,Jarvis Landry,WR,2022,NO,9,0,0,0,0,0,0,0,0,0,39,25,272,1,1,0,0,0,0,0,0.07910750507099391,0.08219780219780219,0.17619971914495242,35.2,60.2,60.2
00-0031384,Richard Rodgers,TE,2022,LAC,3,0,0,0,0,0,0,0,0,0,4,1,4,0,0,0,0,0,0,0,0.005822416302765648,-0.0008847600088476001,0.00811429244795515,0.4,1.4,1.4
00-0031408,Mike Evans,WR,2022,TB,15,0,0,0,0,0,0,0,0,0,127,77,1124,6,0,0,0,0,0,0,0.17541436464088397,0.32487407981402555,0.4905334028311438,148.4,225.4,225.4
00-0031428,Allen Robinson,WR,2022,LA,10,0,0,0,0,0,0,0,0,0,52,33,339,3,0,0,0,0,0,0,0.10058027079303675,0.13523706896551724,0.24553635446541716,51.9,84.9,84.9
00-0031484,Chris Manhertz,TE,2022,JAX,7,0,0,0,0,0,0,0,0,0,8,6,42,0,0,0,0,0,0,0,0.013937282229965157,0.004825367647058824,0.024283680697888915,4.2,10.2,10.2
00-0031503,Jameis Winston,QB,2022,NO,3,115,858,4,5,1,5,16,0,0,0,0,0,0,0,0,0,0,0,0,0.0,0.0,0.0,43.92,43.92,43.92
00-0031544,Amari Cooper,WR,2022,CLE,17,1,0,0,1,0,0,0,0,0,132,78,1160,9,0,0,0,0,0,0,0.2603550295857988,0.3687401751628116,0.6486506669926664,168.0,246.0,246.0
00-0031545,Kevin White,WR,2022,NO,6,0,0,0,0,0,0,0,0,0,5,2,74,0,0,0,0,0,0,0,0.010141987829614604,0.02,0.029212981744421905,7.4,9.4,9.4
00-0031547,DeVante Parker,WR,2022,NE,12,0,0,0,0,0,0,0,0,0,47,31,539,3,0,0,0,0,0,0,0.09073359073359073,0.18122111408416444,0.26295516595930124,71.9,102.9,102.9
00-0031549,Nelson Agholor,WR,2022,NE,14,0,0,0,0,0,0,0,0,0,53,31,362,2,0,2,0,0,2,0,0.10231660231660232,0.15884213086840185,0.2646643950827848,44.2,75.2,75.2
00-0031558,Maxx Williams,TE,2022,ARI,3,0,0,0,0,0,0,0,0,0,3,3,18,0,0,0,0,0,0,0,0.004724409448818898,0.0026064291920069507,0.008911114607633212,1.8,4.8,4.8
00-0031585,MyCole Pruitt,TE,2022,ATL,10,0,0,0,0,0,0,0,0,0,21,16,150,4,0,0,0,0,0,0,0.0525,0.02925861641457972,0.0992310314902058,39.0,55.0,55.0
00-0031588,Stefon Diggs,WR,2022,BUF,16,0,0,0,0,0,1,-3,0,0,154,108,1429,11,0,0,0,0,0,0,0.279491833030853,0.32709042754445705,0.6482010488273995,208.6,316.6,316.6
00-0031598,Nick Boyle,TE,2022,BAL,3,0,0,0,0,0,0,0,0,0,0,0,0,0,0,0,0,0,0,0,0.0,0.0,0.0,0.0,0.0,0.0
00-0031610,Darren Waller,TE,2022,LV,8,0,0,0,0,0,0,0,0,0,43,28,388,3,0,0,0,0,0,0,0.07706093189964158,0.10766934129501772,0.19095993675597478,56.800000000000004,84.80000000000001,84.80000000000001
00-0031687,Raheem Mostert,RB,2022,MIA,16,0,0,0,0,0,181,891,3,0,42,31,202,2,0,1,0,1,0,0,0.07473309608540925,0.009022556390977444,0.11841543360179808,137.3,168.3,168.3
00-0031690,Eric Tomlinson,TE,2022,DEN,9,0,0,0,0,0,0,0,0,0,13,9,79,2,0,0,0,0,0,0,0.024029574861367836,0.011804721888755502,0.044307667614180604,19.9,28.9,28.9
00-0031763,DeAndre Carter,WR,2022,LAC,17,0,0,0,0,0,2,-15,0,0,65,46,538,3,0,2,0,0,1,0,0.09461426491994178,0.12740544127405443,0.23110520627175074,68.30000000000001,114.30000000000001,114.30000000000001
00-0031787,Jake Kumerow,WR,2022,BUF,5,0,0,0,0,0,0,0,0,0,7,4,64,0,0,0,0,0,0,0,0.012704174228675136,0.0170261066969353,0.030974536030867417,6.4,10.4,10.4
00-0031800,Taylor Heinicke,QB,2022,WAS,9,259,1859,12,6,0,28,96,1,0,0,0,0,0,0,5,5,0,0,0,0.0,0.0,0.0,115.96000000000001,115.96000000000001,115.96000000000001
00-0031806,Malcolm Brown,RB,2022,LA,7,0,0,0,0,0,18,81,1,0,6,5,37,0,0,0,0,0,0,0,0.01160541586073501,-0.0005387931034482759,0.017030968618688722,17.8,22.8,22.8
00-0031868,Damiere Byrd,WR,2022,ATL,12,0,0,0,0,0,0,0,0,0,23,13,268,2,0,0,0,0,0,0,0.0575,0.1160426481527399,0.16747985370691792,38.8,51.8,51.8
00-0031941,Jamison Crowder,WR,2022,BUF,4,0,0,0,0,0,0,0,0,0,13,6,60,0,0,0,0,0,0,0,0.023593466424682397,0.022890654559213016,0.05141365782847271,6.0,12.0,12.0
00-0032054,Breshad Perriman,WR,2022,TB,8,0,0,0,0,0,2,-7,0,0,19,9,110,1,0,1,0,0,1,0,0.026243093922651933,0.05211158465710965,0.07584275014395464,14.3,23.3,23.3
00-0032058,Tevin Coleman,RB,2022,SF,2,0,0,0,0,0,12,26,1,0,3,3,44,1,0,0,0,0,0,0,0.005952380952380952,0.006888633754305396,0.013750615056585206,19.0,22.0,22.0
00-0032062,Blake Bell,TE,2022,KC,2,0,0,0,0,0,0,0,0,0,2,2,20,1,0,0,0,0,0,0,0.003257328990228013,0.0025466893039049238,0.006668675998075467,8.0,10.0,10.0
00-0032063,Mike Davis,RB,2022,BAL,5,0,0,0,0,0,8,18,0,0,2,2,4,0,0,0,0,0,0,0,0.004301075268817204,-0.0017438963627304435,0.005230885449314496,2.2,4.2,4.2
00-0032104,Ameer Abdullah,RB,2022,LV,16,0,0,0,0,0,4,20,0,0,32,25,211,1,0,0,0,0,0,0,0.05734767025089606,0.017727187908191826,0.09843053691207837,29.1,54.1,54.1
00-0032128,Chris Conley,WR,2022,TEN,4,0,0,0,0,0,0,0,0,0,7,4,46,0,0,0,0,0,0,0,0.012544802867383513,0.019963285910968333,0.0327915044387531,4.6000000000000005,8.600000000000001,8.600000000000001
00-0032134,C.J. Uzomah,TE,2022,NYJ,14,0,0,0,0,0,0,0,0,0,27,21,232,2,0,0,0,0,0,0,0.04591836734693878,0.037889039242219216,0.09539987848996162,35.2,56.2,56.2
00-0032141,Geoff Swaim,TE,2022,TEN,12,0,0,0,0,0,0,0,0,0,16,12,58,1,0,0,0,0,0,0,0.03669724770642202,0.009531819456125596,0.06171814517892095,11.8,23.8,23.8
00-0032144,Melvin Gordon,RB,2022,DEN,10,0,0,0,0,0,90,318,2,0,32,25,223,0,0,2,0,2,0,0,0.059149722735674676,0.004601840736294518,0.09194587261891818,62.099999999999994,87.1,87.1
00-0032156,Trevor Siemian,QB,2022,CHI,2,26,184,1,1,0,4,8,0,0,0,0,0,0,0,0,0,0,0,0,0.0,0.0,0.0,10.16,10.16,10.16
00-0032187,David Johnson,RB,2022,NO,4,0,0,0,0,0,12,24,0,0,4,4,47,0,0,1,0,1,0,0,0.008113590263691683,0.00021978021978021978,0.012324231549383679,5.1000000000000005,9.100000000000001,9.100000000000001
00-0032200,Ty Montgomery,WR,2022,NE,1,0,0,0,0,0,2,-2,0,0,4,3,15,1,0,0,0,0,0,0,0.007722007722007722,0.0031622476283142786,0.01379658492283158,7.3,10.3,10.3
00-0032208,Phillip Dorsett,WR,2022,HOU,15,1,0,0,0,0,0,0,0,0,40,20,257,1,0,0,0,0,0,0,0.07168458781362007,0.10211106011932079,0.17900462380395465,31.700000000000003,51.7,51.7
00-0032211,Tyler Lockett,WR,2022,SEA,16,0,0,0,0,0,0,0,0,0,117,84,1033,9,0,2,0,0,1,0,0.2115732368896926,0.2875665663347997,0.5186564517688987,155.3,239.3,239.3
00-0032214,Tyler Kroft,TE,2022,SF,6,0,0,0,0,0,0,0,0,0,5,4,57,0,0,0,0,0,0,0,0.00992063492063492,0.020091848450057407,0.028945246295992565,5.7,9.7,9.7
00-0032257,Duke Johnson,RB,2022,BUF,1,0,0,0,0,0,2,4,0,0,0,0,0,0,0,0,0,0,0,0,0.0,0.0,0.0,0.4,0.4,0.4
00-0032268,Marcus Mariota,QB,2022,ATL,13,300,2219,15,9,2,85,438,4,0,0,0,0,0,0,3,1,2,0,0,0.0,0.0,0.0,196.56,196.56,196.56
00-0032355,Chester Rogers,WR,2022,CLE,3,0,0,0,0,0,0,0,0,0,0,0,0,0,0,1,0,0,0,0,0.0,0.0,0.0,0.0,0.0,0.0
00-0032385,Sterling Shepard,WR,2022,NYG,3,0,0,0,0,0,0,0,0,0,24,13,154,1,0,0,0,0,0,0,0.049079754601226995,0.0674865026994601,0.12086018379146257,21.4,34.4,34.4
00-0032392,Austin Hooper,TE,2022,TEN,17,0,0,0,0,0,0,0,0,0,60,41,444,2,0,0,0,0,0,0,0.13761467889908258,0.1345668629100084,0.30061882238562976,56.400000000000006,97.4,97.4
00-0032394,Nick Vannett,TE,2022,NYG,5,0,0,0,0,0,0,0,0,0,9,6,55,0,0,0,0,0,0,0,0.018255578093306288,0.006813186813186814,0.0321525979091902,5.5,11.5,11.5
00-0032398,Chris Moore,WR,2022,HOU,15,0,0,0,0,0,3,3,0,0,74,48,548,2,0,0,0,0,0,0,0.13261648745519714,0.1466268930702157,0.30156355633194665,67.1,115.1,115.1
00-0032434,Brandon Allen,QB,2022,CIN,1,3,22,0,0,0,3,-1,0,0,0,0,0,0,0,0,0,0,0,0,0.0,0.0,0.0,0.78,0.78,0.78
00-0032436,Jeff Driskel,QB,2022,HOU,7,20,108,1,0,0,20,75,0,0,1,1,4,0,0,0,0,0,0,0,0.0017921146953405018,-0.0006883891693437356,0.002206299624470138,16.22,17.22,17.22
00-0032450,Dwayne Washington,RB,2022,NO,7,0,0,0,0,0,11,38,0,0,1,1,7,0,0,0,0,0,0,0,0.002028397565922921,0.00021978021978021978,0.003196442502730535,4.5,5.5,5.5
00-0032464,Kalif Raymond,WR,2022,DET,17,0,0,0,0,0,7,36,0,0,64,47,616,0,0,1,0,0,1,1,0.11367673179396093,0.1542926239419589,0.2785199344503126,69.2,116.2,116.2
00-0032543,Alex Erickson,WR,2022,WAS,2,0,0,0,0,0,0,0,0,0,0,0,0,0,0,0,0,0,0,0,0.0,0.0,0.0,0.0,0.0,0.0
00-0032602,J.D. McKissic,RB,2022,WAS,8,0,0,0,0,0,22,95,0,0,40,27,173,0,1,0,0,0,0,0,0.07532956685499058,0.011228385358185492,0.1208542200332157,28.8,55.8,55.8
00-0032688,Robbie Chosen,WR,2022,ARI,12,0,0,0,0,0,0,0,0,0,44,20,282,1,0,1,0,0,1,0,0.10304449648711944,0.18819632640770853,0.28630417321607515,32.2,52.2,52.2
00-0032725,Stephen Anderson,TE,2022,ARI,9,0,0,0,0,0,0,0,0,0,7,3,9,0,0,0,0,0,0,0,0.011023622047244094,0.007819287576020852,0.02200893437408074,0.9,3.9,3.9
00-0032764,Derrick Henry,RB,2022,TEN,16,2,4,1,0,0,349,1538,13,0,41,33,398,0,0,3,0,2,1,0,0.09403669724770643,-0.0019624334174376226,0.13968134247935332,269.76,302.76,302.76
00-0032765,Michael Thomas,WR,2022,NO,3,0,0,0,0,0,0,0,0,0,22,16,171,3,0,0,0,0,0,0,0.04462474645030426,0.05208791208791209,0.10339865813699485,35.1,51.1,51.1
00-0032775,Demarcus Robinson,WR,2022,BAL,16,0,0,0,0,0,0,0,0,0,75,48,458,2,0,1,0,0,1,0,0.16129032258064516,0.1684105630293971,0.3598228779915457,55.800000000000004,103.80000000000001,103.80000000000001
00-0032780,Jordan Howard,RB,2022,NO,1,0,0,0,0,0,1,1,0,0,0,0,0,0,0,0,0,0,0,0,0.0,0.0,0.0,0.1,0.1,0.1
00-0032792,Nate Sudfeld,QB,2022,DET,2,0,0,0,0,0,5,-4,0,0,0,0,0,0,0,0,0,0,0,0,0.0,0.0,0.0,-0.4,-0.4,-0.4
00-0032950,Carson Wentz,QB,2022,WAS,8,276,1755,11,9,2,22,86,1,0,0,0,0,0,0,1,1,0,0,0,0.0,0.0,0.0,112.8,112.8,112.8
00-0032951,Laquon Treadwell,WR,2022,SEA,3,0,0,0,0,0,0,0,0,0,10,6,42,0,0,0,0,0,0,0,0.018083182640144666,0.012039824033341051,0.03555265078355574,4.2,10.2,10.2
00-0032975,Jonathan Williams,RB,2022,WAS,9,0,0,0,0,0,37,152,0,0,10,7,40,0,0,0,0,0,0,0,0.018832391713747645,-0.00022456770716370987,0.02809139017560687,19.200000000000003,26.200000000000003,26.200000000000003
00-0032980,Marcus Johnson,WR,2022,NYG,8,0,0,0,0,0,0,0,0,0,22,9,99,0,0,0,0,0,0,0,0.044989775051124746,0.06988602279544091,0.11640487853349575,9.9,18.9,18.9
00-0032986,J.P. Holtz,TE,2022,NO,1,0,0,0,0,0,0,0,0,0,0,0,0,0,0,0,0,0,0,0,0.0,0.0,0.0,0.0,0.0,0.0
00-0033009,Tyler Boyd,WR,2022,CIN,16,1,23,0,0,0,0,0,0,0,82,58,762,5,1,0,0,0,0,0,0.13804713804713806,0.18092499400910617,0.33371820287708137,109.12,167.12,167.12
00-0033040,Tyreek Hill,WR,2022,MIA,17,0,0,0,0,0,7,32,1,0,170,119,1710,7,0,0,0,0,0,0,0.302491103202847,0.3960526315789474,0.7309734969095336,222.20000000000002,341.20000000000005,341.2
00-0033045,Ezekiel Elliott,RB,2022,DAL,15,0,0,0,0,0,231,876,12,0,23,17,92,0,0,0,0,0,0,0,0.04220183486238532,0.0,0.06330275229357799,168.8,185.8,185.8
00-0033077,Dak Prescott,QB,2022,DAL,12,394,2860,23,15,0,45,182,1,0,0,0,0,0,0,1,0,1,0,0,0.0,0.0,0.0,198.6,198.6,198.6
00-0033090,Hunter Henry,TE,2022,NE,16,0,0,0,0,0,0,0,0,0,59,41,509,2,0,0,0,0,0,0,0.1138996138996139,0.11043541717343712,0.24815421287082684,62.900000000000006,103.9,103.9
00-0033106,Jared Goff,QB,2022,DET,17,587,4438,29,7,1,29,73,0,1,1,1,5,0,0,4,3,1,0,0,0.0017761989342806395,-0.0009673518742442564,0.00198715208944998,283.32,284.32,284.32
00-0033110,Tyler Higbee,TE,2022,LA,16,0,0,0,0,0,0,0,0,0,108,72,620,3,0,0,0,0,0,0,0.20889748549323017,0.08809267241379311,0.3750110989295004,80.0,152.0,152.0
00-0033111,Pharoh Cooper,WR,2022,ARI,5,0,0,0,0,0,4,15,0,0,2,2,6,0,0,0,0,0,0,0,0.0031496062992125984,-0.0013032145960034753,0.003812159231616465,2.1,4.1,4.1
00-0033114,Mike Thomas,WR,2022,CIN,5,0,0,0,0,0,0,0,0,0,10,2,38,0,1,0,0,0,0,0,0.016835016835016835,0.02923556194584232,0.045717418614614876,5.800000000000001,7.800000000000001,7.800000000000001
00-0033118,Kenyan Drake,RB,2022,BAL,12,0,0,0,0,0,109,482,4,0,26,17,89,1,0,0,0,0,0,0,0.05591397849462366,-0.003986048829098156,0.08108073356156678,87.1,104.1,104.10000000000001
00-0033119,Jacoby Brissett,QB,2022,CLE,14,369,2608,12,6,0,49,243,2,0,0,0,0,0,0,4,3,1,0,0,0.0,0.0,0.0,168.62,168.62,168.62
00-0033217,Mo Alie-Cox,TE,2022,IND,14,0,0,0,0,0,0,0,0,0,28,19,189,3,0,1,0,0,1,0,0.04835924006908463,0.039353661714881416,0.10008642330404394,34.900000000000006,53.900000000000006,53.900000000000006
00-0033246,Johnny Mundt,TE,2022,MIN,13,0,0,0,0,0,0,0,0,0,21,19,140,1,0,0,0,0,0,0,0.0327613104524181,0.005782652043868395,0.053189822109335025,20.0,39.0,39.0
00-0033251,Zach Pascal,WR,2022,PHI,15,0,0,0,0,0,1,0,0,0,19,15,150,1,0,0,0,0,0,0,0.03762376237623762,0.025889239081494823,0.0745581109214028,21.0,36.0,36.0
00-0033275,PJ Walker,QB,2022,CAR,6,106,731,3,3,0,6,39,0,0,0,0,0,0,0,0,0,0,0,0,0.0,0.0,0.0,39.14,39.14,39.14
00-0033280,Christian McCaffrey,RB,2022,SF,17,1,34,1,0,0,244,1139,8,0,108,85,741,5,0,0,0,0,0,0,0.2529274004683841,0.04004817825956037,0.40742482548426834,271.36,356.36,356.36
00-0033282,Curtis Samuel,WR,2022,WAS,17,0,0,0,0,0,38,187,1,0,92,64,656,4,0,1,0,1,0,0,0.17325800376647835,0.13810913990568155,0.3565634035836946,112.30000000000001,176.3,176.3
00-0033288,George Kittle,TE,2022,SF,15,0,0,0,0,0,0,0,0,0,86,60,765,11,0,1,0,0,1,0,0.17063492063492064,0.15786452353616534,0.36645754742769665,140.5,200.5,200.5
00-0033292,Trent Taylor,WR,2022,CIN,16,0,0,0,0,0,4,15,0,0,10,6,62,0,0,1,0,0,0,0,0.016835016835016835,0.010783608914450037,0.032801051492640274,7.7,13.7,13.7
00-0033293,Aaron Jones,RB,2022,GB,17,0,0,0,0,0,213,1121,2,0,72,59,395,5,1,3,0,1,2,0,0.13333333333333333,-0.003573023671281822,0.19749888343010275,189.6,248.6,248.60000000000002
00-0033307,Kendrick Bourne,WR,2022,NE,16,0,0,0,0,0,6,39,0,0,48,35,434,1,0,0,0,0,0,0,0.09266409266409266,0.11992216005837995,0.22294165103700497,53.300000000000004,88.30000000000001,88.30000000000001
00-0033308,Matt Breida,RB,2022,NYG,17,0,0,0,0,0,54,220,1,0,25,20,118,0,0,0,0,0,0,0,0.05112474437627812,0.014097180563887222,0.08655514295913823,39.800000000000004,59.800000000000004,59.8
00-0033319,Nick Mullens,QB,2022,MIN,4,25,224,1,1,0,4,8,0,0,0,0,0,0,0,0,0,0,0,0,0.0,0.0,0.0,11.760000000000002,11.760000000000002,11.760000000000002
00-0033357,Taysom Hill,TE,2022,NO,16,19,240,2,0,0,96,575,7,0,13,9,77,2,0,0,0,0,0,0,0.02636916835699797,0.016483516483516484,0.051092214073958496,136.8,145.8,145.8
00-0033367,C.J. Board,WR,2022,TEN,4,0,0,0,0,0,0,0,0,0,1,1,6,0,0,0,0,0,0,0,0.0022935779816513763,0.001682085786375105,0.004617827022939638,0.6000000000000001,1.6,1.6
00-0033376,Patrick Ricard,RB,2022,BAL,13,0,0,0,0,0,7,16,0,0,13,11,74,0,0,0,0,0,0,0,0.02795698924731183,0.0004982561036372695,0.042284263143513835,9.0,20.0,20.0
00-0033386,Cody Hollister,WR,2022,TEN,6,0,0,0,0,0,0,0,0,0,5,3,54,0,0,0,0,0,0,0,0.011467889908256881,0.021867115222876366,0.03250881551839878,5.4,8.4,8.4
00-0033439,Pharaoh Brown,TE,2022,CLE,8,0,0,0,0,0,0,0,0,0,20,12,117,0,0,0,0,0,0,0,0.035842293906810034,0.029371271225332722,0.07432333071794794,11.700000000000001,23.700000000000003,23.700000000000003
00-0033455,Anthony Firkser,TE,2022,ATL,8,0,0,0,0,0,0,0,0,0,13,9,100,0,0,0,0,0,0,0,0.0325,0.026779072650632285,0.0674953508554426,10.0,19.0,19.0
00-0033466,Isaiah McKenzie,WR,2022,BUF,15,0,0,0,0,0,9,55,1,0,65,42,423,4,0,0,0,0,0,0,0.11796733212341198,0.10669693530079455,0.25163885289567417,77.80000000000001,119.80000000000001,119.80000000000001
00-0033481,Marcus Kemp,WR,2022,KC,2,0,0,0,0,0,0,0,0,0,0,0,0,0,0,0,0,0,0,0,0.0,0.0,0.0,0.0,0.0,0.0
00-0033526,Samaje Perine,RB,2022,CIN,16,0,0,0,0,0,95,394,2,0,51,38,287,4,0,0,0,0,0,0,0.08585858585858586,0.002875629043853343,0.13080081911857613,104.10000000000001,142.10000000000002,142.10000000000002
00-0033536,Mike Williams,WR,2022,LAC,13,0,0,0,0,0,0,0,0,0,93,63,895,4,0,0,0,0,0,0,0.13537117903930132,0.24574209245742093,0.37507623327914663,113.5,176.5,176.5
00-0033537,Deshaun Watson,QB,2022,CLE,6,170,1102,7,5,0,36,175,1,0,0,0,0,0,0,0,0,0,0,0,0.0,0.0,0.0,85.58,85.58,85.58
00-0033550,Davis Webb,QB,2022,NYG,1,40,168,1,0,0,6,41,1,0,0,0,0,0,0,0,0,0,0,0,0.0,0.0,0.0,20.82,20.82,20.82
00-0033553,James Conner,RB,2022,ARI,13,0,0,0,0,0,183,782,7,0,58,46,300,1,0,1,0,1,0,0,0.09133858267716535,-0.010208514335360555,0.12986191398099567,154.2,200.2,200.2
00-0033555,Mack Hollins,WR,2022,LV,17,1,4,0,0,0,4,40,0,0,94,57,690,4,0,0,0,0,0,0,0.16845878136200718,0.22317596566523606,0.408911348008676,97.16,154.16,154.16
00-0033572,Jamal Agnew,WR,2022,JAX,15,0,0,0,0,0,12,86,0,0,30,23,187,3,1,0,0,0,0,0,0.05226480836236934,0.04090073529411765,0.10702772724943635,47.3,70.3,70.3
00-0033576,Eric Saubert,TE,2022,DEN,14,0,0,0,0,0,0,0,0,0,24,15,148,1,0,0,0,0,0,0,0.04436229205175601,0.040416166466586634,0.09483475460424465,20.8,35.8,35.8
00-0033591,Noah Brown,WR,2022,DAL,16,0,0,0,0,0,0,0,0,0,74,43,555,3,0,1,0,0,1,0,0.13577981651376148,0.1789709172259508,0.32894936682880777,71.5,114.5,114.5
00-0033633,Tanner Gentry,WR,2022,BUF,1,0,0,0,0,0,0,0,0,0,1,0,0,0,0,0,0,0,0,0,0.0018148820326678765,0.0013242527430949679,0.0036492999691682924,0.0,0.0,0.0
00-0033662,Cooper Rush,QB,2022,DAL,8,162,1051,5,3,0,9,6,0,0,0,0,0,0,0,0,0,0,0,0,0.0,0.0,0.0,56.64,56.64,56.64
00-0033681,Keelan Cole,WR,2022,LV,12,0,0,0,0,0,0,0,0,0,21,10,141,1,0,0,0,0,0,0,0.03763440860215054,0.06437768240343347,0.10151599058562924,20.1,30.1,30.1
00-0033699,Austin Ekeler,RB,2022,LAC,17,0,0,0,0,0,204,915,13,0,127,107,722,5,0,3,0,2,1,0,0.1848617176128093,-0.022340190223401904,0.2616544432628326,265.70000000000005,372.70000000000005,372.7
00-0033725,Corey Clement,RB,2022,ARI,5,0,0,0,0,0,15,55,1,0,7,5,54,0,0,0,0,0,0,0,0.011023622047244094,-0.0008688097306689834,0.015927266259397853,16.9,21.9,21.9
00-0033757,Robert Tonyan,TE,2022,GB,17,0,0,0,0,0,0,0,0,0,67,53,470,2,0,0,0,0,0,0,0.12407407407407407,0.08709245198749442,0.2470758275023572,59.0,112.0,112.0
00-0033798,Mason Schreck,TE,2022,HOU,2,0,0,0,0,0,0,0,0,0,2,2,6,0,0,0,0,0,0,0,0.0035842293906810036,0.0013767783386874712,0.0063400889231027355,0.6000000000000001,2.6,2.6
00-0033854,Dare Ogunbowale,RB,2022,HOU,15,0,0,0,0,0,42,123,1,0,26,20,104,0,0,0,0,0,0,0,0.04659498207885305,-0.0025240936209270305,0.06812560758363066,28.700000000000003,48.7,48.7
00-0033856,Leonard Fournette,RB,2022,TB,16,1,0,0,1,0,189,668,3,0,83,73,523,3,0,0,0,0,0,0,0.11464088397790055,-0.009492444788841535,0.16531661461466174,153.10000000000002,226.10000000000002,226.1
00-0033857,JuJu Smith-Schuster,WR,2022,KC,16,0,0,0,0,0,0,0,0,0,101,78,933,3,0,2,0,0,2,0,0.16449511400651465,0.15916808149405773,0.3581603280556124,107.30000000000001,185.3,185.3
00-0033858,Jonnu Smith,TE,2022,NE,12,0,0,0,0,0,1,5,0,0,38,27,245,0,0,0,0,0,0,0,0.07335907335907337,0.02821697883726587,0.12979049522469616,25.0,52.0,52.0
00-0033869,Mitchell Trubisky,QB,2022,PIT,7,180,1252,4,5,1,19,38,2,0,0,0,0,0,0,0,0,0,0,0,0.0,0.0,0.0,73.88,73.88,73.88
00-0033871,Corey Davis,WR,2022,NYJ,13,0,0,0,0,0,0,0,0,0,64,32,536,2,0,0,0,0,0,0,0.10884353741496598,0.16644113667117727,0.279774101792273,65.6,97.6,97.6
00-0033873,Patrick Mahomes,QB,2022,KC,17,648,5250,41,12,2,61,358,4,1,1,1,6,0,0,0,0,0,0,0,0.0016286644951140066,-0.0019100169779286927,0.0011059848581209252,416.4,417.4,417.40000000000003
00-0033879,O.J. Howard,TE,2022,HOU,11,0,0,0,0,0,0,0,0,0,23,10,145,2,0,0,0,0,0,0,0.04121863799283154,0.058054153281321706,0.1024658642861725,26.5,36.5,36.5
00-0033881,Evan Engram,TE,2022,JAX,17,0,0,0,0,0,2,13,0,0,98,73,766,4,1,0,0,0,0,0,0.17073170731707318,0.1410845588235294,0.35485675215208035,103.9,176.9,176.9
00-0033885,David Njoku,TE,2022,CLE,14,0,0,0,0,0,2,-8,0,0,80,58,628,4,0,1,0,0,1,0,0.15779092702169625,0.12014372333258477,0.3207869968653537,84.0,142.0,142.0
00-0033891,Zay Jones,WR,2022,JAX,16,0,0,0,0,0,4,18,0,0,121,82,823,5,1,0,0,0,0,0,0.21080139372822299,0.2339154411764706,0.4799428994158639,116.10000000000001,198.10000000000002,198.10000000000002
00-0033893,Dalvin Cook,RB,2022,MIN,17,0,0,0,0,0,264,1173,8,0,56,39,295,2,0,4,1,3,0,0,0.0873634945397816,-0.006779661016949152,0.12629947909780798,198.8,237.8,237.8
00-0033895,Gerald Everett,TE,2022,LAC,15,0,0,0,0,0,1,0,0,0,87,58,555,4,1,0,0,0,0,0,0.12663755458515283,0.10860429108604291,0.2659793356379593,81.5,139.5,139.5
00-0033897,Joe Mixon,RB,2022,CIN,14,0,0,0,0,0,210,814,7,0,75,60,441,2,0,0,0,0,0,0,0.12626262626262627,-0.0035945363048166786,0.1868777639805677,179.5,239.5,239.5
00-0033906,Alvin Kamara,RB,2022,NO,15,0,0,0,0,0,223,897,2,0,77,57,490,2,0,4,0,2,2,0,0.15618661257606492,0.016043956043956045,0.24551068809486662,154.70000000000002,211.70000000000002,211.7
00-0033908,Cooper Kupp,WR,2022,LA,9,1,0,0,0,0,9,52,1,0,98,75,812,6,0,1,0,0,1,0,0.1895551257253385,0.19207974137931033,0.418788507553525,126.4,201.4,201.4
00-0033921,Chris Godwin Jr.,WR,2022,TB,15,0,0,0,0,0,3,5,0,0,142,104,1023,3,1,2,0,0,2,0,0.19613259668508287,0.1588531576908175,0.40539610541119653,118.80000000000001,222.8,222.8
00-0033923,Kareem Hunt,RB,2022,CLE,17,0,0,0,0,0,123,468,3,0,44,35,210,1,0,0,0,0,0,0,0.08678500986193294,-0.002694812485964518,0.12829114605272424,91.8,126.8,126.80000000000001
00-0033925,D'Onta Foreman,RB,2022,CAR,16,0,0,0,0,0,203,914,5,1,9,5,26,0,0,0,0,0,0,0,0.02107728337236534,-0.0009033423667570009,0.030983585401818108,126.0,131.0,131.0
00-0033932,Kenny Golladay,WR,2022,NYG,6,0,0,0,0,0,0,0,0,0,17,6,81,1,0,0,0,0,0,0,0.034764826175869123,0.04919016196760648,0.08658035264112822,14.1,20.1,20.1
00-0033936,C.J. Beathard,QB,2022,JAX,4,11,35,0,1,0,4,-4,0,0,0,0,0,0,0,0,0,0,0,0,0.0,0.0,0.0,-0.9999999999999999,-0.9999999999999999,-0.9999999999999999
00-0033943,Josh Reynolds,WR,2022,DET,12,0,0,0,0,0,0,0,0,0,59,38,479,3,0,0,0,0,0,0,0.10479573712255773,0.17025392986698912,0.276371356590729,65.9,103.9,103.9
00-0033948,Jamaal Williams,RB,2022,DET,17,0,0,0,0,0,262,1066,17,1,16,12,73,0,0,2,0,2,0,0,0.028419182948490232,0.007013301088270859,0.04753808518452495,213.9,225.9,225.90000000000003
00-0033949,Joshua Dobbs,QB,2022,TEN,2,68,411,2,2,0,8,44,0,0,0,0,0,0,0,2,2,0,0,0,0.0,0.0,0.0,20.840000000000003,20.840000000000003,20.840000000000003
00-0033951,Marlon Mack,RB,2022,DEN,7,0,0,0,0,0,16,84,1,0,10,8,99,1,0,0,0,0,0,0,0.01984126984126984,-0.004592422502870264,0.026547209009895576,30.3,38.3,38.3
00-0033958,Nathan Peterman,QB,2022,CHI,3,25,139,1,1,0,2,7,0,0,0,0,0,0,0,0,0,0,0,0,0.0,0.0,0.0,8.26,8.26,8.26
00-0034011,Dan Arnold,TE,2022,JAX,11,0,0,0,0,0,0,0,0,0,13,9,135,0,0,0,0,0,0,0,0.02264808362369338,0.01999080882352941,0.047965691612010655,13.5,22.5,22.5
00-0034052,Brandon Zylstra,WR,2022,DET,1,0,0,0,0,0,0,0,0,0,0,0,0,0,0,0,0,0,0,0,0.0,0.0,0.0,0.0,0.0,0.0
00-0034054,River Cracraft,WR,2022,MIA,8,0,0,0,0,0,0,0,0,0,14,9,102,2,0,0,0,0,0,0,0.02491103202846975,0.02293233082706767,0.05341917962165199,22.200000000000003,31.200000000000003,31.200000000000003
00-0034073,Ross Dwelley,TE,2022,SF,5,0,0,0,0,0,0,0,0,0,5,3,105,1,0,0,0,0,0,0,0.00992063492063492,0.019804822043628014,0.028744327811491988,16.5,19.5,19.5
00-0034104,Cam Sims,WR,2022,WAS,13,0,0,0,0,0,0,0,0,0,18,8,89,0,0,0,0,0,0,0,0.03389830508474576,0.052099708061980686,0.08731725327050513,8.9,16.9,16.9
00-0034109,Phillip Lindsay,RB,2022,IND,3,0,0,0,0,0,15,49,0,1,8,6,19,0,0,0,0,0,0,0,0.013816925734024179,0.004430544696377378,0.02382676988850043,8.8,14.8,14.8
00-0034115,Jeff Wilson,RB,2022,MIA,16,0,0,0,0,0,176,860,5,0,37,22,185,1,0,2,0,1,1,0,0.07341269841269842,0.02640642939150402,0.12860354819310044,136.5,158.5,158.5
00-0034159,Will Dissly,TE,2022,SEA,15,0,0,0,0,0,0,0,0,0,38,34,349,3,0,0,0,0,0,0,0.06871609403254973,0.0476962259782357,0.13646149923358958,52.9,86.9,86.9
00-0034164,Trenton Cannon,RB,2022,TEN,1,0,0,0,0,0,0,0,0,0,0,0,0,0,0,0,0,0,0,0,0.0,0.0,0.0,0.0,0.0,0.0
00-0034177,Tim Boyle,QB,2022,CHI,1,8,33,0,2,0,2,-2,0,0,0,0,0,0,0,0,0,0,0,0,0.0,0.0,0.0,-2.88,-2.88,-2.88
00-0034184,Gus Edwards,RB,2022,BAL,9,0,0,0,0,0,87,433,3,0,2,0,0,0,0,1,0,1,0,0,0.004301075268817204,0.0014947683109118087,0.007497950720864072,59.300000000000004,59.300000000000004,59.300000000000004
00-0034193,Kevin Rader,TE,2022,TEN,6,0,0,0,0,0,0,0,0,0,0,0,0,0,0,0,0,0,0,0,0.0,0.0,0.0,0.0,0.0,0.0
00-0034208,Mike Boone,RB,2022,DEN,8,0,0,0,0,0,24,102,0,0,15,9,96,0,0,0,0,0,0,0,0.027726432532347505,0.00900360144057623,0.047892169806924616,19.8,28.8,28.800000000000004
00-0034253,Dontrell Hilliard,RB,2022,TEN,12,0,0,0,0,0,22,145,0,0,26,21,177,4,0,0,0,0,0,0,0.05963302752293578,0.010933557611438183,0.0971030316124104,56.2,77.2,77.2
00-0034270,Tyler Conklin,TE,2022,NYJ,17,0,0,0,0,0,2,3,0,0,87,58,552,3,0,0,0,0,0,0,0.14795918367346939,0.11927314904310844,0.30542997984038,73.5,131.5,131.5
00-0034272,Marquez Valdes-Scantling,WR,2022,KC,17,0,0,0,0,0,1,-3,0,0,81,42,687,2,0,0,0,0,0,0,0.13192182410423453,0.2446943972835314,0.36916881425482373,80.4,122.4,122.4
00-0034279,Equanimeous St. Brown,WR,2022,CHI,16,0,0,0,0,0,6,54,0,0,38,21,323,1,0,0,0,0,0,0,0.10584958217270195,0.14448336252189142,0.2599127270243769,43.7,64.7,64.7
00-0034286,Richie James,WR,2022,NYG,16,0,0,0,0,0,2,6,0,0,70,57,569,4,0,3,0,0,0,0,0.14314928425357873,0.15266946610677865,0.3215925526551131,81.5,138.5,138.5
00-0034297,Byron Pringle,WR,2022,CHI,10,0,0,0,0,0,0,0,0,0,16,10,135,2,0,0,0,0,0,0,0.04456824512534819,0.06567425569176882,0.11282434667226046,25.5,35.5,35.5
00-0034301,Darrel Williams,RB,2022,ARI,5,0,0,0,0,0,21,102,1,0,8,4,9,0,0,0,0,0,0,0,0.012598425196850394,-0.005212858384013901,0.01524863692646586,17.1,21.1,21.1
00-0034317,Keith Kirkwood,WR,2022,NO,3,0,0,0,0,0,0,0,0,0,4,2,18,0,0,0,0,0,0,0,0.008113590263691683,0.012087912087912088,0.020631923857075987,1.8,3.8,3.8
00-0034348,Courtland Sutton,WR,2022,DEN,15,0,0,0,0,0,1,5,0,0,109,64,829,2,0,0,0,0,0,0,0.20147874306839186,0.2687074829931973,0.4903133526978259,95.4,159.4,159.4
00-0034351,Dallas Goedert,TE,2022,PHI,12,0,0,0,0,0,0,0,0,0,69,55,702,3,0,1,0,0,1,0,0.13663366336633664,0.09545249887438091,0.2717672442615716,86.2,141.2,141.2
00-0034364,Jordan Akins,TE,2022,HOU,15,0,0,0,0,0,0,0,0,0,54,37,495,5,1,1,0,0,1,0,0.0967741935483871,0.07618173474070675,0.19848850464107534,79.5,116.5,116.5
00-0034365,Ian Thomas,TE,2022,CAR,13,0,0,0,0,0,0,0,0,0,30,21,197,0,0,0,0,0,0,0,0.0702576112412178,0.02077687443541102,0.1199302289666144,19.700000000000003,40.7,40.7
00-0034366,Keke Coutee,WR,2022,IND,7,0,0,0,0,0,0,0,0,0,1,1,20,0,0,1,0,0,1,0,0.0017271157167530224,0.003127443315089914,0.004779883895692473,0.0,1.0,1.0
00-0034367,Nyheim Hines,RB,2022,BUF,16,0,0,0,0,0,24,33,1,0,37,30,241,1,0,0,0,0,0,2,0.06390328151986183,0.03023195204586917,0.11701728871190116,51.400000000000006,81.4,81.4
00-0034383,Dalton Schultz,TE,2022,DAL,15,0,0,0,0,0,0,0,0,0,89,57,577,5,0,1,0,0,1,0,0.163302752293578,0.14317673378076062,0.3451778420868994,85.7,142.7,142.7
00-0034386,Justin Watson,WR,2022,KC,17,0,0,0,0,0,0,0,0,0,34,15,315,2,0,0,0,0,0,0,0.05537459283387622,0.1351867572156197,0.17769261930174812,43.5,58.5,58.5
00-0034400,Jordan Wilkins,RB,2022,IND,4,0,0,0,0,0,13,58,0,0,8,6,29,0,0,0,0,0,0,0,0.013816925734024179,-0.004691164972634871,0.01744157312019186,8.700000000000001,14.700000000000001,14.700000000000001
00-0034401,Mike White,QB,2022,NYJ,4,175,1192,3,4,0,6,9,1,0,0,0,0,0,0,1,1,0,0,0,0.0,0.0,0.0,56.58,56.58,56.58
00-0034407,Ray-Ray McCloud,WR,2022,SF,17,0,0,0,0,0,4,78,1,0,25,14,243,1,0,0,0,0,0,0,0.0496031746031746,0.0846727898966705,0.13367571483243124,44.1,58.1,58.1
00-0034411,Russell Gage,WR,2022,TB,13,0,0,0,0,0,0,0,0,0,70,51,426,5,1,1,0,0,1,0,0.09668508287292818,0.07419604804339404,0.1969648579397681,72.6,123.6,123.6
00-0034414,Boston Scott,RB,2022,PHI,15,0,0,0,0,0,54,217,3,0,6,5,15,0,0,0,0,0,0,0,0.011881188118811881,-0.0022512381809995496,0.01624591545151814,41.2,46.2,46.2
00-0034418,Cedrick Wilson Jr.,WR,2022,MIA,13,0,0,0,0,0,1,8,0,0,18,12,136,0,0,0,0,0,0,0,0.03202846975088968,0.035526315789473684,0.0729111256789661,14.4,26.4,26.400000000000002
00-0034419,Braxton Berrios,WR,2022,NYJ,17,1,2,1,0,0,9,91,2,0,32,18,145,0,0,0,0,0,0,0,0.05442176870748299,0.042141890585733616,0.11113197647123801,39.68,57.68,57.68
00-0034440,Justin Jackson,RB,2022,DET,15,0,0,0,0,0,42,170,1,0,19,12,101,1,0,0,0,0,0,0,0.03374777975133215,0.004594921402660218,0.05383811460886038,39.1,51.1,51.1
00-0034487,Trent Sherfield,WR,2022,MIA,16,0,0,0,0,0,0,0,0,0,51,30,417,2,0,0,0,0,0,0,0.09074733096085409,0.10545112781954888,0.20993678591496534,53.7,83.7,83.7
00-0034521,Allen Lazard,WR,2022,GB,15,0,0,0,0,0,2,0,0,0,100,60,788,6,0,0,0,0,0,0,0.18518518518518517,0.27891916033943726,0.4730211900153839,114.80000000000001,174.8,174.8
00-0034577,Kyle Allen,QB,2022,HOU,2,78,416,2,4,0,6,13,0,0,0,0,0,0,0,1,0,1,0,0,0.0,0.0,0.0,15.940000000000001,15.940000000000001,15.940000000000001
00-0034578,Reggie Bonnafon,RB,2022,WAS,1,0,0,0,0,0,3,8,0,0,0,0,0,0,0,0,0,0,0,0,0.0,0.0,0.0,0.8,0.8,0.8
00-0034613,Tanner Hudson,TE,2022,NYG,6,0,0,0,0,0,0,0,0,0,15,10,132,0,0,0,0,0,0,0,0.03067484662576687,0.032993401319736056,0.06910765086246554,13.200000000000001,23.200000000000003,23.200000000000003
00-0034614,Godwin Igwebuike,RB,2022,SEA,5,0,0,0,0,0,3,4,0,0,1,1,3,0,0,0,0,0,0,0,0.0018083182640144665,0.0006946052326927529,0.003198701058906627,0.7000000000000001,1.7000000000000002,1.7000000000000002
00-0034646,Brandon Powell,WR,2022,LA,17,0,0,0,0,0,17,80,0,0,32,24,156,0,0,0,0,0,0,0,0.061895551257253385,0.01293103448275862,0.10189505102381112,23.6,47.6,47.6
00-0034676,James Washington,WR,2022,DAL,1,0,0,0,0,0,0,0,0,0,1,0,0,0,0,0,0,0,0,0,0.001834862385321101,0.0013422818791946308,0.0036918908934178932,0.0,0.0,0.0
00-0034681,Chase Edmonds,RB,2022,DEN,13,0,0,0,0,0,68,245,2,0,24,16,157,1,0,0,0,0,0,0,0.042704626334519574,0.009398496240601503,0.07063588687020042,58.2,74.2,74.2
00-0034750,Rashaad Penny,RB,2022,SEA,5,0,0,0,0,0,57,346,2,0,5,4,16,0,0,0,0,0,0,0,0.009041591320072333,-0.0027784209307710117,0.011617492328568792,48.2,52.2,52.2
00-0034753,Mark Andrews,TE,2022,BAL,15,0,0,0,0,0,3,8,0,0,113,73,847,5,1,0,0,0,0,0,0.24301075268817204,0.2752864972595914,0.557216677113972,117.5,190.5,190.5
00-0034764,Michael Gallup,WR,2022,DAL,14,0,0,0,0,0,0,0,0,0,74,39,424,4,0,0,0,0,0,0,0.13577981651376148,0.18322147651006712,0.3319247583276892,66.4,105.4,105.4
00-0034765,Tre'Quan Smith,WR,2022,NO,10,0,0,0,0,0,0,0,0,0,27,19,278,1,0,0,0,0,0,0,0.05476673427991886,0.07274725274725274,0.13307317834295523,33.8,52.8,52.8
00-0034775,Christian Kirk,WR,2022,JAX,17,1,0,0,0,0,5,11,0,0,133,84,1108,8,0,1,0,0,1,0,0.23170731707317074,0.27941176470588236,0.5431492109038738,157.9,241.9,241.9
00-0034777,DJ Chark,WR,2022,DET,11,0,0,0,0,0,0,0,0,0,52,30,502,3,0,0,0,0,0,0,0.09236234458259325,0.1932285368802902,0.273803492690093,68.2,98.2,98.2
00-0034791,Nick Chubb,RB,2022,CLE,17,0,0,0,0,0,302,1525,12,1,37,27,239,1,0,1,0,1,0,0,0.07297830374753451,0.0,0.10946745562130178,254.39999999999998,281.4,281.4
00-0034796,Lamar Jackson,QB,2022,BAL,12,326,2242,17,7,1,112,764,3,0,0,0,0,0,0,2,1,1,0,0,0.0,0.0,0.0,236.08,236.08,236.08
00-0034798,Durham Smythe,TE,2022,MIA,13,0,0,0,0,0,2,1,1,0,20,15,129,1,0,0,0,0,0,0,0.03558718861209965,0.014849624060150377,0.06377551976025474,25.0,40.0,40.0
00-0034816,Ronald Jones,RB,2022,KC,5,0,0,0,0,0,17,70,1,0,1,1,22,0,0,0,0,0,0,0,0.0016286644951140066,-0.00021222410865874363,0.0022944398666098894,15.200000000000001,16.200000000000003,16.2
00-0034827,DJ Moore,WR,2022,CAR,17,0,0,0,0,0,10,53,0,0,118,63,888,7,0,0,0,0,0,0,0.27634660421545665,0.4595001505570611,0.7361700117131278,136.10000000000002,199.10000000000002,199.10000000000002
00-0034829,Mike Gesicki,TE,2022,MIA,17,0,0,0,0,0,0,0,0,0,52,32,362,5,0,0,0,0,0,0,0.09252669039145907,0.09210526315789473,0.2032637197977149,66.2,98.2,98.2
00-0034830,Hayden Hurst,TE,2022,CIN,13,0,0,0,0,0,0,0,0,0,68,52,414,2,0,0,0,0,0,0,0.11447811447811448,0.08147615624251138,0.2287504810869297,53.400000000000006,105.4,105.4
00-0034838,Royce Freeman,RB,2022,HOU,4,0,0,0,0,0,41,117,0,0,8,6,33,0,0,1,0,1,0,0,0.014336917562724014,-0.0013767783386874712,0.020541631507004793,13.0,19.0,19.0
00-0034844,Saquon Barkley,RB,2022,NYG,16,0,0,0,0,0,295,1312,10,0,76,57,338,0,1,0,0,0,0,0,0.1554192229038855,-0.004799040191961607,0.22976950622145512,227.0,284.0,284.0
00-0034845,Sony Michel,RB,2022,LAC,10,0,0,0,0,0,36,106,0,0,13,9,53,0,0,0,0,0,0,0,0.018922852983988356,0.004866180048661801,0.0317906055100458,15.9,24.9,24.900000000000002
00-0034854,KhaDarel Hodge,WR,2022,ATL,13,0,0,0,0,0,0,0,0,0,20,13,202,1,1,0,0,0,0,0,0.05,0.06645177287379123,0.12151624101165387,28.200000000000003,41.2,41.2
00-0034855,Baker Mayfield,QB,2022,LA,12,335,2163,10,8,0,31,89,1,0,0,0,0,0,0,2,1,1,0,0,0.0,0.0,0.0,121.42,121.42,121.42
00-0034857,Josh Allen,QB,2022,BUF,16,567,4283,35,14,1,124,762,7,1,0,0,0,0,0,5,3,2,0,0,0.0,0.0,0.0,395.52,395.52,395.52
00-0034860,Dante Pettis,WR,2022,CHI,17,0,0,0,0,0,2,37,0,0,41,19,245,3,0,0,0,0,0,0,0.11420612813370473,0.10828955049620549,0.24711187754790093,46.2,65.2,65.2
00-0034867,Malik Turner,WR,2022,SF,2,0,0,0,0,0,0,0,0,0,0,0,0,0,0,0,0,0,0,0,0.0,0.0,0.0,0.0,0.0,0.0
00-0034869,Sam Darnold,QB,2022,CAR,6,140,1143,7,3,0,26,106,2,0,0,0,0,0,0,2,1,1,0,0,0.0,0.0,0.0,86.32,86.32,86.32
00-0034899,John Wolford,QB,2022,LA,2,62,390,1,3,0,8,32,0,0,0,0,0,0,0,1,1,0,0,0,0.0,0.0,0.0,14.8,14.8,14.8
00-0034928,Steven Sims,WR,2022,PIT,12,0,0,0,0,0,13,70,0,0,23,14,104,0,0,0,0,0,0,0,0.041970802919708027,0.02740016992353441,0.08213632332603613,17.400000000000002,31.400000000000002,31.4
00-0034930,Trinity Benson,WR,2022,DET,1,0,0,0,0,0,0,0,0,0,0,0,0,0,0,0,0,0,0,0,0.0,0.0,0.0,0.0,0.0,0.0
00-0034955,Brett Rypien,QB,2022,DEN,4,88,483,2,4,0,6,7,0,0,0,0,0,0,0,1,1,0,0,0,0.0,0.0,0.0,18.02,18.02,18.02
00-0034960,Jakobi Meyers,WR,2022,NE,14,0,0,0,0,0,2,-11,0,0,96,67,804,6,1,2,0,0,1,0,0.18532818532818532,0.231087326684505,0.4397534066714315,115.30000000000001,182.3,182.3
00-0034970,Irv Smith,TE,2022,MIN,8,0,0,0,0,0,0,0,0,0,36,25,182,2,0,0,0,0,0,0,0.056162246489859596,0.032701894317048855,0.10713469575672359,30.2,55.2,55.2
00-0034972,Alexander Mattison,RB,2022,MIN,17,0,0,0,0,0,74,283,5,0,18,15,91,1,0,0,0,0,0,0,0.028081123244929798,-0.006580259222333001,0.037515503411761596,73.4,88.4,88.39999999999999
00-0034975,Justice Hill,RB,2022,BAL,15,0,0,0,0,0,49,262,0,0,12,12,58,0,0,1,0,1,0,0,0.025806451612903226,-0.00622820129546587,0.03434993651252873,30.0,42.0,42.0
00-0034981,Foster Moreau,TE,2022,LV,14,0,0,0,0,0,0,2,0,0,54,33,420,2,0,1,0,0,0,0,0.0967741935483871,0.08415749206941593,0.2040715347711718,54.2,87.2,87.2
00-0034983,Hunter Renfrow,WR,2022,LV,10,0,0,0,0,0,0,0,0,0,50,36,330,2,0,1,0,0,1,0,0.08960573476702509,0.06325807053554768,0.178689251525421,43.0,79.0,79.0
00-0035021,Ashton Dulin,WR,2022,IND,10,0,0,0,0,0,2,8,0,0,22,15,207,1,0,0,0,0,0,0,0.037996545768566495,0.0656763096168882,0.10296823538467148,27.5,42.5,42.5
00-0035022,Penny Hart,WR,2022,SEA,4,0,0,0,0,0,0,0,0,0,4,3,20,0,0,0,0,0,0,0,0.007233273056057866,0.00717758740449178,0.015874220767231044,2.0,5.0,5.0
00-0035040,David Blough,QB,2022,ARI,2,58,402,2,2,0,4,5,0,0,0,0,0,0,0,1,1,0,0,0,0.0,0.0,0.0,18.580000000000002,18.580000000000002,18.580000000000002
00-0035140,Mecole Hardman,WR,2022,KC,8,0,0,0,0,0,4,31,2,0,34,25,297,4,0,0,0,0,0,0,0.05537459283387622,0.0583616298811545,0.12391503016762248,68.80000000000001,93.80000000000001,93.80000000000001
00-0035146,Trace McSorley,QB,2022,ARI,5,83,412,0,5,0,15,61,0,0,0,0,0,0,0,2,1,1,0,0,0.0,0.0,0.0,8.580000000000002,8.580000000000002,8.580000000000002
00-0035184,Devine Ozigbo,RB,2022,DEN,3,0,0,0,0,0,3,4,0,0,1,1,3,0,0,0,0,0,0,0,0.0018484288354898336,-0.0008003201280512205,0.002212419163598896,0.7000000000000001,1.7000000000000002,1.7000000000000002
00-0035208,Olamide Zaccheaus,WR,2022,ATL,16,0,0,0,0,0,2,7,0,0,61,40,533,3,0,1,0,0,1,0,0.1525,0.17803124225142575,0.35337186957599803,70.0,110.0,110.0
00-0035215,Deonte Harty,WR,2022,NO,4,0,0,0,0,0,0,0,0,0,2,2,13,0,0,1,0,0,0,0,0.004056795131845842,0.001098901098901099,0.006854423466999532,1.3,3.3,3.3
00-0035216,Diontae Johnson,WR,2022,PIT,17,0,0,0,0,0,7,25,0,0,147,86,882,0,2,0,0,0,0,0,0.26824817518248173,0.3183942225998301,0.6252482185936037,94.7,180.7,180.7
00-0035217,Benny Snell,RB,2022,PIT,9,0,0,0,0,0,20,90,1,0,2,2,17,0,0,0,0,0,0,0,0.0036496350364963502,-0.00021240441801189465,0.005325769462136199,16.700000000000003,18.700000000000003,18.7
00-0035222,Zach Gentry,TE,2022,PIT,14,0,0,0,0,0,0,0,0,0,23,19,132,0,0,0,0,0,0,0,0.041970802919708027,0.013593882752761258,0.07247192230649492,13.200000000000001,32.2,32.2
00-0035228,Kyler Murray,QB,2022,ARI,11,390,2368,14,7,3,67,418,3,1,0,0,0,0,0,2,0,2,0,0,0.0,0.0,0.0,200.52,200.52,200.52
00-0035229,T.J. Hockenson,TE,2022,MIN,17,0,0,0,0,0,0,0,0,0,129,86,914,6,2,1,0,0,0,0,0.2291296625222025,0.23724304715840386,0.5097646267941864,131.4,217.4,217.4
00-0035243,Miles Sanders,RB,2022,PHI,17,0,0,0,0,0,259,1269,11,0,26,20,78,0,0,2,0,1,1,0,0.05148514851485148,0.005177847816298964,0.0808522162436865,196.70000000000002,216.70000000000002,216.70000000000002
00-0035249,Josh Oliver,TE,2022,BAL,12,0,0,0,0,0,0,0,0,0,25,14,149,2,0,0,0,0,0,0,0.053763440860215055,0.053064275037369206,0.11779015381648103,26.9,40.9,40.9
00-0035250,Devin Singletary,RB,2022,BUF,16,0,0,0,0,0,177,819,5,0,52,38,280,1,0,3,0,3,0,0,0.09437386569872959,0.001513431706394249,0.14262020074257037,139.9,177.9,177.9
00-0035259,Trevon Wesco,TE,2022,CHI,6,0,0,0,0,0,0,0,0,0,4,2,26,0,1,0,0,0,0,0,0.011142061281337047,0.006713368359603036,0.021412449773727697,4.6,6.6,6.6
00-0035261,Tony Pollard,RB,2022,DAL,16,0,0,0,0,0,193,1007,9,0,55,39,371,3,0,0,0,0,0,0,0.10091743119266056,0.016778523489932886,0.16312111323194387,209.8,248.8,248.79999999999998
00-0035264,Jarrett Stidham,QB,2022,LV,3,83,656,4,3,0,14,84,0,0,0,0,0,0,0,1,1,0,0,0,0.0,0.0,0.0,42.64,42.64,42.64
00-0035273,Qadree Ollison,RB,2022,DAL,2,0,0,0,0,0,0,0,0,0,0,0,0,0,0,0,0,0,0,0,0.0,0.0,0.0,0.0,0.0,0.0
00-0035289,Gardner Minshew,QB,2022,PHI,5,76,663,3,3,0,7,3,1,0,0,0,0,0,0,1,0,1,0,0,0.0,0.0,0.0,36.81999999999999,36.81999999999999,36.81999999999999
00-0035291,Trayveon Williams,RB,2022,CIN,7,0,0,0,0,0,6,30,0,0,3,2,30,0,0,0,0,0,0,0,0.005050505050505051,0.004792715073088905,0.010930658126919809,6.0,8.0,8.0
00-0035298,Scott Miller,WR,2022,TB,12,0,0,0,0,0,1,8,0,0,40,23,185,0,0,0,0,0,0,0,0.055248618784530384,0.09918636187524216,0.1523033814894651,19.3,42.3,42.3
00-0035304,Cullen Gillaspia,RB,2022,SEA,4,0,0,0,0,0,0,0,0,0,0,0,0,0,0,0,0,0,0,0,0.0,0.0,0.0,0.0,0.0,0.0
00-0035308,Tommy Sweeney,TE,2022,BUF,2,0,0,0,0,0,0,0,0,0,1,1,7,0,0,0,0,0,0,0,0.0018148820326678765,-0.00018917896329928113,0.002589897774692318,0.7000000000000001,1.7000000000000002,1.7000000000000002
00-0035311,Myles Gaskin,RB,2022,MIA,2,0,0,0,0,0,10,26,0,0,6,4,28,0,0,0,0,0,0,0,0.010676156583629894,0.0031954887218045114,0.018251076980708,5.4,9.4,9.4
00-0035329,Donald Parham,TE,2022,LAC,6,0,0,0,0,0,0,0,0,0,12,10,130,1,0,0,0,0,0,0,0.017467248908296942,0.027427560274275602,0.045400165554438335,19.0,29.0,29.0
00-0035341,Trenton Irwin,WR,2022,CIN,9,0,0,0,0,0,1,11,0,0,23,15,231,4,0,0,0,0,0,0,0.03872053872053872,0.06206566019650132,0.101526770218359,48.2,63.2,63.2
00-0035345,Chris Myarick,TE,2022,NYG,10,0,0,0,0,0,0,0,0,0,8,7,65,1,0,0,0,0,0,0,0.016359918200409,0.006898620275944811,0.02936891149377487,12.5,19.5,19.5
00-0035356,Tyree Jackson,TE,2022,PHI,2,0,0,0,0,0,0,0,0,0,0,0,0,0,0,0,0,0,0,0,0.0,0.0,0.0,0.0,0.0,0.0
00-0035359,David Sills,WR,2022,NYG,7,0,0,0,0,0,0,0,0,0,17,11,106,0,0,0,0,0,0,0,0.034764826175869123,0.039892021595680865,0.08007165438078029,10.600000000000001,21.6,21.6
00-0035399,Stanley Morgan,WR,2022,CIN,9,0,0,0,0,0,0,0,0,0,1,0,0,0,0,0,0,0,0,0,0.0016835016835016834,0.0,0.002525252525252525,0.0,0.0,0.0
00-0035406,Lil'Jordan Humphrey,WR,2022,NE,4,0,0,0,0,0,0,0,0,0,4,2,20,0,0,0,0,0,0,0,0.007722007722007722,0.006567745074191195,0.01618043313494542,2.0,4.0,4.0
00-0035414,Jalen Guyton,WR,2022,LAC,2,0,0,0,0,0,0,0,0,0,4,2,64,0,0,0,0,0,0,0,0.005822416302765648,0.025436850254368502,0.02653941963220642,6.4,8.4,8.4
00-0035432,Jason Moore,WR,2022,LAC,1,0,0,0,0,0,0,0,0,0,2,1,5,0,0,0,0,0,0,0,0.002911208151382824,0.0053085600530856005,0.008082804264234156,0.5,1.5,1.5
00-0035457,Tyron Johnson,WR,2022,HOU,2,0,0,0,0,0,0,0,0,0,1,1,8,0,0,0,0,0,0,0,0.0017921146953405018,-0.0003732039559619332,0.0024269292738373998,0.8,1.8,1.8
00-0035500,Greg Dortch,WR,2022,ARI,16,0,0,0,0,0,7,44,0,0,64,52,467,2,0,1,0,0,0,0,0.10078740157480315,0.0686359687228497,0.1992262804681995,63.1,115.1,115.1
00-0035510,Jeff Smith,WR,2022,NYJ,7,0,0,0,0,0,0,0,0,0,11,8,134,0,0,0,0,0,0,0,0.01870748299319728,0.02783684515754881,0.04754701610008008,13.4,21.4,21.4
00-0035527,Andy Isabella,WR,2022,BAL,4,0,0,0,0,0,1,1,0,0,5,2,21,0,0,0,0,0,0,0,0.007874015748031496,0.015204170286707211,0.022453942822742292,2.2,4.2,4.2
00-0035535,Darius Slayton,WR,2022,NYG,13,0,0,0,0,0,0,0,0,0,71,46,724,2,0,1,0,0,1,0,0.14519427402862986,0.26514697060587883,0.40339429046706,82.4,128.4,128.4
00-0035537,Ty Johnson,RB,2022,NYJ,12,0,0,0,0,0,30,160,1,0,24,12,88,0,0,0,0,0,0,0,0.04081632653061224,0.009278948385849604,0.06771975366601309,30.8,42.8,42.8
00-0035544,Tom Kennedy,WR,2022,DET,5,0,0,0,0,0,0,0,0,0,15,8,141,0,0,0,0,0,0,0,0.02664298401420959,0.03240628778718259,0.0626488774723422,14.100000000000001,22.1,22.1
00-0035547,Joseph Fortson,TE,2022,KC,10,0,0,0,0,0,0,0,0,0,13,9,108,2,0,1,0,0,0,0,0.021172638436482084,0.01867572156196944,0.044831962748101736,22.8,31.8,31.8
00-0035562,Jesper Horsted,TE,2022,LV,5,0,0,0,0,0,0,0,0,0,4,3,19,0,0,0,0,0,0,0,0.007168458781362007,0.004851651427505131,0.014148844171296603,1.9000000000000001,4.9,4.9
00-0035567,Craig Reynolds,RB,2022,DET,6,0,0,0,0,0,23,102,0,0,10,9,116,0,0,0,0,0,0,0,0.017761989342806393,0.002902055622732769,0.028674422950122527,21.8,30.8,30.800000000000004
00-0035572,Parker Hesse,TE,2022,ATL,12,0,0,0,0,0,0,0,0,0,11,9,89,0,0,0,0,0,0,0,0.0275,0.01611703446565832,0.052531924125960826,8.9,17.9,17.9
00-0035593,Juwann Winfree,WR,2022,GB,3,0,0,0,0,0,0,0,0,0,4,1,17,0,0,0,0,0,0,0,0.007407407407407408,0.011612326931665922,0.019239739963277255,1.7000000000000002,2.7,2.7
00-0035594,Travis Homer,RB,2022,SEA,10,0,0,0,0,0,19,74,0,0,18,16,157,1,0,1,0,0,1,0,0.0325497287522604,0.00717758740449178,0.05384890431153485,27.1,43.1,43.1
00-0035603,Kendall Blanton,TE,2022,LA,2,0,0,0,0,0,0,0,0,0,2,2,35,0,0,0,0,0,0,0,0.0038684719535783366,0.003232758620689655,0.008065638964850264,3.5,5.5,5.5
00-0035621,Nsimba Webster,WR,2022,CHI,1,0,0,0,0,0,0,0,0,0,3,2,14,0,0,0,0,0,0,0,0.008356545961002786,0.00642148277875073,0.01702985688662969,1.4000000000000001,3.4000000000000004,3.4000000000000004
00-0035624,N'Keal Harry,TE,2022,CHI,6,0,0,0,0,0,0,0,0,0,9,7,116,1,0,0,0,0,0,0,0.025069637883008356,0.0446584938704028,0.0688654025337945,17.6,24.6,24.6
00-0035628,D'Ernest Johnson,RB,2022,CLE,9,0,0,0,0,0,4,17,0,0,3,3,7,0,0,0,0,0,0,0,0.005917159763313609,-0.00022456770716370987,0.008718542249955817,2.4000000000000004,5.4,5.4
00-0035631,Drew Sample,TE,2022,CIN,2,0,0,0,0,0,0,0,0,0,2,2,-2,0,0,0,0,0,0,0,0.003367003367003367,-0.0004792715073088905,0.004715014995388827,-0.2,1.8,1.8
00-0035639,Parris Campbell,WR,2022,IND,17,0,0,0,0,0,5,58,0,0,91,63,623,3,0,0,0,0,0,0,0.15716753022452504,0.15168100078186084,0.3419279958840902,86.10000000000001,149.10000000000002,149.10000000000002
00-0035640,DK Metcalf,WR,2022,SEA,17,0,0,0,0,0,0,0,0,0,141,90,1048,6,0,2,0,0,2,0,0.2549728752260398,0.3660569576290808,0.6386991831794162,136.8,226.8,226.8
00-0035644,Noah Fant,TE,2022,SEA,17,0,0,0,0,0,0,0,0,0,63,50,486,4,0,0,0,0,0,0,0.11392405063291139,0.0940032414910859,0.2366883449931272,72.6,122.6,122.6
00-0035645,Gunner Olszewski,WR,2022,PIT,15,0,0,0,0,0,8,39,0,0,7,5,53,0,0,1,0,0,0,0,0.012773722627737226,0.012107051826677994,0.027635520220280436,9.200000000000001,14.200000000000001,14.200000000000001
00-0035657,Damien Harris,RB,2022,NE,11,0,0,0,0,0,106,462,3,0,23,17,97,0,0,0,0,0,0,0,0.0444015444015444,0.006081245439065921,0.07085918840966275,73.9,90.9,90.9
00-0035659,Terry McLaurin,WR,2022,WAS,17,0,0,0,0,0,7,29,0,0,120,77,1191,5,0,0,0,0,0,0,0.22598870056497175,0.3478553783965866,0.5824818157250682,152.0,229.0,229.0
00-0035662,Marquise Brown,WR,2022,ARI,12,0,0,0,0,0,1,1,0,0,107,67,709,3,0,0,0,0,0,0,0.16850393700787403,0.2617289313640313,0.4359661574666329,89.0,156.0,156.0
00-0035664,Darrell Henderson,RB,2022,LA,10,0,0,0,0,0,70,283,3,0,22,17,102,0,0,0,0,0,0,0,0.0425531914893617,0.007543103448275862,0.06910995964783564,56.5,73.5,73.5
00-0035676,A.J. Brown,WR,2022,PHI,17,0,0,0,0,0,0,0,0,0,145,88,1496,11,0,2,0,0,2,0,0.2871287128712871,0.3939666816749212,0.7064697464793754,211.6,299.6,299.6
00-0035685,David Montgomery,RB,2022,CHI,16,0,0,0,0,0,201,801,5,0,40,34,316,1,0,2,0,1,1,0,0.11142061281337047,0.0148861646234676,0.17755123445648302,143.7,177.7,177.70000000000002
00-0035689,Dawson Knox,TE,2022,BUF,15,0,0,0,0,0,0,0,0,0,65,48,517,6,0,0,0,0,0,0,0.11796733212341198,0.09591373439273553,0.24409061226003284,87.7,135.7,135.7
00-0035700,Josh Jacobs,RB,2022,LV,17,0,0,0,0,0,340,1653,12,0,64,53,400,0,0,1,0,0,1,0,0.11469534050179211,0.006531069229333831,0.17661475921322187,275.3,328.3,328.3
00-0035703,Miles Boykin,WR,2022,PIT,10,0,0,0,0,0,0,0,0,0,3,2,11,0,0,0,0,0,0,0,0.005474452554744526,0.009770603228547154,0.015051101092099797,1.1,3.1,3.1
00-0035710,Daniel Jones,QB,2022,NYG,16,472,3205,15,5,2,120,708,7,0,0,0,0,0,0,3,2,1,0,0,0.0,0.0,0.0,289.0,289.0,289.0
00-0035719,Deebo Samuel Sr.,WR,2022,SF,13,0,0,0,0,0,42,232,3,0,94,56,632,2,0,2,0,2,0,0,0.1865079365079365,0.11366245694603903,0.3593256246241321,112.4,168.4,168.4
00-0035726,Jakob Johnson,RB,2022,LV,11,0,0,0,0,0,0,0,0,0,6,5,10,0,0,0,0,0,0,0,0.010752688172043012,0.0013062138458667662,0.01704338195017125,1.0,6.0,6.0
00-0035752,Chris Streveler,QB,2022,NYJ,1,15,90,0,0,0,9,54,0,0,0,0,0,0,0,0,0,0,0,0,0.0,0.0,0.0,9.0,9.0,9.0
00-0035771,Mitchell Wilcox,TE,2022,CIN,9,0,0,0,0,0,0,0,0,0,18,17,139,1,0,0,0,0,0,0,0.030303030303030304,0.019410496046010063,0.0590418926867525,19.9,36.9,36.9
00-0035787,Jared Pinkney,TE,2022,LA,1,0,0,0,0,0,0,0,0,0,0,0,0,0,0,0,0,0,0,0,0.0,0.0,0.0,0.0,0.0,0.0
00-0035806,JaMycal Hasty,RB,2022,JAX,14,0,0,0,0,0,46,194,2,0,26,20,126,1,0,0,0,0,0,0,0.04529616724738676,-0.0078125,0.062475500871080135,50.0,70.0,70.0
00-0035819,Ben Victor,WR,2022,BAL,1,0,0,0,0,0,0,0,0,0,0,0,0,0,0,0,0,0,0,0,0.0,0.0,0.0,0.0,0.0,0.0
00-0035823,Ben Ellefson,TE,2022,MIN,2,0,0,0,0,0,0,0,0,0,3,3,26,0,0,0,0,0,0,0,0.0046801872074883,0.0029910269192422734,0.00911399965470204,2.6,5.6,5.6
00-0035831,James Robinson,RB,2022,NYJ,11,0,0,0,0,0,110,425,3,0,14,11,51,2,0,0,0,0,0,0,0.024390243902439025,0.00022977941176470588,0.036746211441893835,77.6,88.6,88.6
00-0035860,Tony Jones,RB,2022,SEA,3,0,0,0,0,0,10,24,0,0,8,5,30,0,0,0,0,0,0,0,0.016227180527383367,-0.004835164835164835,0.020956155406459665,5.4,10.4,10.4
00-0035864,Kendall Hinton,WR,2022,DEN,11,0,0,0,0,0,2,13,0,0,33,24,311,0,0,0,0,0,0,0,0.06099815157116451,0.06062424969987995,0.13393420214666274,32.4,56.4,56.4
00-0035876,Andre Baccellia,WR,2022,ARI,5,0,0,0,0,0,0,0,0,0,10,7,45,0,0,0,0,0,0,0,0.015748031496062992,0.019765421372719374,0.03745784220499805,4.5,11.5,11.5
00-0035891,Cody White,WR,2022,PIT,1,0,0,0,0,0,0,0,0,0,1,1,2,0,0,0,0,0,0,0,0.0018248175182481751,0.0,0.002737226277372263,0.2,1.2,1.2
00-0035924,Jonathan Ward,RB,2022,TEN,4,0,0,0,0,0,5,25,0,0,3,2,7,0,0,0,0,0,0,0,0.004724409448818898,0.0008688097306689834,0.007694780984696635,3.2,5.2,5.2
00-0035939,Bryce Perkins,QB,2022,LA,5,34,161,1,2,0,19,90,0,0,0,0,0,0,0,0,0,0,0,0,0.0,0.0,0.0,15.440000000000001,15.440000000000001,15.440000000000001
00-0035956,Giovanni Ricci,TE,2022,CAR,11,0,0,0,0,0,0,0,0,0,9,8,100,0,0,0,0,0,0,0,0.02107728337236534,0.01656127672387835,0.043208818765262856,10.0,18.0,18.0
00-0035973,Patrick Taylor,RB,2022,GB,6,0,0,0,0,0,10,31,0,0,1,1,17,0,0,0,0,0,0,0,0.001851851851851852,0.0,0.002777777777777778,4.800000000000001,5.800000000000001,5.800000000000001
00-0035976,Dan Chisena,WR,2022,MIN,2,0,0,0,0,0,0,0,0,0,0,0,0,0,0,0,0,0,0,0,0.0,0.0,0.0,0.0,0.0,0.0
00-0035993,Tyler Huntley,QB,2022,BAL,5,112,658,2,3,0,43,137,1,1,0,0,0,0,0,0,0,0,0,0,0.0,0.0,0.0,50.02,50.02,50.02
00-0036005,Noah Togiai,TE,2022,PHI,1,0,0,0,0,0,0,0,0,0,1,0,0,0,0,0,0,0,0,0,0.0019801980198019802,0.0009004952723998199,0.0036006437203828442,0.0,0.0,0.0
00-0036020,Salvon Ahmed,RB,2022,MIA,6,0,0,0,0,0,12,64,1,0,1,1,8,0,0,0,0,0,0,0,0.0017793594306049821,0.00018796992481203009,0.0028006180932758943,13.2,14.2,14.200000000000001
00-0036032,Sean McKeon,TE,2022,DAL,3,0,0,0,0,0,0,0,0,0,3,2,11,0,0,0,0,0,0,0,0.005504587155963303,0.00022371364653243848,0.008413480286517661,1.1,3.1,3.1
00-0036040,Juwan Johnson,TE,2022,NO,16,0,0,0,0,0,0,0,0,0,65,42,508,7,0,0,0,0,0,0,0.13184584178498987,0.13186813186813187,0.2900764549851771,92.80000000000001,134.8,134.8
00-0036059,Tyler Mabry,TE,2022,SEA,1,0,0,0,0,0,0,0,0,0,1,1,7,1,0,0,0,0,0,0,0.0018083182640144665,0.0013892104653855058,0.0036849247217915536,6.7,7.7,7.7
00-0036096,J.J. Taylor,RB,2022,NE,1,0,0,0,0,0,10,9,0,0,1,1,8,0,0,0,0,0,0,0,0.0019305019305019305,0.0007297494526879105,0.003406577512634433,1.7000000000000002,2.7,2.7
00-0036133,James Proche,WR,2022,BAL,11,1,0,0,1,0,0,0,0,0,17,8,62,0,0,0,0,0,0,0,0.03655913978494624,0.03861484803188839,0.08186910329974123,4.2,12.2,12.2
00-0036139,Rico Dowdle,RB,2022,DAL,2,0,0,0,0,0,0,0,0,0,0,0,0,0,0,0,0,0,0,0,0.0,0.0,0.0,0.0,0.0,0.0
00-0036145,Lawrence Cager,TE,2022,NYG,6,0,0,0,0,0,0,0,0,0,19,13,118,1,0,0,0,0,0,0,0.03231292517006803,0.021264256717572007,0.06335436745740244,17.8,30.8,30.8
00-0036158,J.K. Dobbins,RB,2022,BAL,8,0,0,0,0,0,92,520,2,0,8,7,42,1,0,0,0,0,0,0,0.017204301075268817,0.000996512207274539,0.026504010157995403,74.2,81.2,81.2
00-0036165,Isaiah Hodgins,WR,2022,NYG,9,0,0,0,0,0,0,0,0,0,48,37,392,4,1,1,0,0,1,0,0.08711433756805807,0.08229284903518728,0.1882765006767182,63.2,100.2,100.2
00-0036176,Mason Kinsey,WR,2022,TEN,2,0,0,0,0,0,0,0,0,0,1,1,3,0,0,0,0,0,0,0,0.0022935779816513763,0.0008410428931875525,0.004029096997708351,0.30000000000000004,1.3,1.3
00-0036182,Nick Westbrook-Ikhine,WR,2022,TEN,16,0,0,0,0,0,0,0,0,0,50,25,397,3,0,0,0,0,0,0,0.11467889908256881,0.1855901317633866,0.3019314408582239,57.7,82.7,82.7
00-0036187,Reggie Gilliam,RB,2022,BUF,7,0,0,0,0,0,0,0,0,0,10,8,69,1,0,0,0,0,0,0,0.018148820326678767,0.010972379871358306,0.034903896399968964,12.9,20.9,20.9
00-0036194,Devin Asiasi,TE,2022,CIN,5,0,0,0,0,0,0,0,0,0,4,2,5,0,0,0,0,0,0,0,0.006734006734006734,0.01413850946561227,0.01999796672693869,0.5,2.5,2.5
00-0036196,Gabe Davis,WR,2022,BUF,15,0,0,0,0,0,0,0,0,0,93,48,836,7,0,1,0,0,1,0,0.16878402903811252,0.27014755959137343,0.44227933527113017,123.60000000000001,171.60000000000002,171.60000000000002
00-0036212,Tua Tagovailoa,QB,2022,MIA,13,400,3548,25,8,0,24,70,0,0,0,0,0,0,0,1,1,0,0,0,0.0,0.0,0.0,230.92000000000002,230.92000000000002,230.92000000000002
00-0036219,Marquez Callaway,WR,2022,NO,10,0,0,0,0,0,0,0,0,0,32,16,158,1,0,0,0,0,0,0,0.06490872210953347,0.08549450549450549,0.15720923701045403,21.8,37.8,37.8
00-0036223,Jonathan Taylor,RB,2022,IND,11,0,0,0,0,0,192,861,4,0,40,28,143,0,0,3,0,3,0,0,0.0690846286701209,-0.019025280166796978,0.09030924688842347,118.4,146.4,146.4
00-0036226,Jacob Eason,QB,2022,CAR,1,5,59,0,1,0,0,0,0,0,0,0,0,0,0,0,0,0,0,0,0.0,0.0,0.0,0.3599999999999999,0.3599999999999999,0.3599999999999999
00-0036228,Dezmon Patmon,WR,2022,IND,1,0,0,0,0,0,0,0,0,0,6,2,24,0,0,0,0,0,0,0,0.010362694300518135,0.019025280166796978,0.028861737567535087,2.4000000000000004,4.4,4.4
00-0036232,Harrison Bryant,TE,2022,CLE,14,0,0,0,0,0,1,8,0,0,42,31,239,1,0,0,0,0,0,0,0.08284023668639054,0.05344711430496295,0.16167333504305986,30.700000000000003,61.7,61.7
00-0036233,Donovan Peoples-Jones,WR,2022,CLE,17,0,0,0,0,0,1,2,0,0,96,61,839,3,0,1,0,0,1,1,0.1893491124260355,0.2485964518302268,0.458041184920212,106.10000000000001,167.10000000000002,167.10000000000002
00-0036244,Colby Parkinson,TE,2022,SEA,14,0,0,0,0,0,0,0,0,0,34,25,322,2,0,0,0,0,0,0,0.06148282097649186,0.06436675156286177,0.13728095755874103,44.2,69.2,69.2
00-0036247,Freddie Swain,WR,2022,DEN,3,0,0,0,0,0,0,0,0,0,6,4,74,0,0,0,0,0,0,0,0.011090573012939002,0.012404961984793917,0.025319332908764244,7.4,11.4,11.4
00-0036250,Tyler Davis,TE,2022,GB,11,0,0,0,0,0,0,0,0,0,7,4,26,0,0,0,0,0,0,0,0.012962962962962963,0.006029477445288075,0.023665078656146095,2.6,6.6,6.6
00-0036251,Zack Moss,RB,2022,IND,13,0,0,0,0,0,93,456,1,0,13,11,39,0,0,1,0,1,0,0,0.023593466424682397,-0.0009458948164964056,0.03472807326547611,53.5,64.5,64.5
00-0036252,Michael Pittman,WR,2022,IND,16,0,0,0,0,0,3,30,0,0,141,99,925,4,0,1,0,0,1,0,0.24352331606217617,0.2567109721136304,0.5449826545728056,117.5,216.5,216.5
00-0036255,Denzel Mims,WR,2022,NYJ,9,0,0,0,0,0,0,0,0,0,25,11,186,0,0,0,0,0,0,0,0.04251700680272109,0.06050647593272762,0.10613004335699097,18.6,29.6,29.6
00-0036259,Jauan Jennings,WR,2022,SF,16,0,0,0,0,0,0,0,0,0,56,35,416,1,0,0,0,0,0,0,0.1111111111111111,0.13432835820895522,0.2606965174129353,47.6,82.6,82.6
00-0036261,Brandon Aiyuk,WR,2022,SF,17,0,0,0,0,0,2,23,0,0,114,78,1015,8,0,1,0,0,1,0,0.2261904761904762,0.32807118254879447,0.5689355420698704,149.8,227.8,227.8
00-0036264,Jordan Love,QB,2022,GB,4,21,195,1,0,0,1,-1,0,0,0,0,0,0,0,0,0,0,0,0,0.0,0.0,0.0,11.700000000000001,11.700000000000001,11.700000000000001
00-0036265,AJ Dillon,RB,2022,GB,17,0,0,0,0,0,186,770,7,0,43,28,206,0,0,0,0,0,0,0,0.07962962962962963,0.003796337650736936,0.1221018807999603,139.60000000000002,167.60000000000002,167.6
00-0036268,Laviska Shenault Jr.,WR,2022,CAR,13,0,0,0,0,0,9,65,1,0,32,27,272,1,0,0,0,0,0,0,0.07494145199063232,-0.00662451068955134,0.10777502050326254,45.7,72.7,72.7
00-0036271,Quez Watkins,WR,2022,PHI,17,0,0,0,0,0,3,1,0,0,51,33,354,3,0,1,0,0,1,0,0.100990099009901,0.10715893741557857,0.2264964047057565,51.5,84.5,84.5
00-0036275,D'Andre Swift,RB,2022,DET,14,0,0,0,0,0,99,542,5,1,70,48,389,3,0,0,0,0,0,0,0.12433392539964476,0.007738814993954051,0.19191805859523497,143.10000000000002,191.10000000000002,191.10000000000002
00-0036277,Quintez Cephus,WR,2022,DET,3,0,0,0,0,0,0,0,0,0,3,2,15,0,0,0,0,0,0,0,0.0053285968028419185,0.003385731559854897,0.010362907296161305,1.5,3.5,3.5
00-0036290,Cole Kmet,TE,2022,CHI,17,0,0,0,0,0,2,9,0,0,69,50,544,7,0,0,0,0,0,0,0.19220055710306408,0.13514302393461763,0.3829009524088285,97.30000000000001,147.3,147.3
00-0036297,Darrynton Evans,RB,2022,CHI,3,0,0,0,0,0,14,64,0,0,1,1,33,0,0,0,0,0,0,0,0.002785515320334262,0.0005837711617046118,0.004586912793694622,9.700000000000001,10.700000000000001,10.700000000000001
00-0036309,Darnell Mooney,WR,2022,CHI,11,0,0,0,0,0,1,2,0,0,61,40,493,2,0,0,0,0,0,0,0.16991643454038996,0.2122008172796264,0.4034152239063234,61.5,101.5,101.5
00-0036322,Justin Jefferson,WR,2022,MIN,17,2,34,0,0,0,4,24,1,0,184,128,1809,8,1,0,0,0,0,0,0.2870514820592824,0.3722831505483549,0.691175428472772,240.66000000000003,368.66,368.65999999999997
00-0036326,Chase Claypool,WR,2022,CHI,15,1,1,1,0,0,9,59,0,0,79,46,451,1,0,1,0,0,1,0,0.14416058394160583,0.1735344095157179,0.33771496257341127,59.04,105.03999999999999,105.04
00-0036328,Antonio Gibson,RB,2022,WAS,15,0,0,0,0,0,149,546,3,0,58,46,353,2,0,0,0,0,0,0,0.10922787193973635,0.01549517179429598,0.1746884281656117,119.9,165.9,165.9
00-0036331,Devin Duvernay,WR,2022,BAL,14,0,0,0,0,0,12,84,1,0,49,37,407,3,0,0,0,0,0,1,0.1053763440860215,0.1088689586447434,0.23427278718035266,79.1,116.1,116.1
00-0036332,Josiah Deguara,TE,2022,GB,9,0,0,0,0,0,0,0,0,0,15,13,114,0,0,0,0,0,0,0,0.027777777777777776,0.01094238499330058,0.04932633616197707,11.4,24.4,24.4
00-0036336,Anthony McFarland,RB,2022,PIT,1,0,0,0,0,0,6,30,0,0,2,2,11,0,0,0,0,0,0,0,0.0036496350364963502,-0.0008496176720475786,0.0048797201843112205,4.1000000000000005,6.1000000000000005,6.1
00-0036345,K.J. Osborn,WR,2022,MIN,17,0,0,0,0,0,3,6,0,0,90,60,650,5,0,0,0,0,0,0,0.14040561622464898,0.1501495513459621,0.31571311027914695,95.60000000000001,155.60000000000002,155.6
00-0036355,Justin Herbert,QB,2022,LAC,17,699,4739,25,10,1,54,147,0,0,2,2,-10,0,0,3,3,0,0,0,0.002911208151382824,-0.0033178500331785005,0.0020443172038492855,279.26,281.26,281.26
00-0036358,CeeDee Lamb,WR,2022,DAL,17,0,0,0,0,0,10,47,0,0,156,107,1359,9,0,0,0,0,0,0,0.28623853211009176,0.35011185682326623,0.674436097941424,194.6,301.6,301.6
00-0036360,Clyde Edwards-Helaire,RB,2022,KC,10,0,0,0,0,0,71,302,3,0,23,17,151,3,0,0,0,0,0,0,0.03745928338762215,0.0021222410865874364,0.057674493842044434,81.30000000000001,98.30000000000001,98.30000000000001
00-0036365,Bryan Edwards,WR,2022,ATL,4,0,0,0,0,0,0,0,0,0,5,3,15,0,0,0,0,0,0,0,0.0125,0.009670220679394992,0.025519154475576497,1.5,4.5,4.5
00-0036370,Joshua Kelley,RB,2022,LAC,12,0,0,0,0,0,69,287,2,0,25,14,101,0,0,0,0,0,0,0,0.036390101892285295,0.010617120106171201,0.06201713691274778,50.800000000000004,64.80000000000001,64.80000000000001
00-0036383,Eno Benjamin,RB,2022,NO,13,0,0,0,0,0,77,313,2,1,34,25,193,0,0,0,0,0,0,0,0.05354330708661417,-0.009122502172024326,0.07392920910950423,64.6,89.6,89.6
00-0036387,Jalen Reagor,WR,2022,MIN,17,0,0,0,0,0,4,25,0,0,13,8,104,1,0,0,0,0,0,0,0.0202808112324493,0.03509471585244267,0.05498751794538381,18.9,26.9,26.9
00-0036389,Jalen Hurts,QB,2022,PHI,15,460,3701,22,6,0,165,760,13,2,0,0,0,0,0,2,2,0,0,0,0.0,0.0,0.0,378.03999999999996,378.03999999999996,378.03999999999996
00-0036407,Jerry Jeudy,WR,2022,DEN,15,0,0,0,0,0,4,40,0,0,100,67,972,6,0,0,0,0,0,0,0.18484288354898337,0.22929171668667467,0.4377685270041473,137.2,204.2,204.2
00-0036410,Tee Higgins,WR,2022,CIN,14,0,0,0,0,0,0,0,0,0,109,74,1029,7,1,0,0,0,0,0,0.1835016835016835,0.2839683680805176,0.47403038290888755,146.9,220.9,220.9
00-0036412,KJ Hamler,WR,2022,DEN,6,0,0,0,0,0,2,23,0,0,14,7,165,0,0,0,0,0,0,0,0.025878003696857672,0.07342937174869948,0.09021756576937615,18.8,25.8,25.8
00-0036414,Cam Akers,RB,2022,LA,15,0,0,0,0,0,188,786,7,0,18,13,117,0,0,2,0,2,0,0,0.03481624758220503,0.009159482758620689,0.05863600930434203,128.3,141.3,141.3
00-0036415,Van Jefferson,WR,2022,LA,10,0,0,0,0,0,0,0,0,0,44,24,369,3,0,0,0,0,0,0,0.0851063829787234,0.18723060344827586,0.2587209968818782,54.9,78.9,78.9
00-0036422,Adam Trautman,TE,2022,NO,12,0,0,0,0,0,0,0,0,0,22,18,207,1,0,0,0,0,0,0,0.04462474645030426,0.025934065934065935,0.08509096582930253,26.700000000000003,44.7,44.7
00-0036423,Albert Okwuegbunam,TE,2022,DEN,6,0,0,0,0,0,0,0,0,0,18,10,95,1,0,0,0,0,0,0,0.033271719038817,0.019807923169267706,0.06377312477671289,15.5,25.5,25.5
00-0036424,Brycen Hopkins,TE,2022,LA,7,0,0,0,0,0,0,0,0,0,11,7,109,0,0,0,0,0,0,0,0.02127659574468085,0.030441810344827586,0.05322416085840058,10.9,17.9,17.9
00-0036425,DeeJay Dallas,RB,2022,SEA,15,1,0,0,1,0,35,186,0,0,19,17,126,0,0,0,0,0,0,0,0.034358047016274866,0.0023153507756425097,0.05315781606736205,29.200000000000003,46.2,46.2
00-0036429,Charlie Woerner,TE,2022,SF,5,0,0,0,0,0,0,0,0,0,2,0,0,0,0,0,0,0,0,0,0.003968253968253968,0.012342135476463834,0.014591875785905635,0.0,0.0,0.0
00-0036438,Stephen Sullivan,TE,2022,CAR,8,0,0,0,0,0,0,0,0,0,6,2,46,0,0,0,0,0,0,0,0.01405152224824356,0.026196928635953028,0.03941513341753246,4.6000000000000005,6.6000000000000005,6.6000000000000005
00-0036439,Tyrie Cleveland,WR,2022,DEN,5,0,0,0,0,0,0,0,0,0,7,2,28,0,0,0,0,0,0,0,0.012939001848428836,0.019807923169267706,0.03327404899113065,2.8000000000000003,4.800000000000001,4.800000000000001
00-0036442,Joe Burrow,QB,2022,CIN,16,606,4475,35,12,3,75,257,5,0,0,0,0,0,0,3,3,0,0,0,0.0,0.0,0.0,350.7,350.7,350.7
00-0036450,Ke'Shawn Vaughn,RB,2022,TB,6,0,0,0,0,0,17,53,0,0,4,3,19,0,0,0,0,0,0,0,0.0055248618784530384,-0.0021309569934134056,0.006795622922290174,7.2,10.2,10.200000000000001
00-0036457,Ty'Son Williams,RB,2022,ARI,1,0,0,0,0,0,0,0,0,0,1,1,5,0,0,0,0,0,0,0,0.0015748031496062992,-0.00021720243266724586,0.0022101630215423766,0.5,1.5,1.5
00-0036482,Mike Strachan,WR,2022,IND,5,0,0,0,0,0,0,0,0,0,9,3,59,0,0,0,0,0,0,0,0.015544041450777202,0.033620015637216574,0.0468500731222174,5.9,8.9,8.9
00-0036493,Deon Jackson,RB,2022,IND,12,0,0,0,0,0,68,236,1,0,34,30,209,1,0,1,0,1,0,0,0.05872193436960276,-0.004430544696377378,0.08498152026693997,54.5,84.5,84.5
00-0036497,Tim Jones,WR,2022,JAX,7,0,0,0,0,0,0,0,0,0,4,3,30,0,0,0,0,0,0,0,0.006968641114982578,0.001608455882352941,0.011578880790120927,3.0,6.0,6.0
00-0036510,Kenny Yeboah,TE,2022,NYJ,3,0,0,0,0,0,0,0,0,0,0,0,0,0,0,0,0,0,0,0,0.0,0.0,0.0,0.0,0.0,0.0
00-0036527,DJ Turner,WR,2022,LV,5,0,0,0,0,0,4,26,0,0,1,0,0,0,0,0,0,0,0,0,0.0017921146953405018,-0.0005598059339428998,0.002296307889250723,2.6,2.6,2.6
00-0036534,Shane Zylstra,TE,2022,DET,8,0,0,0,0,0,0,0,0,0,15,11,60,4,0,0,0,0,0,0,0.02664298401420959,0.018863361547763,0.05316882910474849,30.0,41.0,41.0
00-0036543,Spencer Brown,RB,2022,CAR,2,0,0,0,0,0,9,43,0,0,4,2,10,0,0,0,0,0,0,0,0.00936768149882904,-0.00030111412225233364,0.013840742362666926,5.300000000000001,7.300000000000001,7.3
00-0036550,Rashod Bateman,WR,2022,BAL,6,0,0,0,0,0,0,0,0,0,28,15,285,2,0,1,0,0,1,0,0.060215053763440864,0.0931738913801694,0.15554430461127988,38.5,53.5,53.5
00-0036554,Nico Collins,WR,2022,HOU,10,0,0,0,0,0,0,0,0,0,66,37,481,2,0,0,0,0,0,0,0.11827956989247312,0.17783386874713172,0.3019030629617019,60.1,97.1,97.1
00-0036555,Chuba Hubbard,RB,2022,CAR,14,0,0,0,0,0,95,466,2,0,17,14,171,0,0,1,0,0,0,0,0.03981264637002342,0.0027100271002710027,0.06161598852522483,75.7,89.7,89.7
00-0036556,Brevin Jordan,TE,2022,HOU,9,0,0,0,0,0,0,0,0,0,28,14,128,0,0,0,0,0,0,0,0.05017921146953405,0.04703992657182194,0.10819676580457643,12.8,26.8,26.8
00-0036567,Elijah Mitchell,RB,2022,SF,5,0,0,0,0,0,45,279,2,0,4,3,7,0,0,0,0,0,0,0,0.007936507936507936,-0.0020091848450057405,0.010498332513257887,40.6,43.6,43.60000000000001
00-0036569,Gary Brightwell,RB,2022,NYG,15,0,0,0,0,0,31,141,1,0,8,5,39,0,0,0,0,0,0,0,0.016359918200409,0.0020995800839832034,0.026009583359401744,24.0,29.0,29.0
00-0036572,Shi Smith,WR,2022,CAR,17,0,0,0,0,0,0,0,0,0,41,22,296,2,0,1,0,0,1,0,0.09601873536299765,0.10569105691056911,0.21801184288189485,39.6,61.6,61.6
00-0036590,Quintin Morris,TE,2022,BUF,9,0,0,0,0,0,0,0,0,0,11,8,84,1,0,1,0,0,1,0,0.019963702359346643,0.014566780174044646,0.04014229966085121,12.4,20.4,20.4
00-0036613,Jaylen Waddle,WR,2022,MIA,17,0,0,0,0,0,3,26,0,0,117,75,1356,8,0,1,0,0,1,0,0.20818505338078291,0.26597744360902253,0.4984617905974901,184.20000000000002,259.20000000000005,259.2
00-0036620,Dee Eskridge,WR,2022,SEA,9,0,0,0,0,0,2,10,0,0,13,7,58,0,0,0,0,0,0,0,0.023508137432188065,0.012502894188469553,0.04401423208021078,6.800000000000001,13.8,13.8
00-0036626,Dyami Brown,WR,2022,WAS,9,0,0,0,0,0,1,15,0,0,14,5,143,2,0,0,0,0,0,0,0.026365348399246705,0.08106894228609926,0.09629628219913954,27.8,32.8,32.8
00-0036627,Dez Fitzpatrick,WR,2022,TEN,1,0,0,0,0,0,0,0,0,0,0,0,0,0,0,0,0,0,0,0,0.0,0.0,0.0,0.0,0.0,0.0
00-0036628,John Bates,TE,2022,WAS,9,0,0,0,0,0,0,0,0,0,22,14,108,1,0,0,0,0,0,0,0.04143126177024482,0.025600718616662924,0.08006739568703128,16.8,30.8,30.8
00-0036630,Tylan Wallace,WR,2022,BAL,5,0,0,0,0,0,0,0,0,0,7,4,33,0,0,0,0,0,0,0,0.015053763440860216,0.023418036870951668,0.03897327097095649,3.3000000000000003,7.300000000000001,7.300000000000001
00-0036635,Ihmir Smith-Marsette,WR,2022,CHI,4,0,0,0,0,0,1,-1,0,0,4,1,15,0,0,1,0,0,1,0,0.011142061281337047,0.008172796263864565,0.022434049306710765,-0.5999999999999999,0.40000000000000013,0.3999999999999999
00-0036637,Noah Gray,TE,2022,KC,17,0,0,0,0,0,1,1,1,0,34,28,299,1,0,0,0,0,0,0,0.05537459283387622,0.03607809847198642,0.10831655818120482,42.0,70.0,70.0
00-0036646,Simi Fehoko,WR,2022,DAL,3,0,0,0,0,0,0,0,0,0,4,3,24,0,0,0,0,0,0,0,0.007339449541284404,0.011409395973154362,0.01899575149313466,2.4000000000000004,5.4,5.4
00-0036650,Larry Rountree III,RB,2022,LAC,2,0,0,0,0,0,13,19,0,0,2,2,14,0,0,0,0,0,0,0,0.002911208151382824,-0.0037602300376023004,0.0017346512007526253,3.3000000000000003,5.300000000000001,5.300000000000001
00-0036652,Racey McMath,WR,2022,TEN,4,0,0,0,0,0,1,4,0,0,8,2,40,0,0,0,0,0,0,0,0.01834862385321101,0.04934118306700308,0.062061763926718666,4.4,6.4,6.4
00-0036654,Demetric Felton,RB,2022,CLE,6,0,0,0,0,0,1,-4,0,0,4,2,8,0,0,0,0,0,0,0,0.007889546351084813,0.003593083314619358,0.01434947784686077,0.4,2.4,2.4
00-0036669,Kylin Hill,RB,2022,GB,1,0,0,0,0,0,1,7,0,0,0,0,0,0,0,0,0,0,0,0,0.0,0.0,0.0,0.7000000000000001,0.7000000000000001,0.7000000000000001
00-0036671,Dax Milne,WR,2022,WAS,15,0,0,0,0,0,0,0,0,0,7,6,37,1,0,0,0,0,0,0,0.013182674199623353,0.008533572872220974,0.02574751230998971,9.7,15.7,15.7
00-0036692,Miller Forristall,TE,2022,CLE,1,0,0,0,0,0,0,0,0,0,1,0,0,0,0,0,0,0,0,0,0.0019723865877712033,0.0011228385358185494,0.0037445668567297895,0.0,0.0,0.0
00-0036741,Jack Stoll,TE,2022,PHI,9,0,0,0,0,0,0,0,0,0,14,11,123,0,0,0,0,0,0,0,0.027722772277227723,0.020261143628995948,0.05576695895613875,12.3,23.3,23.3
00-0036754,Brock Wright,TE,2022,DET,14,0,0,0,0,0,0,0,0,0,24,18,216,4,0,0,0,0,0,0,0.04262877442273535,0.017412333736396616,0.07613179524958065,45.6,63.6,63.6
00-0036755,Jaret Patterson,RB,2022,WAS,2,0,0,0,0,0,17,78,0,0,1,0,0,0,0,0,0,0,0,0,0.0018832391713747645,0.0008982708286548395,0.0034536483371205343,7.800000000000001,7.800000000000001,7.800000000000001
00-0036810,Cade Johnson,WR,2022,SEA,2,0,0,0,0,0,0,0,0,0,4,2,21,0,0,0,0,0,0,0,0.007233273056057866,0.008335262792313036,0.016684593538705925,2.1,4.1,4.1
00-0036825,Feleipe Franks,TE,2022,ATL,5,0,0,0,0,0,1,0,0,0,2,0,0,0,0,0,0,0,0,0,0.005,0.01388544507810563,0.01721981155467394,0.0,0.0,0.0
00-0036829,Caleb Huntley,RB,2022,ATL,12,0,0,0,0,0,76,366,1,0,2,2,3,0,0,0,0,0,0,0,0.005,-0.0014877262583684603,0.0064585916191420775,42.9,44.9,44.9
00-0036841,Austin Trammell,WR,2022,LA,2,0,0,0,0,0,0,0,0,0,4,2,13,0,0,0,0,0,0,0,0.007736943907156673,0.008081896551724138,0.017262743446941908,1.3,3.3,3.3
00-0036842,Kene Nwangwu,RB,2022,MIN,14,0,0,0,0,0,9,14,0,0,2,2,21,0,0,0,0,0,0,1,0.0031201248049922,0.0,0.0046801872074883,9.5,11.5,11.5
00-0036849,Tutu Atwell,WR,2022,LA,12,0,0,0,0,0,9,34,1,0,35,18,298,1,0,0,0,0,0,0,0.06769825918762089,0.16756465517241378,0.21884264740212095,45.2,63.2,63.2
00-0036857,Chris Evans,RB,2022,CIN,10,0,0,0,0,0,0,0,0,0,4,3,38,1,0,0,0,0,0,0,0.006734006734006734,0.013179966450994488,0.01932698661670624,9.8,12.8,12.8
00-0036858,Jalen Camp,WR,2022,HOU,1,0,0,0,0,0,0,0,0,0,1,1,7,0,0,0,0,0,0,0,0.0017921146953405018,0.0016062413951353832,0.0038125410196055212,0.7000000000000001,1.7000000000000002,1.7000000000000002
00-0036860,Jake Funk,RB,2022,LA,1,0,0,0,0,0,0,0,0,0,0,0,0,0,0,0,0,0,0,0,0.0,0.0,0.0,0.0,0.0,0.0
00-0036862,Ben Skowronek,WR,2022,LA,14,0,0,0,0,0,1,17,1,0,61,39,376,0,0,0,0,0,0,0,0.11798839458413926,0.12796336206896552,0.26655694532448476,45.300000000000004,84.30000000000001,84.30000000000001
00-0036875,Rhamondre Stevenson,RB,2022,NE,17,0,0,0,0,0,210,1040,5,0,88,69,421,1,0,1,0,1,0,0,0.16988416988416988,-0.0034054974458769156,0.25244240661414097,180.1,249.1,249.1
00-0036876,Kylen Granson,TE,2022,IND,13,0,0,0,0,0,1,0,0,0,40,31,302,0,0,0,0,0,0,0,0.0690846286701209,0.06750065155069064,0.1508773990906648,30.200000000000003,61.2,61.2
00-0036877,Jaelon Darden,WR,2022,CLE,14,0,0,0,0,0,1,2,0,0,2,2,26,0,0,0,0,0,0,0,0.0027624309392265192,0.0019372336303758234,0.005499709950102855,2.8000000000000003,4.800000000000001,4.800000000000001
00-0036879,Sam Ehlinger,QB,2022,IND,4,101,573,3,3,0,17,87,0,0,0,0,0,0,0,1,1,0,0,0,0.0,0.0,0.0,35.620000000000005,35.620000000000005,35.620000000000005
00-0036887,Luke Farrell,TE,2022,JAX,4,0,0,0,0,0,0,0,0,0,4,4,40,0,0,0,0,0,0,0,0.006968641114982578,0.0009191176470588235,0.011096344025415044,4.0,8.0,8.0
00-0036893,Najee Harris,RB,2022,PIT,17,1,4,0,0,0,272,1034,7,0,53,41,229,3,0,2,0,1,0,0,0.09671532846715329,0.02017841971112999,0.15919788649852093,184.46,225.46,225.46
00-0036894,Pat Freiermuth,TE,2022,PIT,15,0,0,0,0,0,0,0,0,0,98,63,732,2,0,0,0,0,0,0,0.17883211678832117,0.1743840271877655,0.39031699421391763,85.2,148.2,148.2
00-0036898,Davis Mills,QB,2022,HOU,15,479,3118,17,15,1,32,108,2,0,0,0,0,0,0,3,2,1,0,0,0.0,0.0,0.0,181.52,181.52,181.52
00-0036900,Ja'Marr Chase,WR,2022,CIN,12,0,0,0,0,0,5,8,0,0,134,87,1046,9,0,2,0,0,2,0,0.2255892255892256,0.2923556194584232,0.5430327720047347,155.4,242.4,242.4
00-0036906,Khalil Herbert,RB,2022,CHI,13,0,0,0,0,0,129,731,4,0,12,9,57,1,0,0,0,0,0,0,0.033426183844011144,-0.008464681844716871,0.04421399847471491,108.80000000000001,117.80000000000001,117.80000000000001
00-0036912,DeVonta Smith,WR,2022,PHI,17,0,0,0,0,0,0,0,0,0,136,95,1196,7,0,1,0,0,0,0,0.2693069306930693,0.2960378208014408,0.6111868706006125,161.60000000000002,256.6,256.6
00-0036913,Kadarius Toney,WR,2022,KC,9,0,0,0,0,0,7,82,1,0,20,16,171,2,0,1,0,0,0,0,0.0408997955010225,0.022495500899820036,0.07709654388140777,43.3,59.3,59.300000000000004
00-0036918,Jacob Harris,WR,2022,LA,3,0,0,0,0,0,0,0,0,0,1,1,6,0,0,0,0,0,0,0,0.0019342359767891683,0.0010775862068965517,0.003655664310011339,0.6000000000000001,1.6,1.6
00-0036919,Kenny Gainwell,RB,2022,PHI,17,0,0,0,0,0,53,240,4,0,29,23,169,0,0,0,0,0,0,0,0.05742574257425743,0.007879333633498424,0.09165414740483505,64.9,87.9,87.9
00-0036924,Michael Carter,RB,2022,NYJ,16,0,0,0,0,0,114,402,3,0,54,41,288,0,0,1,0,1,0,0,0.09183673469387756,0.005992654165861202,0.14194995995691917,85.0,126.0,126.0
00-0036928,Kyle Trask,QB,2022,TB,1,9,23,0,0,0,0,0,0,0,0,0,0,0,0,0,0,0,0,0,0.0,0.0,0.0,0.92,0.92,0.92
00-0036936,Rondale Moore,WR,2022,ARI,8,0,0,0,0,0,6,-5,0,0,56,41,414,1,0,0,0,0,0,0,0.08818897637795275,0.06711555169417897,0.1792643507528544,46.900000000000006,87.9,87.9
00-0036945,Justin Fields,QB,2022,CHI,15,318,2242,17,11,1,160,1143,8,0,0,0,0,0,0,2,2,0,0,0,0.0,0.0,0.0,295.98,295.98,295.98
00-0036950,Avery Williams,RB,2022,ATL,17,0,0,0,0,0,22,109,1,0,14,13,61,0,0,1,0,0,0,0,0.035,-0.006694768162658071,0.047813662286139355,23.0,36.0,36.0
00-0036951,Frank Darby,WR,2022,ATL,1,0,0,0,0,0,0,0,0,0,1,1,15,0,0,0,0,0,0,0,0.0025,0.0034713612695264073,0.006179952888668485,1.5,2.5,2.5
00-0036955,Terrace Marshall Jr.,WR,2022,CAR,13,0,0,0,0,0,0,0,0,0,47,28,490,1,0,0,0,0,0,0,0.11007025761124122,0.1764528756398675,0.2886223993647691,55.0,83.0,83.0
00-0036959,Michael Bandy,WR,2022,LAC,8,0,0,0,0,0,0,0,0,0,21,10,89,0,0,0,0,0,0,0,0.03056768558951965,0.0406989604069896,0.07434080066917219,8.9,18.9,18.9
00-0036963,Amon-Ra St. Brown,WR,2022,DET,16,0,0,0,0,0,9,95,0,0,146,106,1161,6,0,0,0,0,0,0,0.25932504440497334,0.22563482466747278,0.5469319438746909,161.60000000000002,267.6,267.6
00-0036970,Kyle Pitts,TE,2022,ATL,10,0,0,0,0,0,0,0,0,0,59,28,356,2,0,0,0,0,0,0,0.1475,0.20133895363253163,0.36218726754277214,47.6,75.6,75.6
00-0036971,Trevor Lawrence,QB,2022,JAX,17,584,4113,25,8,3,62,291,5,0,0,0,0,0,0,9,5,4,0,0,0.0,0.0,0.0,295.62,295.62,295.62
00-0036972,Mac Jones,QB,2022,NE,14,442,2997,14,11,1,47,102,1,0,0,0,0,0,0,1,1,0,0,0,0.0,0.0,0.0,170.07999999999998,170.07999999999998,170.07999999999998
00-0036973,Travis Etienne,RB,2022,JAX,17,0,0,0,0,0,220,1125,5,1,45,35,316,0,0,3,0,3,0,0,0.078397212543554,0.0009191176470588235,0.11823920116827218,170.1,205.1,205.1
00-0036980,Elijah Moore,WR,2022,NYJ,14,0,0,0,0,0,5,5,0,0,65,37,446,1,0,0,0,0,0,0,0.11054421768707483,0.15174946839358205,0.27204095440611964,51.1,88.1,88.1
00-0036984,Trey Sermon,RB,2022,PHI,1,0,0,0,0,0,2,19,0,0,0,0,0,0,0,0,0,0,0,0,0.0,0.0,0.0,1.9000000000000001,1.9000000000000001,1.9000000000000001
00-0036988,Josh Palmer,WR,2022,LAC,16,0,0,0,0,0,1,4,0,0,107,72,769,3,1,0,0,0,0,0,0.15574963609898107,0.20548551205485513,0.3774643125868702,97.30000000000001,169.3,169.3
00-0036991,Amari Rodgers,WR,2022,HOU,15,0,0,0,0,0,2,7,0,0,25,16,204,1,0,2,0,0,0,0,0.046296296296296294,0.053595355069227336,0.10696119299290358,27.1,43.1,43.1
00-0036997,Javonte Williams,RB,2022,DEN,4,0,0,0,0,0,47,204,0,0,22,16,76,0,0,1,0,1,0,0,0.04066543438077634,-0.004801920768307323,0.057636807033349384,26.0,42.0,42.0
00-0036999,Anthony Schwartz,WR,2022,CLE,7,0,0,0,0,0,4,57,1,0,10,4,51,0,0,1,0,0,1,0,0.01972386587771203,0.0318886144172468,0.051907828908640805,14.8,18.8,18.8
00-0037004,Hunter Long,TE,2022,MIA,1,0,0,0,0,0,0,0,0,0,0,0,0,0,0,0,0,0,0,0,0.0,0.0,0.0,0.0,0.0,0.0
00-0037005,Tommy Tremble,TE,2022,CAR,15,0,0,0,0,0,0,0,0,0,32,19,174,3,0,1,0,0,0,0,0.07494145199063232,0.07377295995182175,0.1640532499522237,35.400000000000006,54.400000000000006,54.400000000000006
00-0037011,Tre' McKitty,TE,2022,LAC,13,0,0,0,0,0,0,0,0,0,18,10,72,0,0,0,0,0,0,0,0.026200873362445413,0.012607830126078301,0.048126791131922926,7.2,17.2,17.2
00-0037012,Trey Lance,QB,2022,SF,2,31,194,0,1,0,16,67,0,0,0,0,0,0,0,0,0,0,0,0,0.0,0.0,0.0,12.46,12.46,12.46
00-0037013,Zach Wilson,QB,2022,NYJ,9,242,1688,6,7,0,28,102,1,0,1,1,2,1,0,1,1,0,0,0,0.0017006802721088435,0.00038662284941040013,0.0028216564027505452,97.92,98.92,98.92
00-0037031,Nikola Kalinic,TE,2022,IND,1,0,0,0,0,0,0,0,0,0,0,0,0,0,0,0,0,0,0,0,0.0,0.0,0.0,0.0,0.0,0.0
00-0037055,Lance McCutcheon,WR,2022,LA,4,0,0,0,0,0,0,0,0,0,5,0,0,0,0,0,0,0,0,0,0.009671179883945842,0.01912715517241379,0.027895778446608416,0.0,0.0,0.0
00-0037077,Sam Howell,QB,2022,WAS,1,19,169,1,1,0,5,35,1,0,0,0,0,0,0,0,0,0,0,0,0.0,0.0,0.0,18.259999999999998,18.259999999999998,18.259999999999998
00-0037078,Cole Turner,TE,2022,WAS,7,0,0,0,0,0,0,0,0,0,9,2,23,0,0,0,0,0,0,0,0.01694915254237288,0.01527060408713227,0.03611315167455191,2.3000000000000003,4.300000000000001,4.300000000000001
00-0037085,Tyler Badie,RB,2022,DEN,1,0,0,0,0,0,1,0,0,0,1,1,24,1,0,0,0,0,0,0,0.0018484288354898336,-0.0014005602240896359,0.0017922510963720053,8.4,9.4,9.4
00-0037086,Grant Calcaterra,TE,2022,PHI,6,0,0,0,0,0,0,0,0,0,9,5,81,0,0,0,0,0,0,0,0.01782178217821782,0.018235029266096353,0.03949719375359417,8.1,13.1,13.1
00-0037087,Trestan Ebner,RB,2022,CHI,11,0,0,0,0,0,24,54,0,0,8,2,8,0,0,1,0,0,1,0,0.022284122562674095,0.002335084646818447,0.03506074309678406,4.2,6.2,6.199999999999999
00-0037093,Dareke Young,WR,2022,SEA,6,0,0,0,0,0,0,0,0,0,2,2,24,0,0,0,0,0,0,0,0.003616636528028933,0.00023153507756425097,0.005587029346338375,2.4000000000000004,4.4,4.4
00-0037098,Samori Toure,WR,2022,GB,4,0,0,0,0,0,0,0,0,0,10,5,82,1,0,0,0,0,0,0,0.018518518518518517,0.038856632425189816,0.05497742047541065,14.200000000000001,19.200000000000003,19.200000000000003
00-0037112,Jake Tonges,TE,2022,CHI,1,0,0,0,0,0,0,0,0,0,1,0,0,0,0,0,0,0,0,0,0.002785515320334262,0.0037945125510799767,0.006834431766257376,0.0,0.0,0.0
00-0037132,Britain Covey,WR,2022,PHI,17,0,0,0,0,0,0,0,0,0,0,0,0,0,0,0,0,0,0,0,0.0,0.0,0.0,0.0,0.0,0.0
00-0037157,Bam Knight,RB,2022,NYJ,7,0,0,0,0,0,85,300,1,0,14,13,100,0,0,0,0,0,0,0,0.023809523809523808,-0.005799342741156002,0.03165474579547651,46.0,59.0,59.0
00-0037168,Armani Rogers,TE,2022,WAS,9,0,0,0,0,0,2,26,0,0,6,5,64,0,0,0,0,0,0,0,0.011299435028248588,0.0029193801931282283,0.01899271867756264,9.0,14.0,14.0
00-0037175,Anthony Brown,QB,2022,BAL,2,49,302,0,2,0,3,-5,0,0,0,0,0,0,0,1,1,0,0,0,0.0,0.0,0.0,5.58,5.58,5.58
00-0037185,Raleigh Webb,WR,2022,NE,3,0,0,0,0,0,0,0,0,0,0,0,0,0,0,0,0,0,0,0,0.0,0.0,0.0,0.0,0.0,0.0
00-0037197,Isiah Pacheco,RB,2022,KC,17,0,0,0,0,0,170,830,5,0,14,13,130,0,0,2,0,2,0,0,0.02280130293159609,-0.0019100169779286927,0.03286494251284405,122.0,135.0,135.0
00-0037228,Jaylen Warren,RB,2022,PIT,16,0,0,0,0,0,77,379,1,0,33,28,214,0,0,0,0,0,0,0,0.060218978102189784,-0.0033984706881903144,0.08794953767155145,65.30000000000001,93.30000000000001,93.3
00-0037238,Drake London,WR,2022,ATL,17,0,0,0,0,0,0,0,0,0,117,72,866,4,1,3,0,0,3,0,0.2925,0.3022563848251922,0.6503294693776345,106.60000000000001,178.60000000000002,178.60000000000002
00-0037239,Chris Olave,WR,2022,NO,15,0,0,0,0,0,0,0,0,0,119,72,1042,4,1,2,0,0,2,0,0.2413793103448276,0.37054945054945054,0.6214535809018568,126.19999999999999,198.2,198.2
00-0037240,Jameson Williams,WR,2022,DET,6,0,0,0,0,0,1,40,0,0,9,1,41,1,0,0,0,0,0,0,0.015985790408525755,0.03579201934703748,0.04903309915571487,14.1,15.1,15.100000000000001
00-0037247,George Pickens,WR,2022,PIT,17,0,0,0,0,0,3,24,1,0,84,52,801,4,1,0,0,0,0,0,0.15328467153284672,0.26338147833474934,0.4142940421335946,114.5,166.5,166.5
00-0037248,James Cook,RB,2022,BUF,16,0,0,0,0,0,89,507,2,0,32,21,180,1,0,1,0,1,0,0,0.05807622504537205,0.015512674990541053,0.0979732100614368,84.7,105.7,105.7
00-0037252,Greg Dulcich,TE,2022,DEN,10,0,0,0,0,0,0,0,0,0,55,33,411,2,0,0,0,0,0,0,0.10166358595194085,0.12484993997599039,0.23989033691110453,53.1,86.1,86.1
00-0037256,Rachaad White,RB,2022,TB,17,0,0,0,0,0,129,481,1,0,58,50,290,2,0,3,0,1,1,0,0.08011049723756906,-0.003487020534676482,0.11772483148208006,91.10000000000001,141.10000000000002,141.1
00-0037257,David Bell,WR,2022,CLE,15,0,0,0,0,0,0,0,0,0,35,24,214,0,0,0,0,0,0,0,0.06903353057199212,0.057489333033909726,0.14379282898172496,21.400000000000002,45.400000000000006,45.400000000000006
00-0037258,Dameon Pierce,RB,2022,HOU,13,0,0,0,0,0,220,939,4,0,39,30,165,1,0,2,0,2,0,0,0.06989247311827956,-0.0025240936209270305,0.10307184414277043,136.4,166.4,166.4
00-0037261,Khalil Shakir,WR,2022,BUF,10,0,0,0,0,0,0,0,0,0,20,10,161,1,1,0,0,0,0,0,0.036297640653357534,0.03859250851305335,0.08146121693917364,24.1,34.1,34.1
00-0037263,Tyler Allgeier,RB,2022,ATL,16,0,0,0,0,0,210,1035,3,1,17,16,139,1,0,0,0,0,0,0,0.0425,-0.007934540044631788,0.05819582196875775,143.4,159.4,159.4
00-0037265,Snoop Conner,RB,2022,JAX,5,0,0,0,0,0,12,42,1,0,0,0,0,0,0,0,0,0,0,0,0.0,0.0,0.0,10.2,10.2,10.2
00-0037267,Jerome Ford,RB,2022,CLE,13,0,0,0,0,0,8,12,0,0,0,0,0,0,0,0,0,0,0,0,0.0,0.0,0.0,1.2000000000000002,1.2000000000000002,1.2000000000000002
00-0037272,Montrell Washington,WR,2022,DEN,15,0,0,0,0,0,5,30,0,0,9,4,2,0,0,1,0,0,0,0,0.0166358595194085,0.030612244897959183,0.04638236070768417,3.2,7.2,7.2
00-0037273,Kyle Philips,WR,2022,TEN,4,0,0,0,0,0,0,0,0,0,13,8,78,0,0,2,0,0,0,0,0.02981651376146789,0.02803476310625175,0.06434910481657806,7.800000000000001,15.8,15.8
00-0037276,Ty Chandler,RB,2022,MIN,2,0,0,0,0,0,6,20,0,0,0,0,0,0,0,0,0,0,0,0,0.0,0.0,0.0,2.0,2.0,2.0
00-0037277,Teagan Quitoriano,TE,2022,HOU,7,0,0,0,0,0,0,0,0,0,14,7,113,2,0,0,0,0,0,0,0.025089605734767026,0.04015603487838458,0.06574363301701974,23.3,30.3,30.3
00-0037282,James Mitchell,TE,2022,DET,8,0,0,0,0,0,0,0,0,0,11,11,113,1,0,0,0,0,0,0,0.019538188277087035,0.012333736396614269,0.03794089789326054,17.3,28.3,28.3
00-0037286,Kevin Harris,RB,2022,NE,5,0,0,0,0,0,18,52,1,0,0,0,0,0,0,0,0,0,0,0,0.0,0.0,0.0,11.2,11.2,11.2
00-0037291,Jalen Nailor,WR,2022,MIN,8,0,0,0,0,0,0,0,0,0,13,9,179,1,0,0,0,0,0,0,0.0202808112324493,0.030109670987038883,0.051497986539601165,23.900000000000002,32.900000000000006,32.900000000000006
00-0037299,Keaontay Ingram,RB,2022,ARI,11,0,0,0,0,0,27,60,1,0,5,4,21,0,0,0,0,0,0,0,0.007874015748031496,-0.0023892267593397048,0.01013856489050945,14.1,18.1,18.1
00-0037300,Mike Woods,WR,2022,CLE,7,0,0,0,0,0,1,-5,0,0,10,5,45,0,0,0,0,0,0,0,0.01972386587771203,0.03570626543902987,0.05458018462388895,4.0,9.0,9.0
00-0037311,Ko Kieft,TE,2022,TB,13,0,0,0,0,0,0,0,0,0,10,7,80,1,0,0,0,0,0,0,0.013812154696132596,0.011042231693142193,0.02844779422939843,14.0,21.0,21.0
00-0037327,Skylar Thompson,QB,2022,MIA,7,105,534,1,3,0,14,21,0,0,0,0,0,0,0,2,1,1,0,0,0.0,0.0,0.0,17.46,17.46,17.46
00-0037329,Brittain Brown,RB,2022,LV,1,0,0,0,0,0,0,0,0,0,0,0,0,0,0,0,0,0,0,0,0.0,0.0,0.0,0.0,0.0,0.0
00-0037331,Zander Horvath,RB,2022,LAC,8,0,0,0,0,0,4,8,0,0,8,5,8,2,0,0,0,0,0,0,0.011644832605531296,0.0013271400132714001,0.01839624691758692,13.6,18.6,18.6
00-0037348,Tanner Conner,TE,2022,MIA,2,0,0,0,0,0,0,0,0,0,3,0,0,0,0,0,0,0,0,0,0.005338078291814947,0.0037593984962406013,0.01063869638509084,0.0,0.0,0.0
00-0037355,Braylon Sanders,WR,2022,MIA,2,0,0,0,0,0,0,0,0,0,3,2,17,0,0,1,0,0,1,0,0.005338078291814947,0.007894736842105263,0.013533433227196103,-0.2999999999999998,1.7000000000000002,1.7000000000000002
00-0037382,Brandon Johnson,WR,2022,DEN,5,0,0,0,0,0,0,0,0,0,14,6,42,1,0,1,0,0,0,0,0.025878003696857672,0.03601440576230492,0.06402708957889995,10.2,16.2,16.2
00-0037387,Jalen Virgil,WR,2022,DEN,7,0,0,0,0,0,0,0,0,0,5,2,75,1,0,1,0,0,0,0,0.009242144177449169,0.014005602240896359,0.023667137834801205,13.5,15.5,15.5
00-0037429,Raheem Blackshear,RB,2022,CAR,13,0,0,0,0,0,23,77,3,0,12,10,93,0,0,1,0,0,0,0,0.02810304449648712,-0.00662451068955134,0.03751740926204474,35.0,45.0,45.0
00-0037456,Troy Hairston,RB,2022,HOU,12,0,0,0,0,0,0,0,0,0,8,5,19,0,0,0,0,0,0,0,0.014336917562724014,0.0018357044515832951,0.02279036946019433,1.9000000000000001,6.9,6.9
00-0037475,Stone Smartt,TE,2022,LAC,3,0,0,0,0,0,0,0,0,0,5,4,17,0,0,0,0,0,0,0,0.00727802037845706,0.0050873700508737,0.014478189603297179,1.7000000000000002,5.7,5.7
00-0037487,Deven Thompkins,WR,2022,TB,5,0,0,0,0,0,2,26,0,0,10,5,32,0,0,0,0,0,0,0,0.013812154696132596,0.015304145679969005,0.03143113402017719,5.800000000000001,10.8,10.8
00-0037524,Tay Martin,WR,2022,SF,1,0,0,0,0,0,0,0,0,0,0,0,0,0,0,0,0,0,0,0,0.0,0.0,0.0,0.0,0.0,0.0
00-0037525,Jordan Mason,RB,2022,SF,12,0,0,0,0,0,43,258,1,0,0,0,0,0,0,0,0,0,0,0,0.0,0.0,0.0,31.8,31.8,31.8
00-0037545,Rashid Shaheed,WR,2022,NO,12,0,0,0,0,0,4,57,1,0,34,28,488,2,0,0,0,0,0,0,0.06896551724137931,0.08725274725274726,0.16452519893899203,72.5,100.5,100.5
00-0037557,Ronnie Rivers,RB,2022,LA,2,0,0,0,0,0,9,21,0,0,5,5,29,0,0,0,0,0,0,0,0.009671179883945842,-0.007004310344827586,0.009603752584539453,5.0,10.0,10.0
00-0037563,Malik Davis,RB,2022,DAL,6,0,0,0,0,0,38,161,1,0,7,6,63,0,0,0,0,0,0,0,0.012844036697247707,-0.0015659955257270694,0.01816985817786261,28.400000000000002,34.400000000000006,34.400000000000006
00-0037569,Peyton Hendershot,TE,2022,DAL,12,0,0,0,0,0,1,2,1,0,16,11,103,2,0,0,0,0,0,0,0.029357798165137616,0.024384787472035794,0.061106048478131475,28.5,39.5,39.5
00-0037570,Dennis Houston,WR,2022,DAL,2,0,0,0,0,0,0,0,0,0,6,2,16,0,0,0,0,0,0,0,0.011009174311926606,0.01767337807606264,0.028885126121133756,1.6,3.6,3.6
00-0037581,Stanley Berryhill,WR,2022,DET,1,0,0,0,0,0,0,0,0,0,0,0,0,0,0,0,0,0,0,0,0.0,0.0,0.0,0.0,0.0,0.0
00-0037594,Julius Chestnut,RB,2022,TEN,6,0,0,0,0,0,9,12,0,0,3,3,41,0,0,0,0,0,0,0,0.006880733944954129,0.000560695262125035,0.010713587600918718,5.300000000000001,8.3,8.3
00-0037617,Hassan Haskins,RB,2022,TEN,14,0,0,0,0,0,25,93,0,0,12,11,57,0,0,0,0,0,0,0,0.027522935779816515,-0.001682085786375105,0.040106943619262196,15.0,26.0,26.0
00-0037664,Alec Pierce,WR,2022,IND,16,0,0,0,0,0,0,0,0,0,78,41,593,2,0,0,0,0,0,0,0.13471502590673576,0.23820693249934846,0.36881739160964755,71.30000000000001,112.30000000000001,112.30000000000001
00-0037666,Jalen Tolbert,WR,2022,DAL,3,0,0,0,0,0,0,0,0,0,3,2,12,0,0,0,0,0,0,0,0.005504587155963303,0.010067114093959731,0.015303860599716765,1.2000000000000002,3.2,3.2
00-0037708,Maurice Alexander,WR,2022,DET,3,0,0,0,0,0,0,0,0,0,1,1,7,0,0,0,0,0,0,0,0.0017761989342806395,0.0007255139056831923,0.003172158135399194,0.7000000000000001,1.7000000000000002,1.7000000000000002
00-0037740,Garrett Wilson,WR,2022,NYJ,17,1,0,0,0,0,4,4,0,0,147,83,1103,4,0,1,0,0,1,0,0.25,0.2992460854436497,0.5844722598105547,132.7,215.7,215.70000000000002
00-0037741,Jahan Dotson,WR,2022,WAS,12,0,0,0,0,0,2,-7,0,0,61,35,523,7,1,0,0,0,0,0,0.11487758945386065,0.1915562542106445,0.3064057621282421,95.6,130.6,130.6
00-0037742,Treylon Burks,WR,2022,TEN,11,0,0,0,0,0,4,47,0,0,54,33,444,1,0,0,0,0,0,0,0.12385321100917432,0.17493692178301093,0.3082356617618691,55.1,88.1,88.10000000000001
00-0037744,Trey McBride,TE,2022,ARI,12,0,0,0,0,0,0,0,0,0,39,29,265,1,0,0,0,0,0,0,0.06141732283464567,0.052345786272806255,0.12876803464293288,32.5,61.5,61.5
00-0037745,Velus Jones Jr.,WR,2022,CHI,11,0,0,0,0,0,9,103,1,0,14,7,107,1,0,3,0,1,0,0,0.03899721448467967,0.06830122591943957,0.1063066798706272,31.0,38.0,38.0
00-0037746,Brian Robinson,RB,2022,WAS,12,0,0,0,0,0,205,797,2,0,12,9,60,1,0,0,0,0,0,0,0.022598870056497175,-0.0024702447788008085,0.032169133739585194,103.7,112.7,112.7
00-0037755,Jelani Woods,TE,2022,IND,12,0,0,0,0,0,0,0,0,0,40,25,312,3,0,0,0,0,0,0,0.0690846286701209,0.10372686995048215,0.17623575197051886,49.2,74.2,74.2
00-0037801,KaVontae Turpin,WR,2022,DAL,17,0,0,0,0,0,3,17,0,0,2,1,9,0,0,2,0,0,0,0,0.003669724770642202,0.0029082774049217002,0.007540381339408493,2.6,3.6,3.6
00-0037805,Jeremy Ruckert,TE,2022,NYJ,2,0,0,0,0,0,0,0,0,0,2,1,8,0,0,0,0,0,0,0,0.003401360544217687,0.0013531799729364006,0.0060492667973820104,0.8,1.8,1.8
00-0037809,Chig Okonkwo,TE,2022,TEN,16,0,0,0,0,0,3,2,0,0,46,32,450,3,1,0,0,0,0,0,0.10550458715596331,0.09896271376506868,0.22753078036949304,65.2,97.2,97.2
00-0037816,Romeo Doubs,WR,2022,GB,13,0,0,0,0,0,1,11,0,0,67,42,425,3,0,1,0,0,1,0,0.12407407407407407,0.14225100491290754,0.2856868145501464,59.6,101.6,101.6
00-0037827,Tyrion Davis-Price,RB,2022,SF,5,0,0,0,0,0,34,99,0,0,2,0,0,0,0,0,0,0,0,0,0.003968253968253968,0.0,0.005952380952380952,9.9,9.9,9.9
00-0037828,Danny Gray,WR,2022,SF,7,0,0,0,0,0,1,9,0,0,7,1,10,0,0,0,0,0,0,0,0.013888888888888888,0.045924225028702644,0.05298029085342518,1.9000000000000001,2.9000000000000004,2.9
00-0037834,Brock Purdy,QB,2022,SF,9,170,1374,13,4,0,22,13,1,0,0,0,0,0,0,0,0,0,0,0,0.0,0.0,0.0,106.26,106.26,106.26
00-0037838,Isaiah Likely,TE,2022,BAL,14,0,0,0,0,0,0,0,0,0,60,36,373,3,0,0,0,0,0,0,0.12903225806451613,0.10089686098654709,0.26417618978735713,55.300000000000004,91.30000000000001,91.30000000000001
00-0037840,Kyren Williams,RB,2022,LA,8,0,0,0,0,0,35,139,0,0,12,9,76,0,0,0,0,0,0,0,0.02321083172147002,0.0045797413793103444,0.03802206654772227,21.5,30.5,30.5
00-0038040,Zamir White,RB,2022,LV,11,0,0,0,0,0,17,70,0,0,0,0,0,0,0,0,0,0,0,0,0.0,0.0,0.0,7.0,7.0,7.0
00-0038041,Jake Ferguson,TE,2022,DAL,11,0,0,0,0,0,0,0,0,0,22,19,174,2,0,0,0,0,0,0,0.04036697247706422,0.017225950782997764,0.07260862426369477,29.400000000000002,48.400000000000006,48.400000000000006
00-0038045,Isaiah Spiller,RB,2022,LAC,5,0,0,0,0,0,18,41,0,0,3,3,13,0,0,0,0,0,0,0,0.004366812227074236,-0.0022119000221190004,0.005001888325128053,5.4,8.4,8.4
00-0038046,Charlie Kolar,TE,2022,BAL,1,0,0,0,0,0,0,0,0,0,6,4,49,0,0,0,0,0,0,0,0.012903225806451613,0.012207274539113104,0.02789993088705659,4.9,8.9,8.9
00-0038090,Skyy Moore,WR,2022,KC,16,0,0,0,0,0,3,24,0,0,33,22,250,0,0,3,0,0,0,0,0.05374592833876222,0.05475382003395586,0.11894656653191243,27.400000000000002,49.400000000000006,49.4
00-0038092,Erik Ezukanma,WR,2022,MIA,1,0,0,0,0,0,0,0,0,0,1,1,3,0,0,0,0,0,0,0,0.0017793594306049821,-0.0007518796992481203,0.002142723356433789,0.30000000000000004,1.3,1.3
00-0038098,Pierre Strong,RB,2022,NE,10,0,0,0,0,0,10,100,1,0,7,7,42,0,0,0,0,0,0,0,0.013513513513513514,0.0009729992702505473,0.020951369759445653,20.200000000000003,27.200000000000003,27.2
00-0038102,Kenny Pickett,QB,2022,PIT,13,389,2404,7,9,2,55,237,3,0,0,0,0,0,0,1,1,0,0,0,0.0,0.0,0.0,149.86,149.86,149.86
00-0038104,Tyquan Thornton,WR,2022,NE,12,0,0,0,0,0,3,16,1,0,45,22,247,2,0,0,0,0,0,0,0.08687258687258688,0.15713938214546339,0.2403064478107047,44.3,66.3,66.30000000000001
00-0038108,Bailey Zappe,QB,2022,NE,4,92,781,5,3,0,10,0,0,0,1,1,-6,0,0,3,2,1,0,0,0.0019305019305019305,-0.0019459985405010946,0.00153355391740213,38.64,39.64,39.64
00-0038115,Daniel Bellinger,TE,2022,NYG,11,0,0,0,0,0,1,2,1,0,35,30,268,2,1,1,0,0,1,0,0.07157464212678936,0.041991601679664065,0.13675608436594888,45.0,75.0,75.0
00-0038117,Wan'Dale Robinson,WR,2022,NYG,6,0,0,0,0,0,2,-1,0,0,31,23,227,1,0,0,0,0,0,0,0.06339468302658487,0.057588482303539294,0.1354039621523548,28.6,51.6,51.6
00-0038120,Breece Hall,RB,2022,NYJ,7,0,0,0,0,0,80,463,4,0,31,19,218,1,0,1,0,0,1,0,0.05272108843537415,0.02938333655519041,0.09964996824169452,96.10000000000001,115.10000000000001,115.10000000000001
00-0038122,Desmond Ridder,QB,2022,ATL,4,115,708,2,0,0,16,64,0,0,0,0,0,0,0,2,1,1,0,0,0.0,0.0,0.0,38.72,38.72,38.72
00-0038124,Christian Watson,WR,2022,GB,14,0,0,0,0,0,7,80,2,0,66,41,611,7,0,0,0,0,0,0,0.12222222222222222,0.20611880303707011,0.3276164954592824,123.10000000000001,164.10000000000002,164.1
00-0038128,Malik Willis,QB,2022,TEN,7,61,276,0,3,0,27,123,1,0,0,0,0,0,0,2,0,2,0,0,0.0,0.0,0.0,19.340000000000003,19.340000000000003,19.340000000000003
00-0038129,Cade Otton,TE,2022,TB,16,0,0,0,0,0,0,0,0,0,65,42,391,2,0,0,0,0,0,0,0.08977900552486189,0.07438977140643162,0.18674134827179495,51.1,93.1,93.1
00-0038134,Kenneth Walker III,RB,2022,SEA,15,0,0,0,0,0,228,1050,9,0,35,27,165,0,0,0,0,0,0,0,0.06329113924050633,-0.017365130817318823,0.08278111728863632,175.5,202.5,202.5
00-0038147,Daylen Baldwin,WR,2022,CLE,1,0,0,0,0,0,0,0,0,0,2,2,25,0,0,0,0,0,0,0,0.0039447731755424065,0.005614192679092746,0.009847094638678533,2.5,4.5,4.5
00-0038149,Josh Ali,WR,2022,ATL,1,0,0,0,0,0,0,0,0,0,1,0,0,0,0,0,0,0,0,0,0.0025,0.011157946937763452,0.011560562856434416,0.0,0.0,0.0
00-0023459,Aaron Rodgers,QB,2023,NYJ,1,1,0,0,0,0,0,0,0,0,0,0,0,0,0,0,0,0,0,0,0.0,0.0,0.0,0.0,0.0,0.0
00-0024243,Marcedes Lewis,TE,2023,CHI,6,0,0,0,0,0,0,0,0,0,5,4,29,1,0,0,0,0,0,0,0.010482180293501049,0.0023841059602649007,0.017392144612437002,8.9,12.9,12.9
00-0026158,Joe Flacco,QB,2023,CLE,5,204,1616,13,8,1,9,2,0,0,0,0,0,0,0,1,1,0,0,0,0.0,0.0,0.0,100.84,100.84,100.84
00-0026293,Matthew Slater,WR,2023,NE,5,0,0,0,0,0,0,0,0,0,0,0,0,0,0,0,0,0,0,0,0.0,0.0,0.0,0.0,0.0,0.0
00-0026498,Matthew Stafford,QB,2023,LA,15,521,3965,24,11,1,21,65,0,0,0,0,0,0,1,0,0,0,0,0,0.0,0.0,0.0,243.1,243.1,243.1
00-0026625,Brian Hoyer,QB,2023,LV,2,42,231,0,2,0,3,-3,0,0,0,0,0,0,0,0,0,0,0,0,0.0,0.0,0.0,4.94,4.94,4.94
00-0027696,Jimmy Graham,TE,2023,NO,6,0,0,0,0,0,0,0,0,0,7,6,39,4,0,0,0,0,0,0,0.012089810017271158,0.008373205741626795,0.023995959045045492,27.9,33.9,33.9
00-0027944,Julio Jones,WR,2023,PHI,8,0,0,0,0,0,0,0,0,0,19,11,74,3,0,0,0,0,0,0,0.03619047619047619,0.02704376548307184,0.07321635012386457,25.4,36.4,36.4
00-0027948,Blaine Gabbert,QB,2023,KC,2,35,185,0,3,0,7,45,0,0,0,0,0,0,0,0,0,0,0,0,0.0,0.0,0.0,5.9,5.9,5.9
00-0027973,Andy Dalton,QB,2023,CAR,2,58,361,2,0,0,3,12,0,0,0,0,0,0,0,0,0,0,0,0,0.0,0.0,0.0,23.639999999999997,23.639999999999997,23.639999999999997
00-0028002,Randall Cobb,WR,2023,NYJ,9,0,0,0,0,0,0,0,0,0,17,5,39,1,1,0,0,0,0,0,0.03019538188277087,0.04125,0.0741680728241563,11.9,16.9,16.9
00-0028118,Tyrod Taylor,QB,2023,NYG,10,180,1341,5,3,0,38,197,0,0,0,0,0,0,0,0,0,0,0,0,0.0,0.0,0.0,87.34,87.34,87.34
00-0028986,Case Keenum,QB,2023,HOU,2,53,291,1,3,0,2,1,0,0,0,0,0,0,0,0,0,0,0,0,0.0,0.0,0.0,9.74,9.74,9.74
00-0029239,Brandon Bolden,RB,2023,LV,5,0,0,0,0,0,4,31,1,1,0,0,0,0,0,0,0,0,0,0,0.0,0.0,0.0,11.1,11.1,11.1
00-0029263,Russell Wilson,QB,2023,DEN,15,447,3070,26,8,2,80,341,3,0,0,0,0,0,0,5,4,1,0,0,0.0,0.0,0.0,256.9,256.9,256.9
00-0029293,Marvin Jones,WR,2023,DET,4,0,0,0,0,0,0,0,0,0,10,5,35,0,0,1,0,0,1,0,0.017421602787456445,0.01957905041605482,0.03983773947242304,1.5,6.5,6.5
00-0029604,Kirk Cousins,QB,2023,MIN,8,311,2331,18,5,0,14,25,0,0,0,0,0,0,0,4,3,1,0,0,0.0,0.0,0.0,149.74,149.74,149.74
00-0029701,Ryan Tannehill,QB,2023,TEN,9,230,1616,4,7,0,17,74,1,0,1,0,0,0,0,0,0,0,0,0,0.0020920502092050207,-0.0002188662727073758,0.002984868922912368,80.04,80.04,80.04
00-0030035,Adam Thielen,WR,2023,CAR,17,0,0,0,0,0,1,6,0,0,137,103,1014,4,1,0,0,0,0,0,0.2565543071161049,0.23605533244087462,0.5500701933827695,128.0,231.0,231.0
00-0030061,Zach Ertz,TE,2023,ARI,7,0,0,0,0,0,0,0,0,0,43,27,187,1,0,0,0,0,0,0,0.07962962962962963,0.07931199235547062,0.17496283909327387,24.7,51.7,51.7
00-0030068,Marquise Goodwin,WR,2023,CLE,10,0,0,0,0,0,4,33,0,0,13,4,67,0,0,0,0,0,0,0,0.021775544388609715,0.07378750707680694,0.08431457153667943,10.0,14.0,14.0
00-0030279,Keenan Allen,WR,2023,LAC,13,2,49,1,0,0,2,6,0,0,150,108,1243,7,0,1,0,0,1,0,0.24429967426710097,0.3067821677582928,0.5811970288314564,170.86,278.86,278.86
00-0030431,Robert Woods,WR,2023,HOU,14,0,0,0,0,0,1,7,0,0,75,40,426,1,0,0,0,0,0,0,0.13250883392226148,0.14139463009464942,0.29773949194964683,49.300000000000004,89.30000000000001,89.30000000000001
00-0030506,Travis Kelce,TE,2023,KC,15,0,0,0,0,0,0,0,0,0,121,93,984,5,0,1,0,0,1,0,0.2020033388981636,0.19706959706959706,0.44095372629596336,126.4,219.4,219.4
00-0030513,Latavius Murray,RB,2023,BUF,15,0,0,0,0,0,79,300,4,0,22,17,119,0,0,0,0,0,0,0,0.04036697247706422,0.0067702110712863405,0.06528960646549677,65.9,82.9,82.9
00-0030533,Matt Barkley,QB,2023,JAX,1,0,0,0,0,0,3,-3,0,0,0,0,0,0,0,0,0,0,0,0,0.0,0.0,0.0,-0.30000000000000004,-0.30000000000000004,-0.30000000000000004
00-0030564,DeAndre Hopkins,WR,2023,TEN,17,1,0,0,0,0,2,9,0,0,137,75,1057,7,0,0,0,0,0,0,0.28661087866108786,0.42328737141606476,0.7262174779828771,148.60000000000002,223.60000000000002,223.60000000000002
00-0030565,Geno Smith,QB,2023,SEA,15,499,3624,20,9,2,37,155,1,0,1,1,-2,0,0,3,2,1,0,0,0.0018281535648994515,-0.001941276389225916,0.0013833368748910361,226.26000000000002,227.26000000000002,227.26000000000002
00-0030578,Cordarrelle Patterson,RB,2023,ATL,12,0,0,0,0,0,50,181,0,0,12,9,38,1,0,0,0,0,0,0,0.023622047244094488,0.0023014959723820483,0.03704411804680917,27.900000000000002,36.900000000000006,36.900000000000006
00-0030663,Willie Snead,WR,2023,SF,2,0,0,0,0,0,0,0,0,0,3,2,14,0,0,0,0,0,0,0,0.006369426751592357,0.004479840716774514,0.012690028629130696,1.4000000000000001,3.4000000000000004,3.4000000000000004
00-0030874,Damien Williams,RB,2023,ARI,3,0,0,0,0,0,11,43,0,0,2,2,12,0,0,0,0,0,0,0,0.003703703703703704,0.00023889154323936931,0.0057227796358231145,5.5,7.5,7.5
00-0031235,Odell Beckham Jr.,WR,2023,BAL,14,0,0,0,0,0,0,0,0,0,64,35,565,3,0,1,0,0,1,0,0.13445378151260504,0.21716801173881145,0.35369828048607554,72.5,107.5,107.5
00-0031236,Brandin Cooks,WR,2023,DAL,16,0,0,0,0,0,5,35,0,0,81,54,657,8,1,0,0,0,0,0,0.13388429752066117,0.22298706716729244,0.35691739329809646,119.2,173.2,173.2
00-0031237,Teddy Bridgewater,QB,2023,DET,1,0,0,0,0,0,2,-2,0,0,0,0,0,0,0,0,0,0,0,0,0.0,0.0,0.0,-0.2,-0.2,-0.2
00-0031260,Logan Thomas,TE,2023,WAS,16,0,0,0,0,0,1,2,0,0,78,55,496,4,1,2,0,0,2,0,0.129783693843594,0.0988042794210195,0.2638385363601047,71.80000000000001,126.80000000000001,126.80000000000001
00-0031280,Derek Carr,QB,2023,NO,17,548,3878,25,8,2,32,40,0,0,0,0,0,0,0,3,2,1,0,0,0.0,0.0,0.0,241.12,241.12,241.12
00-0031288,AJ McCarron,QB,2023,CIN,2,5,19,0,0,0,0,0,0,0,0,0,0,0,0,0,0,0,0,0,0.0,0.0,0.0,0.76,0.76,0.76
00-0031345,Jimmy Garoppolo,QB,2023,LV,7,169,1205,7,9,1,20,39,0,0,0,0,0,0,0,0,0,0,0,0,0.0,0.0,0.0,64.1,64.1,64.1
00-0031376,Jerick McKinnon,RB,2023,KC,12,1,4,1,0,0,21,60,1,0,32,25,192,4,0,0,0,0,0,0,0.05342237061769616,0.0019536019536019536,0.08150107729406561,59.36,84.36,84.36
00-0031381,Davante Adams,WR,2023,LV,17,0,0,0,0,0,0,0,0,0,175,103,1144,8,0,0,0,0,0,0,0.3295668549905838,0.4428871758934828,0.8043713056113136,162.4,265.4,265.4
00-0031408,Mike Evans,WR,2023,TB,17,0,0,0,0,0,0,0,0,0,136,79,1255,13,0,0,0,0,0,0,0.24727272727272728,0.3917780061664954,0.6451536952256376,203.5,282.5,282.5
00-0031428,Allen Robinson,WR,2023,PIT,15,0,0,0,0,0,0,0,0,0,49,34,280,0,0,0,0,0,0,0,0.1012396694214876,0.0977542932628798,0.22028750941624725,28.0,62.0,62.0
00-0031484,Chris Manhertz,TE,2023,DEN,7,0,0,0,0,0,0,0,0,0,4,2,16,0,0,0,0,0,0,0,0.008385744234800839,0.0031965903036760787,0.014816229564774514,1.6,3.6,3.6
00-0031503,Jameis Winston,QB,2023,NO,6,47,264,2,3,0,5,-6,0,0,0,0,0,0,0,0,0,0,0,0,0.0,0.0,0.0,11.960000000000003,11.960000000000003,11.960000000000003
00-0031544,Amari Cooper,WR,2023,CLE,15,0,0,0,0,0,0,0,0,0,128,72,1250,5,1,1,0,0,1,0,0.21440536013400335,0.34610303830911493,0.5638801670173854,155.0,227.0,227.0
00-0031547,DeVante Parker,WR,2023,NE,13,0,0,0,0,0,0,0,0,0,55,33,394,0,0,0,0,0,0,0,0.10166358595194085,0.15625,0.26187037892791126,39.400000000000006,72.4,72.4
00-0031549,Nelson Agholor,WR,2023,BAL,16,0,0,0,0,0,0,0,0,0,45,35,381,4,0,0,0,0,0,0,0.09453781512605042,0.10222548300317927,0.21336456079130112,62.1,97.1,97.1
00-0031585,MyCole Pruitt,TE,2023,ATL,10,0,0,0,0,0,0,0,0,0,12,9,110,1,0,0,0,0,0,0,0.023622047244094488,0.014269275028768699,0.04542156338627982,17.0,26.0,26.0
00-0031588,Stefon Diggs,WR,2023,BUF,17,0,0,0,0,0,1,5,0,0,160,107,1183,8,1,1,0,0,1,0,0.29357798165137616,0.330147351652728,0.6714701186339739,166.8,273.8,273.8
00-0031610,Darren Waller,TE,2023,NYG,12,0,0,0,0,0,0,0,0,0,74,52,552,1,0,0,0,0,0,0,0.15257731958762888,0.15636555731642895,0.3383218695029436,61.2,113.2,113.2
00-0031687,Raheem Mostert,RB,2023,MIA,15,0,0,0,0,0,209,1012,18,0,32,25,175,3,0,1,0,1,0,0,0.058287795992714025,-0.004644681839294009,0.08418041670156523,242.7,267.7,267.7
00-0031763,DeAndre Carter,WR,2023,LV,17,0,0,0,0,0,3,18,0,0,7,4,39,0,0,0,0,0,0,0,0.013182674199623353,0.000934361130576968,0.02042806409083891,5.7,9.7,9.7
00-0031800,Taylor Heinicke,QB,2023,ATL,5,136,890,5,4,0,15,124,1,0,0,0,0,0,0,0,0,0,0,0,0.0,0.0,0.0,66.0,66.0,66.0
00-0031868,Damiere Byrd,WR,2023,ATL,1,0,0,0,0,0,0,0,0,0,2,0,0,0,0,0,0,0,0,0,0.003937007874015748,0.010356731875719217,0.013155224124027073,0.0,0.0,0.0
00-0031941,Jamison Crowder,WR,2023,WAS,16,0,0,0,0,0,0,0,0,0,20,16,159,1,0,1,0,0,0,0,0.033277870216306155,0.025592615900985945,0.06783163645514939,21.9,37.9,37.9
00-0032062,Blake Bell,TE,2023,KC,7,0,0,0,0,0,0,0,0,0,9,5,26,1,0,1,0,0,1,0,0.015025041736227046,0.007326007326007326,0.027665767732545695,6.6,11.6,11.6
00-0032104,Ameer Abdullah,RB,2023,LV,16,0,0,0,0,0,15,89,0,0,24,19,131,0,0,0,0,0,0,0,0.04519774011299435,0.010745153001635132,0.07531821727063612,22.0,41.0,41.0
00-0032128,Chris Conley,WR,2023,SF,1,0,0,0,0,0,0,0,0,0,6,3,69,0,0,0,0,0,0,0,0.012738853503184714,0.01841712294673967,0.03200026631749484,6.9,9.9,9.9
00-0032134,C.J. Uzomah,TE,2023,NYJ,8,0,0,0,0,0,0,0,0,0,12,8,58,1,0,0,0,0,0,0,0.021314387211367674,0.016,0.04317158081705151,11.8,19.8,19.8
00-0032141,Geoff Swaim,TE,2023,ARI,8,0,0,0,0,0,0,0,0,0,11,10,94,0,0,0,0,0,0,0,0.020370370370370372,0.01433349259436216,0.04058900037160907,9.4,19.4,19.4
00-0032144,Melvin Gordon,RB,2023,BAL,4,0,0,0,0,0,26,81,1,0,3,3,46,0,0,1,0,1,0,0,0.0063025210084033615,0.004402054292002935,0.012535219517007097,16.700000000000003,19.700000000000003,19.7
00-0032156,Trevor Siemian,QB,2023,NYJ,5,153,724,2,4,0,11,40,0,0,0,0,0,0,0,3,2,1,0,0,0.0,0.0,0.0,26.96,26.96,26.96
00-0032200,Ty Montgomery,WR,2023,NE,11,0,0,0,0,0,3,9,0,0,12,5,40,0,0,0,0,0,0,0,0.022181146025878003,0.02197265625,0.048652578413817,4.9,9.9,9.9
00-0032208,Phillip Dorsett,WR,2023,DEN,2,0,0,0,0,0,0,0,0,0,3,0,0,0,0,0,0,0,0,0,0.006289308176100629,0.02077783697389451,0.0239784481458771,0.0,0.0,0.0
00-0032211,Tyler Lockett,WR,2023,SEA,17,0,0,0,0,0,0,0,0,0,122,79,894,5,2,0,0,0,0,0,0.2230347349177331,0.3207959233195826,0.5591092487003075,123.4,202.4,202.4
00-0032214,Tyler Kroft,TE,2023,MIA,1,0,0,0,0,0,0,0,0,0,0,0,0,0,0,0,0,0,0,0,0.0,0.0,0.0,0.0,0.0,0.0
00-0032268,Marcus Mariota,QB,2023,PHI,2,23,164,1,1,0,8,52,0,0,0,0,0,0,0,1,1,0,0,0,0.0,0.0,0.0,11.760000000000002,11.760000000000002,11.760000000000002
00-0032385,Sterling Shepard,WR,2023,NYG,10,0,0,0,0,0,1,6,0,0,22,10,57,1,0,1,0,0,0,0,0.04536082474226804,0.04226096143687269,0.09762391011921294,12.3,22.3,22.3
00-0032392,Austin Hooper,TE,2023,LV,16,0,0,0,0,0,0,0,0,0,31,25,234,0,0,0,0,0,0,0,0.0583804143126177,0.03036673674375146,0.10882733718955258,23.400000000000002,48.400000000000006,48.400000000000006
00-0032394,Nick Vannett,TE,2023,LAC,1,0,0,0,0,0,0,0,0,0,1,1,3,0,0,0,0,0,0,0,0.0016286644951140066,0.0006338474540460595,0.0028866899605032516,0.30000000000000004,1.3,1.3
00-0032398,Chris Moore,WR,2023,TEN,15,0,0,0,0,0,2,39,0,0,35,22,424,0,0,0,0,0,0,0,0.07322175732217573,0.14029328080542788,0.2080379325470631,46.300000000000004,68.30000000000001,68.30000000000001
00-0032436,Jeff Driskel,QB,2023,CLE,1,26,166,2,2,0,7,33,0,0,0,0,0,0,0,0,0,0,0,0,0.0,0.0,0.0,13.940000000000001,13.940000000000001,13.940000000000001
00-0032450,Dwayne Washington,RB,2023,DEN,3,0,0,0,0,0,0,0,0,0,0,0,0,0,0,0,0,0,0,0,0.0,0.0,0.0,0.0,0.0,0.0
00-0032464,Kalif Raymond,WR,2023,DET,17,0,0,0,0,0,7,75,0,0,44,35,489,1,0,0,0,0,0,0,0.07665505226480836,0.09495839451786588,0.18145345455971865,62.400000000000006,97.4,97.4
00-0032543,Alex Erickson,WR,2023,LAC,8,0,0,0,0,0,0,0,0,0,29,16,232,1,0,0,0,0,0,0,0.04723127035830619,0.06232833298119586,0.11447673862429639,29.200000000000003,45.2,45.2
00-0032688,Robbie Chosen,WR,2023,MIA,6,0,0,0,0,0,0,0,0,0,6,4,126,1,0,0,0,0,0,0,0.01092896174863388,0.03274500696702276,0.03931494749986675,18.6,22.6,22.6
00-0032725,Stephen Anderson,TE,2023,LAC,1,0,0,0,0,0,0,0,0,0,0,0,0,0,0,0,0,0,0,0,0.0,0.0,0.0,0.0,0.0,0.0
00-0032764,Derrick Henry,RB,2023,TEN,17,3,14,2,0,0,280,1167,12,0,36,28,214,0,0,0,0,0,0,0,0.07531380753138076,-0.02188662727073758,0.09765007220755482,218.66,246.66,246.66
00-0032765,Michael Thomas,WR,2023,NO,10,0,0,0,0,0,0,0,0,0,64,39,448,1,0,0,0,0,0,0,0.11053540587219343,0.129585326953748,0.2565128376759137,50.800000000000004,89.80000000000001,89.80000000000001
00-0032775,Demarcus Robinson,WR,2023,LA,8,0,0,0,0,0,1,23,0,0,39,26,371,4,0,1,0,0,1,0,0.07027027027027027,0.10605724428666519,0.17964547640607104,61.400000000000006,87.4,87.4
00-0032950,Carson Wentz,QB,2023,LA,1,24,163,2,1,1,17,56,1,0,0,0,0,0,0,0,0,0,0,0,0.0,0.0,0.0,26.12,26.12,26.12
00-0032951,Laquon Treadwell,WR,2023,BAL,3,0,0,0,0,0,0,0,0,0,3,1,16,0,0,0,0,0,0,0,0.0063025210084033615,0.00880410858400587,0.015616657521409151,1.6,2.6,2.6
00-0032975,Jonathan Williams,RB,2023,WAS,1,0,0,0,0,0,1,-2,0,0,1,0,0,0,0,0,0,0,0,0,0.0016638935108153079,-0.00020977554017201594,0.0023489973881025503,-0.2,-0.2,-0.2
00-0033009,Tyler Boyd,WR,2023,CIN,17,1,0,0,1,0,2,11,0,0,98,67,667,2,0,0,0,0,0,0,0.16554054054054054,0.1621970087674059,0.3618487169479949,77.8,144.8,144.8
00-0033040,Tyreek Hill,WR,2023,MIA,16,0,0,0,0,0,6,15,0,0,171,119,1799,13,0,1,0,0,1,0,0.3114754098360656,0.4289363678588017,0.7674685722552596,257.4,376.4,376.4
00-0033045,Ezekiel Elliott,RB,2023,NE,17,0,0,0,0,0,184,642,3,0,65,51,313,2,0,1,0,0,1,0,0.12014787430683918,-0.01025390625,0.1730440770852588,123.5,174.5,174.5
00-0033077,Dak Prescott,QB,2023,DAL,17,590,4516,36,9,2,55,242,2,0,0,0,0,0,0,2,1,1,0,0,0.0,0.0,0.0,342.84,342.84,342.84
00-0033090,Hunter Henry,TE,2023,NE,13,0,0,0,0,0,0,0,0,0,61,42,419,6,0,0,0,0,0,0,0.11275415896487985,0.13134765625,0.2610745978223198,77.9,119.9,119.9
00-0033106,Jared Goff,QB,2023,DET,17,605,4575,30,12,2,32,21,2,0,0,0,0,0,0,4,2,2,0,0,0.0,0.0,0.0,289.1,289.1,289.1
00-0033110,Tyler Higbee,TE,2023,LA,15,0,0,0,0,0,0,0,0,0,70,47,495,2,0,0,0,0,0,0,0.12612612612612611,0.09008209451963613,0.25224665535293445,61.5,108.5,108.5
00-0033118,Kenyan Drake,RB,2023,GB,2,0,0,0,0,0,2,0,0,0,3,2,31,0,0,1,0,0,1,0,0.0063025210084033615,-0.0009782342871117633,0.008769017511626809,1.1,3.1,3.0999999999999996
00-0033119,Jacoby Brissett,QB,2023,WAS,2,23,224,3,0,0,3,19,0,0,0,0,0,0,0,0,0,0,0,0,0.0,0.0,0.0,22.86,22.86,22.86
00-0033217,Mo Alie-Cox,TE,2023,IND,14,0,0,0,0,0,0,0,0,0,22,13,161,3,1,0,0,0,0,0,0.040293040293040296,0.05217391304347826,0.09696129956999522,36.1,49.1,49.1
00-0033246,Johnny Mundt,TE,2023,MIN,10,0,0,0,0,0,0,0,0,0,23,17,172,1,0,0,0,0,0,0,0.037953795379537955,0.023123732251521298,0.07311730564537183,23.2,40.2,40.2
00-0033251,Zach Pascal,WR,2023,ARI,10,0,0,0,0,0,0,0,0,0,15,4,19,0,0,0,0,0,0,0,0.027777777777777776,0.038222646918299095,0.06842251950947603,1.9000000000000001,5.9,5.9
00-0033258,Darrell Daniels,TE,2023,DET,1,0,0,0,0,0,0,0,0,0,0,0,0,0,0,0,0,0,0,0,0.0,0.0,0.0,0.0,0.0,0.0
00-0033275,PJ Walker,QB,2023,CLE,5,111,674,1,5,0,13,30,0,0,0,0,0,0,0,2,2,0,0,0,0.0,0.0,0.0,19.96,19.96,19.96
00-0033280,Christian McCaffrey,RB,2023,SF,16,0,0,0,0,0,272,1459,14,0,83,67,564,7,0,2,0,2,0,0,0.1762208067940552,0.03807864609258337,0.29098626245589115,324.3,391.3,391.3
00-0033282,Curtis Samuel,WR,2023,WAS,16,0,0,0,0,0,7,39,1,0,91,62,613,4,0,0,0,0,0,0,0.15141430948419302,0.12544577302286553,0.3149335053422954,95.2,157.2,157.2
00-0033288,George Kittle,TE,2023,SF,16,0,0,0,0,0,1,2,0,0,90,65,1020,6,0,0,0,0,0,0,0.1910828025477707,0.21204579392732703,0.435056259570785,138.2,203.2,203.2
00-0033292,Trent Taylor,WR,2023,CHI,15,0,0,0,0,0,1,-2,0,0,2,0,0,0,0,1,0,0,0,0,0.0041928721174004195,0.0,0.006289308176100629,-0.2,-0.2,-0.2
00-0033293,Aaron Jones,RB,2023,GB,11,0,0,0,0,0,142,656,2,0,43,30,233,1,0,1,0,1,0,0,0.0766488413547237,-0.009716599190283401,0.10817164259888717,104.9,134.9,134.9
00-0033296,Alex Armah,RB,2023,WAS,4,0,0,0,0,0,0,0,0,0,3,3,13,0,0,0,0,0,0,0,0.004991680532445923,-0.002936857562408223,0.005431720504983129,1.3,4.3,4.3
00-0033307,Kendrick Bourne,WR,2023,NE,8,0,0,0,0,0,1,4,0,0,55,37,406,4,0,1,0,0,1,0,0.10166358595194085,0.14013671875,0.25059108205291125,63.0,100.0,100.0
00-0033308,Matt Breida,RB,2023,NYG,15,0,0,0,0,0,55,151,1,0,21,17,88,0,0,0,0,0,0,0,0.04329896907216495,0.0002641310089804543,0.06513334531453373,29.900000000000002,46.900000000000006,46.900000000000006
00-0033319,Nick Mullens,QB,2023,MIN,5,148,1306,7,8,0,10,25,0,0,0,0,0,0,0,0,0,0,0,0,0.0,0.0,0.0,66.74000000000001,66.74000000000001,66.74000000000001
00-0033357,Taysom Hill,TE,2023,NO,16,11,83,1,0,0,81,401,4,0,40,33,291,2,0,1,0,1,0,0,0.0690846286701209,0.041666666666666664,0.13279360967184803,110.52000000000001,143.52,143.52
00-0033376,Patrick Ricard,RB,2023,BAL,7,0,0,0,0,0,0,0,0,0,7,5,52,1,0,0,0,0,0,0,0.014705882352941176,0.0046466128637808754,0.025311452534058376,11.2,16.2,16.2
00-0033439,Pharaoh Brown,TE,2023,NE,11,0,0,0,0,0,0,0,0,0,15,13,208,1,0,1,0,0,1,0,0.027726432532347505,0.025390625,0.05936308629852126,24.8,37.8,37.8
00-0033466,Isaiah McKenzie,WR,2023,IND,13,0,0,0,0,0,3,14,0,0,14,11,82,0,0,2,0,0,0,0,0.02564102564102564,0.008225616921269096,0.04421947030642683,9.600000000000001,20.6,20.6
00-0033526,Samaje Perine,RB,2023,DEN,17,0,0,0,0,0,53,238,1,0,56,50,455,0,0,2,0,1,1,0,0.11740041928721175,-0.002663825253063399,0.17423595125367325,71.3,121.3,121.3
00-0033536,Mike Williams,WR,2023,LAC,3,0,0,0,0,0,1,3,0,0,26,19,249,1,0,0,0,0,0,0,0.04234527687296417,0.06486372279738009,0.10892252126761232,31.200000000000003,50.2,50.2
00-0033537,Deshaun Watson,QB,2023,CLE,6,171,1115,7,4,0,26,142,1,3,0,0,0,0,0,2,1,1,0,0,0.0,0.0,0.0,86.8,86.8,86.8
00-0033553,James Conner,RB,2023,ARI,13,0,0,0,0,0,208,1040,7,0,33,27,165,2,0,0,0,0,0,0,0.06111111111111111,-0.005494505494505495,0.08782051282051281,174.5,201.5,201.5
00-0033555,Mack Hollins,WR,2023,ATL,12,0,0,0,0,0,0,0,0,0,30,18,251,0,0,0,0,0,0,0,0.05905511811023622,0.08630609896432681,0.14899694644038308,25.1,43.1,43.1
00-0033572,Jamal Agnew,WR,2023,JAX,11,0,0,0,0,0,4,-2,0,0,21,14,225,1,0,1,0,0,1,0,0.03459637561779242,0.050793013451114234,0.0874496728424686,26.3,40.3,40.3
00-0033576,Eric Saubert,TE,2023,HOU,3,0,0,0,0,0,0,0,0,0,3,3,12,0,0,0,0,0,0,0,0.00530035335689046,0.0011589723778249951,0.008761810699813187,1.2000000000000002,4.2,4.2
00-0033589,David Moore,WR,2023,TB,6,0,0,0,0,0,0,0,0,0,7,5,94,1,0,0,0,0,0,0,0.012727272727272728,0.010071942446043165,0.026141268803139307,15.4,20.4,20.4
00-0033591,Noah Brown,WR,2023,HOU,10,0,0,0,0,0,1,-1,0,0,55,33,567,2,0,0,0,0,0,0,0.09717314487632508,0.12710063743480782,0.23473016351885306,68.6,101.6,101.6
00-0033662,Cooper Rush,QB,2023,DAL,7,24,144,0,1,0,12,-5,0,0,0,0,0,0,0,0,0,0,0,0,0.0,0.0,0.0,3.26,3.26,3.26
00-0033699,Austin Ekeler,RB,2023,LAC,14,0,0,0,0,0,179,628,5,0,74,51,436,1,0,4,0,2,2,0,0.12052117263843648,-0.017325163743925627,0.16865414433690679,134.4,185.4,185.4
00-0033757,Robert Tonyan,TE,2023,CHI,12,0,0,0,0,0,0,0,0,0,17,11,112,0,0,0,0,0,0,0,0.03563941299790356,0.038410596026490065,0.08034653671539839,11.200000000000001,22.200000000000003,22.200000000000003
00-0033854,Dare Ogunbowale,RB,2023,HOU,9,0,0,0,0,0,8,35,0,0,7,2,18,0,0,0,0,0,0,0,0.012367491166077738,0.005988023952095809,0.022742853515583673,5.300000000000001,7.300000000000001,7.3
00-0033856,Leonard Fournette,RB,2023,BUF,2,0,0,0,0,0,12,40,0,0,0,0,0,0,0,0,0,0,0,0,0.0,0.0,0.0,4.0,4.0,4.0
00-0033857,JuJu Smith-Schuster,WR,2023,NE,11,0,0,0,0,0,0,0,0,0,47,29,260,1,0,0,0,0,0,0,0.08687615526802218,0.08251953125,0.1880779047770333,32.0,61.0,61.0
00-0033858,Jonnu Smith,TE,2023,ATL,17,1,0,0,0,0,1,0,0,0,70,50,582,3,0,1,0,0,1,0,0.1377952755905512,0.10540851553509781,0.28047887426039525,74.2,124.2,124.2
00-0033869,Mitchell Trubisky,QB,2023,PIT,5,107,632,4,5,1,16,54,2,0,0,0,0,0,0,1,0,1,0,0,0.0,0.0,0.0,48.68,48.68,48.68
00-0033873,Patrick Mahomes,QB,2023,KC,16,597,4183,27,14,0,75,389,0,0,0,0,0,0,0,3,3,0,0,0,0.0,0.0,0.0,280.22,280.22,280.22
00-0033881,Evan Engram,TE,2023,JAX,17,0,0,0,0,0,0,0,0,0,143,114,963,4,0,2,0,0,2,0,0.2355848434925865,0.14374623569564343,0.4539996302258301,116.30000000000001,230.3,230.3
00-0033885,David Njoku,TE,2023,CLE,16,0,0,0,0,0,0,0,0,0,123,81,882,6,0,2,0,0,2,0,0.20603015075376885,0.10681260615210417,0.3838140504371262,120.2,201.2,201.2
00-0033891,Zay Jones,WR,2023,JAX,9,0,0,0,0,0,0,0,0,0,64,34,321,2,0,0,0,0,0,0,0.10543657331136738,0.17486448504316401,0.2805599994972659,44.1,78.1,78.1
00-0033893,Dalvin Cook,RB,2023,NYJ,14,0,0,0,0,0,67,214,0,0,20,15,78,0,0,2,0,2,0,0,0.035523978685612786,-0.00575,0.04926096802841918,25.200000000000003,40.2,40.2
00-0033895,Gerald Everett,TE,2023,LAC,15,0,0,0,0,0,3,10,0,0,70,51,411,3,0,0,0,0,0,0,0.11400651465798045,0.0595816606803296,0.2127169344632014,60.1,111.1,111.1
00-0033897,Joe Mixon,RB,2023,CIN,17,0,0,0,0,0,257,1034,9,0,64,52,376,3,1,0,0,0,0,0,0.10810810810810811,-0.029396596183599792,0.14158454483364233,215.0,267.0,267.0
00-0033906,Alvin Kamara,RB,2023,NO,13,0,0,0,0,0,180,694,5,2,86,75,466,1,1,0,0,0,0,0,0.14853195164075994,0.000996810207336523,0.22349569460627547,158.0,233.0,233.0
00-0033908,Cooper Kupp,WR,2023,LA,12,0,0,0,0,0,1,-3,0,0,95,59,737,5,1,0,0,0,0,0,0.17117117117117117,0.17328599955624585,0.3780569564461288,105.4,164.4,164.4
00-0033921,Chris Godwin Jr.,WR,2023,TB,17,1,0,0,0,0,4,38,1,0,130,83,1024,2,1,0,0,0,0,0,0.23636363636363636,0.24254881808838644,0.524329627207325,126.2,209.2,209.2
00-0033923,Kareem Hunt,RB,2023,CLE,15,0,0,0,0,0,135,411,9,0,21,15,84,0,0,0,0,0,0,0,0.035175879396984924,-0.0011322891111530478,0.05197121671767025,103.5,118.5,118.5
00-0033925,D'Onta Foreman,RB,2023,CHI,9,0,0,0,0,0,109,425,4,0,16,11,77,1,0,0,0,0,0,0,0.033542976939203356,0.005562913907284768,0.05420850514390437,80.2,91.2,91.2
00-0033936,C.J. Beathard,QB,2023,JAX,6,53,349,1,0,0,8,35,0,0,0,0,0,0,0,0,0,0,0,0,0.0,0.0,0.0,21.46,21.46,21.46
00-0033943,Josh Reynolds,WR,2023,DET,16,0,0,0,0,0,0,0,0,0,64,40,608,5,0,1,0,0,1,0,0.11149825783972125,0.157856093979442,0.27774665254519126,88.80000000000001,128.8,128.8
00-0033948,Jamaal Williams,RB,2023,NO,13,0,0,0,0,0,106,306,1,0,20,18,62,0,0,0,0,0,0,0,0.03454231433506045,-0.005382775119617225,0.04804552891885862,42.800000000000004,60.800000000000004,60.800000000000004
00-0033949,Joshua Dobbs,QB,2023,MIN,13,417,2464,13,10,1,77,421,6,2,0,0,0,0,0,7,5,2,0,0,0.0,0.0,0.0,200.66,200.66,200.66
00-0033955,Jeremy McNichols,RB,2023,SF,2,0,0,0,0,0,0,0,0,0,0,0,0,0,0,0,0,0,0,0,0.0,0.0,0.0,0.0,0.0,0.0
00-0033958,Nathan Peterman,QB,2023,CHI,1,0,0,0,0,0,2,-4,0,0,0,0,0,0,0,0,0,0,0,0,0.0,0.0,0.0,-0.4,-0.4,-0.4
00-0034054,River Cracraft,WR,2023,MIA,6,0,0,0,0,0,0,0,0,0,12,9,121,1,0,0,0,0,0,0,0.02185792349726776,0.021365536460752437,0.047742760768428344,18.1,27.1,27.1
00-0034073,Ross Dwelley,TE,2023,SF,2,0,0,0,0,0,0,0,0,0,2,1,12,0,0,0,0,0,0,0,0.004246284501061571,0.004230960676953708,0.009331099225459952,1.2000000000000002,2.2,2.2
00-0034115,Jeff Wilson,RB,2023,MIA,9,0,0,0,0,0,41,188,0,0,17,14,85,0,0,0,0,0,0,0,0.030965391621129327,0.010682768230376219,0.05392602519295735,27.3,41.3,41.3
00-0034159,Will Dissly,TE,2023,SEA,13,0,0,0,0,0,0,0,0,0,22,17,172,1,0,0,0,0,0,0,0.04021937842778794,0.01504489201650085,0.0708604920532325,23.2,40.2,40.2
00-0034177,Tim Boyle,QB,2023,NYJ,3,77,360,1,4,0,4,5,0,0,0,0,0,0,0,0,0,0,0,0,0.0,0.0,0.0,10.899999999999999,10.899999999999999,10.899999999999999
00-0034184,Gus Edwards,RB,2023,BAL,17,0,0,0,0,0,198,810,13,1,13,12,180,0,0,2,0,2,0,0,0.0273109243697479,0.007825874296894107,0.04644449856244772,175.0,187.0,187.0
00-0034193,Kevin Rader,TE,2023,TEN,7,0,0,0,0,0,0,0,0,0,3,1,6,0,0,0,0,0,0,0,0.006276150627615063,0.007003720726636025,0.014316830450067812,0.6000000000000001,1.6,1.6
00-0034208,Mike Boone,RB,2023,HOU,9,0,0,0,0,0,5,23,0,0,9,7,40,0,0,0,0,0,0,0,0.015901060070671377,0.0017384585667374927,0.025068511102723307,6.300000000000001,13.3,13.3
00-0034270,Tyler Conklin,TE,2023,NYJ,17,0,0,0,0,0,1,0,0,0,87,61,621,0,0,0,0,0,0,0,0.15452930728241562,0.14875,0.3359189609236234,62.1,123.1,123.1
00-0034272,Marquez Valdes-Scantling,WR,2023,KC,16,0,0,0,0,0,0,0,0,0,42,21,315,1,0,1,0,0,1,0,0.07011686143572621,0.1811965811965812,0.23201289899119615,35.5,56.5,56.5
00-0034279,Equanimeous St. Brown,WR,2023,CHI,5,0,0,0,0,0,0,0,0,0,6,5,62,0,0,0,0,0,0,0,0.012578616352201259,0.01403973509933775,0.02869573909783831,6.2,11.2,11.2
00-0034286,Richie James,WR,2023,KC,9,0,0,0,0,0,0,0,0,0,14,10,114,0,0,1,0,0,0,0,0.02337228714524207,0.0315018315018315,0.05710971276914516,11.4,21.4,21.4
00-0034297,Byron Pringle,WR,2023,WAS,13,0,0,0,0,0,0,0,0,0,22,14,161,0,0,1,0,0,0,0,0.036605657237936774,0.062303335431088736,0.09852082065866727,16.1,30.1,30.1
00-0034317,Keith Kirkwood,WR,2023,NO,7,0,0,0,0,0,0,0,0,0,9,5,37,1,0,0,0,0,0,0,0.015544041450777202,0.01814194577352472,0.0360154242176331,9.7,14.7,14.7
00-0034348,Courtland Sutton,WR,2023,DEN,16,0,0,0,0,0,0,0,0,0,90,59,772,10,0,3,0,0,3,0,0.18867924528301888,0.2823654768247203,0.4806747017018326,131.2,190.2,190.2
00-0034351,Dallas Goedert,TE,2023,PHI,14,0,0,0,0,0,1,1,0,0,83,59,592,3,0,0,0,0,0,0,0.1580952380952381,0.09186622625928985,0.30144921552436005,77.30000000000001,136.3,136.3
00-0034364,Jordan Akins,TE,2023,CLE,13,0,0,0,0,0,0,0,0,0,23,15,132,0,0,0,0,0,0,0,0.038525963149078725,0.0205699188526137,0.07218788792044768,13.200000000000001,28.200000000000003,28.200000000000003
00-0034365,Ian Thomas,TE,2023,CAR,8,0,0,0,0,0,0,0,0,0,9,5,56,0,0,0,0,0,0,0,0.016853932584269662,0.01740294511378849,0.03746296045605643,5.6000000000000005,10.600000000000001,10.600000000000001
00-0034383,Dalton Schultz,TE,2023,HOU,15,0,0,0,0,0,0,0,0,0,88,59,635,5,0,1,0,0,1,0,0.15547703180212014,0.12922542012748697,0.3236733417924211,91.5,150.5,150.5
00-0034386,Justin Watson,WR,2023,KC,15,0,0,0,0,0,0,0,0,0,53,27,460,3,0,1,0,0,1,0,0.08848080133555926,0.22661782661782662,0.2913536806358175,62.0,89.0,89.0
00-0034401,Mike White,QB,2023,MIA,6,6,74,1,1,0,8,-9,0,0,0,0,0,0,0,1,0,1,0,0,0.0,0.0,0.0,2.0599999999999996,2.0599999999999996,2.0599999999999996
00-0034407,Ray-Ray McCloud,WR,2023,SF,12,0,0,0,0,0,3,30,0,0,15,12,135,0,0,0,0,0,0,0,0.03184713375796178,0.0233947237431558,0.06414700725715174,16.5,28.5,28.5
00-0034414,Boston Scott,RB,2023,PHI,12,0,0,0,0,0,20,86,0,0,6,4,52,0,0,1,0,0,0,0,0.011428571428571429,0.006399669694467382,0.021622625928984313,13.8,17.8,17.8
00-0034418,Cedrick Wilson Jr.,WR,2023,MIA,11,0,0,0,0,0,0,0,0,0,38,22,296,3,0,0,0,0,0,0,0.0692167577413479,0.09962842545285648,0.17356503442902138,47.6,69.6,69.6
00-0034419,Braxton Berrios,WR,2023,MIA,16,0,0,0,0,0,1,11,0,0,33,27,238,1,0,0,0,0,0,0,0.060109289617486336,0.0531816070599164,0.12739105936817097,30.900000000000002,57.900000000000006,57.900000000000006
00-0034433,Nick Bawden,RB,2023,NYJ,6,0,0,0,0,0,2,4,1,0,3,3,21,0,0,0,0,0,0,0,0.0053285968028419185,-0.00025,0.007817895204262877,8.5,11.5,11.5
00-0034438,Logan Woodside,QB,2023,ATL,1,4,27,0,1,0,1,6,0,0,0,0,0,0,0,0,0,0,0,0,0.0,0.0,0.0,-0.31999999999999984,-0.31999999999999984,-0.31999999999999984
00-0034487,Trent Sherfield,WR,2023,BUF,11,0,0,0,0,0,0,0,0,0,22,11,86,1,0,0,0,0,0,0,0.04036697247706422,0.037833532457188374,0.0870339314356282,14.6,25.6,25.6
00-0034521,Allen Lazard,WR,2023,NYJ,14,0,0,0,0,0,0,0,0,0,49,23,311,1,0,0,0,0,0,0,0.08703374777975133,0.14925,0.23502562166962698,37.1,60.1,60.1
00-0034575,David Wells,TE,2023,TB,1,0,0,0,0,0,0,0,0,0,2,2,-10,0,0,0,0,0,0,0,0.0036363636363636364,0.0,0.005454545454545455,-1.0,1.0,1.0
00-0034577,Kyle Allen,QB,2023,BUF,6,0,0,0,0,0,13,-13,0,0,0,0,0,0,0,0,0,0,0,0,0.0,0.0,0.0,-1.3,-1.3,-1.3
00-0034613,Tanner Hudson,TE,2023,CIN,12,0,0,0,0,0,0,0,0,0,50,39,352,1,0,0,0,0,0,0,0.08445945945945946,0.06936565239814338,0.17524514586788956,41.2,80.2,80.2
00-0034614,Godwin Igwebuike,RB,2023,PIT,7,0,0,0,0,0,0,0,0,0,0,0,0,0,0,0,0,0,0,0,0.0,0.0,0.0,0.0,0.0,0.0
00-0034646,Brandon Powell,WR,2023,MIN,17,0,0,0,0,0,5,17,0,0,44,29,324,1,0,1,0,0,0,0,0.07260726072607261,0.06734279918864097,0.1560508505211576,40.1,69.1,69.1
00-0034681,Chase Edmonds,RB,2023,TB,13,0,0,0,0,0,49,176,0,0,17,14,81,0,0,0,0,0,0,0,0.03090909090909091,-0.0051387461459403904,0.04276651406147809,25.700000000000003,39.7,39.7
00-0034750,Rashaad Penny,RB,2023,PHI,3,0,0,0,0,0,11,33,0,0,1,1,5,0,0,0,0,0,0,0,0.0019047619047619048,-0.00020644095788604458,0.002712634186622626,3.8000000000000003,4.800000000000001,4.800000000000001
00-0034753,Mark Andrews,TE,2023,BAL,10,0,0,0,0,0,1,0,0,0,61,45,544,6,0,0,0,0,0,0,0.12815126050420167,0.10833944729762778,0.2680645038646419,90.4,135.4,135.4
00-0034764,Michael Gallup,WR,2023,DAL,16,0,0,0,0,0,0,0,0,0,57,34,418,2,0,0,0,0,0,0,0.09421487603305785,0.13016270337922403,0.2324362064150436,53.800000000000004,87.80000000000001,87.80000000000001
00-0034771,Mason Rudolph,QB,2023,PIT,4,74,719,3,0,0,10,8,0,0,0,0,0,0,0,1,1,0,0,0,0.0,0.0,0.0,39.56,39.56,39.56
00-0034775,Christian Kirk,WR,2023,JAX,12,2,-1,0,0,0,1,6,0,0,85,57,787,3,0,2,0,0,2,0,0.1400329489291598,0.16904236097169242,0.32837907607392436,93.26,150.26,150.26
00-0034777,DJ Chark,WR,2023,CAR,14,0,0,0,0,0,0,0,0,0,66,35,525,5,0,1,0,0,1,0,0.12359550561797752,0.22668451584114235,0.34407241951576595,80.5,115.5,115.5
00-0034791,Nick Chubb,RB,2023,CLE,2,0,0,0,0,0,28,170,0,0,4,4,21,0,0,0,0,0,0,0,0.006700167504187605,0.0001887148518588413,0.010182351652582597,19.1,23.1,23.1
00-0034796,Lamar Jackson,QB,2023,BAL,16,457,3678,24,7,1,148,821,5,0,0,0,0,0,0,6,4,2,0,0,0.0,0.0,0.0,331.22,331.22,331.22
00-0034798,Durham Smythe,TE,2023,MIA,13,0,0,0,0,0,0,0,0,0,43,35,366,0,0,0,0,0,0,0,0.07832422586520947,0.06595448211797492,0.16365447628039664,36.6,71.6,71.6
00-0034827,DJ Moore,WR,2023,CHI,17,0,0,0,0,0,4,21,1,0,136,96,1364,8,0,1,0,0,1,0,0.2851153039832285,0.3909933774834437,0.7013683202132532,190.5,286.5,286.5
00-0034829,Mike Gesicki,TE,2023,NE,15,0,0,0,0,0,0,0,0,0,45,29,244,2,0,0,0,0,0,0,0.08317929759704251,0.093505859375,0.19022304795806377,36.400000000000006,65.4,65.4
00-0034830,Hayden Hurst,TE,2023,CAR,9,0,0,0,0,0,0,0,0,0,32,18,184,1,0,0,0,0,0,0,0.0599250936329588,0.053993752788933515,0.12768326740169167,24.400000000000002,42.400000000000006,42.400000000000006
00-0034837,Calvin Ridley,WR,2023,JAX,17,0,0,0,0,0,9,23,0,0,136,76,1016,8,1,0,0,0,0,0,0.22405271828665568,0.3555510941577996,0.5849648433404433,153.9,229.9,229.9
00-0034838,Royce Freeman,RB,2023,LA,11,0,0,0,0,0,77,319,2,0,2,1,13,0,0,0,0,0,0,0,0.0036036036036036037,0.0,0.005405405405405406,45.2,46.2,46.2
00-0034844,Saquon Barkley,RB,2023,NYG,14,0,0,0,0,0,247,962,6,1,60,41,280,4,0,2,0,2,0,0,0.12371134020618557,0.035393555203380875,0.21034249895164497,182.2,223.2,223.2
00-0034854,KhaDarel Hodge,WR,2023,ATL,14,0,0,0,0,0,1,0,0,0,23,14,232,0,0,0,0,0,0,0,0.045275590551181105,0.0759493670886076,0.12107794278879697,23.200000000000003,37.2,37.2
00-0034855,Baker Mayfield,QB,2023,TB,17,566,4044,28,10,2,62,163,1,0,0,0,0,0,0,3,3,0,0,0,0.0,0.0,0.0,274.06,274.06,274.06
00-0034857,Josh Allen,QB,2023,BUF,17,579,4306,29,18,3,111,524,15,0,0,0,0,0,0,4,1,3,0,0,0.0,0.0,0.0,392.64,392.64,392.64
00-0034869,Sam Darnold,QB,2023,SF,10,46,297,2,1,0,21,15,1,0,0,0,0,0,0,1,1,0,0,0,0.0,0.0,0.0,23.380000000000003,23.380000000000003,23.380000000000003
00-0034928,Steven Sims,WR,2023,HOU,3,0,0,0,0,0,1,1,0,0,3,3,25,0,0,0,0,0,0,0,0.00530035335689046,-0.00038632412594166504,0.007680103147176524,2.6,5.6,5.6
00-0034955,Brett Rypien,QB,2023,LA,2,38,172,0,1,0,3,19,0,0,0,0,0,0,0,1,1,0,0,0,0.0,0.0,0.0,4.78,4.78,4.78
00-0034960,Jakobi Meyers,WR,2023,LV,16,3,12,1,0,0,4,24,2,0,106,71,807,8,0,0,0,0,0,0,0.19962335216572505,0.24013081055828078,0.46752659563938415,147.58,218.58,218.58
00-0034970,Irv Smith,TE,2023,CIN,10,0,0,0,0,0,0,0,0,0,26,18,115,1,0,1,0,0,1,0,0.04391891891891892,0.02707581227436823,0.08483144697043615,15.5,33.5,33.5
00-0034972,Alexander Mattison,RB,2023,MIN,16,0,0,0,0,0,180,700,0,0,44,30,192,3,0,2,0,2,0,0,0.07260726072607261,0.00486815415821501,0.11231859899985944,103.2,133.2,133.2
00-0034975,Justice Hill,RB,2023,BAL,16,0,0,0,0,0,84,387,3,0,39,28,206,1,0,1,0,0,1,0,0.0819327731092437,0.005624847150892639,0.1268365526694904,81.30000000000001,109.30000000000001,109.30000000000001
00-0034981,Foster Moreau,TE,2023,NO,13,0,0,0,0,0,0,0,0,0,25,21,193,1,0,0,0,0,0,0,0.04317789291882556,0.024322169059011165,0.08179235771954615,25.3,46.3,46.3
00-0034983,Hunter Renfrow,WR,2023,LV,14,0,0,0,0,0,0,0,0,0,37,25,255,0,0,1,0,0,1,0,0.0696798493408663,0.04835318850735809,0.1383670059664501,23.5,48.5,48.5
00-0035045,D.J. Montgomery,WR,2023,IND,2,0,0,0,0,0,0,0,0,0,8,3,56,1,0,0,0,0,0,0,0.014652014652014652,0.022796709753231493,0.03793571880528402,11.600000000000001,14.600000000000001,14.600000000000001
00-0035100,Jake Browning,QB,2023,CIN,9,243,1936,12,7,1,27,127,3,0,1,1,-7,0,0,0,0,0,0,0,0.0016891891891891893,-0.0018050541516245488,0.0012702458776465999,143.44,144.44,144.44
00-0035120,Keelan Doss,WR,2023,LAC,2,0,0,0,0,0,0,0,0,0,13,6,33,0,0,0,0,0,0,0,0.021172638436482084,0.020494401014155925,0.04610503836463227,3.3000000000000003,9.3,9.3
00-0035140,Mecole Hardman,WR,2023,KC,7,0,0,0,0,0,1,3,0,0,24,15,124,0,0,1,0,0,0,0,0.04262877442273535,0.03425,0.08791816163410301,12.700000000000001,27.700000000000003,27.700000000000003
00-0035164,Cody Thompson,WR,2023,SEA,2,0,0,0,0,0,0,0,0,0,1,1,10,0,0,0,0,0,0,0,0.0018281535648994515,0.001455957291919437,0.003761400451692783,1.0,2.0,2.0
00-0035184,Devine Ozigbo,RB,2023,DET,1,0,0,0,0,0,3,5,0,0,1,1,8,0,0,0,0,0,0,0,0.0017421602787456446,0.0007342143906020558,0.003127190491539906,1.3,2.3,2.3
00-0035208,Olamide Zaccheaus,WR,2023,PHI,11,0,0,0,0,0,0,0,0,0,20,10,164,2,0,0,0,0,0,0,0.0380952380952381,0.04273327828241123,0.087056151940545,28.400000000000002,38.400000000000006,38.400000000000006
00-0035215,Deonte Harty,WR,2023,BUF,16,0,0,0,0,0,4,0,0,0,21,15,150,1,0,1,0,0,0,1,0.03853211009174312,0.045201115093588214,0.08943894570312644,27.0,42.0,42.0
00-0035216,Diontae Johnson,WR,2023,PIT,13,0,0,0,0,0,0,0,0,0,87,51,717,5,0,0,0,0,0,0,0.1797520661157025,0.29220607661822984,0.47417235280631465,101.7,152.7,152.7
00-0035228,Kyler Murray,QB,2023,ARI,8,268,1799,10,5,1,44,244,3,0,0,0,0,0,0,0,0,0,0,0,0.0,0.0,0.0,146.36,146.36,146.36
00-0035229,T.J. Hockenson,TE,2023,MIN,15,0,0,0,0,0,0,0,0,0,127,95,960,5,0,1,0,0,1,0,0.20957095709570958,0.19797160243407708,0.45293655734741833,124.0,219.0,219.0
00-0035243,Miles Sanders,RB,2023,CAR,16,0,0,0,0,0,129,432,1,0,41,27,154,0,0,2,0,2,0,0,0.07677902621722846,0.005131637661758144,0.11876068568907339,60.599999999999994,87.6,87.60000000000001
00-0035249,Josh Oliver,TE,2023,MIN,13,0,0,0,0,0,0,0,0,0,28,22,213,2,0,1,0,0,1,0,0.0462046204620462,0.01460446247464503,0.07953005442532082,31.299999999999997,53.3,53.3
00-0035250,Devin Singletary,RB,2023,HOU,17,1,6,1,0,0,216,898,4,0,38,30,193,0,0,0,0,0,0,0,0.06713780918727916,0.0009658103148541626,0.10138278100131665,137.34,167.34,167.34
00-0035259,Trevon Wesco,TE,2023,TEN,6,0,0,0,0,0,0,0,0,0,3,1,21,0,0,0,0,0,0,0,0.006276150627615063,0.0028452615451958854,0.011405909023059714,2.1,3.1,3.1
00-0035261,Tony Pollard,RB,2023,DAL,17,0,0,0,0,0,252,1005,6,1,67,55,311,0,0,1,0,1,0,0,0.11074380165289256,0.005632040050062578,0.17005813051438265,167.6,222.6,222.6
00-0035264,Jarrett Stidham,QB,2023,DEN,2,66,496,2,1,0,9,8,0,0,0,0,0,0,0,0,0,0,0,0,0.0,0.0,0.0,26.64,26.64,26.64
00-0035282,Easton Stick,QB,2023,LAC,5,174,1129,3,1,0,27,144,1,0,0,0,0,0,0,4,4,0,0,0,0.0,0.0,0.0,67.56,67.56,67.56
00-0035289,Gardner Minshew,QB,2023,IND,16,490,3305,15,9,2,34,100,3,0,0,0,0,0,0,5,5,0,0,0,0.0,0.0,0.0,196.2,196.2,196.2
00-0035291,Trayveon Williams,RB,2023,CIN,16,0,0,0,0,0,15,69,0,0,9,7,10,0,0,0,0,0,0,0,0.015202702702702704,-0.007220216606498195,0.01774990242950532,7.9,14.9,14.9
00-0035298,Scott Miller,WR,2023,ATL,11,0,0,0,0,0,0,0,0,0,16,11,161,2,0,0,0,0,0,0,0.031496062992125984,0.04487917146144994,0.07865951451120393,28.1,39.1,39.1
00-0035329,Donald Parham,TE,2023,LAC,14,0,0,0,0,0,0,0,0,0,41,27,285,4,0,0,0,0,0,0,0.06677524429967427,0.06465244031269808,0.14541957466840005,52.5,79.5,79.5
00-0035341,Trenton Irwin,WR,2023,CIN,12,0,0,0,0,0,0,0,0,0,32,25,316,1,0,0,0,0,0,0,0.05405405405405406,0.08690046415678185,0.14191140599082838,37.6,62.6,62.6
00-0035399,Stanley Morgan,WR,2023,CIN,1,0,0,0,0,0,0,0,0,0,0,0,0,0,0,0,0,0,0,0,0.0,0.0,0.0,0.0,0.0,0.0
00-0035406,Lil'Jordan Humphrey,WR,2023,DEN,11,0,0,0,0,0,0,0,0,0,19,13,162,3,0,0,0,0,0,0,0.039832285115303984,0.049547149706979224,0.09443143246784143,34.2,47.2,47.2
00-0035414,Jalen Guyton,WR,2023,LAC,7,0,0,0,0,0,0,0,0,0,21,10,89,1,0,0,0,0,0,0,0.03420195439739414,0.04605958166068033,0.08354463875856744,14.9,24.9,24.9
00-0035480,Malik Taylor,WR,2023,NYJ,2,0,0,0,0,0,0,0,0,0,4,2,13,0,0,0,0,0,0,0,0.007104795737122558,0.02225,0.026232193605683837,1.3,3.3,3.3
00-0035500,Greg Dortch,WR,2023,ARI,16,0,0,0,0,0,1,5,0,0,41,24,280,2,0,0,0,0,0,0,0.07592592592592592,0.09149546106067845,0.1779357116313638,40.5,64.5,64.5
00-0035527,Andy Isabella,WR,2023,BUF,1,0,0,0,0,0,0,0,0,0,0,0,0,0,0,0,0,0,0,0,0.0,0.0,0.0,0.0,0.0,0.0
00-0035535,Darius Slayton,WR,2023,NYG,17,0,0,0,0,0,0,0,0,0,79,50,770,4,0,0,0,0,0,0,0.16288659793814433,0.2554146856840993,0.42312017688608605,101.0,151.0,151.0
00-0035537,Ty Johnson,RB,2023,BUF,9,0,0,0,0,0,30,132,0,0,7,7,62,1,0,0,0,0,0,0,0.012844036697247707,0.00039824771007566706,0.019544828442924527,25.400000000000002,32.400000000000006,32.400000000000006
00-0035562,Jesper Horsted,TE,2023,LV,5,0,0,0,0,0,0,0,0,0,1,1,4,0,0,0,0,0,0,0,0.0018832391713747645,0.000467180565288484,0.0031518851527640858,0.4,1.4,1.4
00-0035567,Craig Reynolds,RB,2023,DET,12,0,0,0,0,0,41,179,1,0,5,5,47,0,0,2,0,1,0,0,0.008710801393728223,-0.002936857562408223,0.011010401796906578,26.6,31.6,31.6
00-0035572,Parker Hesse,TE,2023,ATL,1,0,0,0,0,0,0,0,0,0,0,0,0,0,0,0,0,0,0,0,0.0,0.0,0.0,0.0,0.0,0.0
00-0035593,Juwann Winfree,WR,2023,IND,1,0,0,0,0,0,0,0,0,0,1,0,0,0,0,0,0,0,0,0,0.0018315018315018315,0.006110458284371328,0.007024573546312676,0.0,0.0,0.0
00-0035594,Travis Homer,RB,2023,CHI,7,0,0,0,0,0,0,0,0,0,1,0,0,0,0,0,0,0,0,0,0.0020964360587002098,-0.0013245033112582781,0.00221750177016952,0.0,0.0,0.0
00-0035628,D'Ernest Johnson,RB,2023,JAX,16,0,0,0,0,0,41,108,0,0,12,10,140,0,0,0,0,0,0,0,0.019769357495881382,0.002007628990162618,0.03105937653693591,24.8,34.8,34.8
00-0035631,Drew Sample,TE,2023,CIN,14,0,0,0,0,0,0,0,0,0,27,22,163,2,0,0,0,0,0,0,0.04560810810810811,0.007478081485301702,0.07364681920187335,28.3,50.3,50.3
00-0035639,Parris Campbell,WR,2023,NYG,10,0,0,0,0,0,0,0,0,0,27,20,104,0,0,0,0,0,0,0,0.05567010309278351,0.02403592181722134,0.1003302999112302,10.4,30.4,30.4
00-0035640,DK Metcalf,WR,2023,SEA,16,0,0,0,0,0,0,0,0,0,119,66,1114,8,0,0,0,0,0,0,0.21755027422303475,0.3710264498908032,0.5860439262581143,159.4,225.4,225.4
00-0035644,Noah Fant,TE,2023,SEA,15,0,0,0,0,0,0,0,0,0,43,32,414,0,0,0,0,0,0,0,0.07861060329067641,0.07231254549866538,0.16853468678508038,41.400000000000006,73.4,73.4
00-0035645,Gunner Olszewski,WR,2023,NYG,12,0,0,0,0,0,0,0,0,0,1,1,0,0,0,2,0,0,1,1,0.002066115702479339,-0.0002642007926023778,0.002914232998897344,4.0,5.0,5.0
00-0035657,Damien Harris,RB,2023,BUF,6,0,0,0,0,0,23,94,1,0,2,2,16,0,0,0,0,0,0,0,0.003669724770642202,0.0,0.005504587155963303,17.0,19.0,19.0
00-0035659,Terry McLaurin,WR,2023,WAS,17,0,0,0,0,0,0,0,0,0,132,79,1002,4,0,0,0,0,0,0,0.21963394342762063,0.31760016782043216,0.5517710326157335,124.2,203.2,203.2
00-0035662,Marquise Brown,WR,2023,ARI,13,0,0,0,0,0,2,23,0,0,101,51,574,4,0,0,0,0,0,0,0.18703703703703703,0.28332537028189203,0.47888331475287993,83.7,134.7,134.7
00-0035664,Darrell Henderson,RB,2023,LA,4,0,0,0,0,0,46,112,2,0,14,10,103,0,0,0,0,0,0,0,0.025225225225225224,-0.0019968937208786333,0.036440012233222796,33.5,43.5,43.5
00-0035676,A.J. Brown,WR,2023,PHI,17,0,0,0,0,0,0,0,0,0,158,106,1456,7,0,2,0,0,2,0,0.30095238095238097,0.3825350949628406,0.7192031379025599,183.6,289.6,289.6
00-0035685,David Montgomery,RB,2023,DET,14,0,0,0,0,0,219,1015,13,1,24,16,117,0,0,1,0,1,0,0,0.041811846689895474,-0.00465002447381302,0.059462752903174106,191.2,207.2,207.2
00-0035689,Dawson Knox,TE,2023,BUF,10,0,0,0,0,0,0,0,0,0,36,22,186,2,1,0,0,0,0,0,0.06605504587155964,0.050378335324571887,0.13434740353453978,32.6,54.6,54.6
00-0035700,Josh Jacobs,RB,2023,LV,13,0,0,0,0,0,233,805,6,0,54,37,296,0,0,1,0,1,0,0,0.1016949152542373,0.008876430740481197,0.15875587439969277,144.10000000000002,181.10000000000002,181.1
00-0035703,Miles Boykin,WR,2023,PIT,8,0,0,0,0,0,0,0,0,0,4,3,17,0,0,0,0,0,0,0,0.008264462809917356,0.005019815059445178,0.01591056475648766,1.7000000000000002,4.7,4.7
00-0035704,Drew Lock,QB,2023,SEA,4,76,543,3,3,0,5,14,0,0,0,0,0,0,0,0,0,0,0,0,0.0,0.0,0.0,29.119999999999997,29.119999999999997,29.119999999999997
00-0035710,Daniel Jones,QB,2023,NYG,6,160,909,2,6,0,40,206,1,0,0,0,0,0,0,1,1,0,0,0,0.0,0.0,0.0,56.96,56.96,56.96
00-0035715,Derrick Gore,RB,2023,WAS,3,0,0,0,0,0,3,26,0,0,0,0,0,0,0,0,0,0,0,0,0.0,0.0,0.0,2.6,2.6,2.6
00-0035719,Deebo Samuel Sr.,WR,2023,SF,15,1,0,0,0,0,37,225,5,0,89,60,892,7,0,0,0,0,0,0,0.18895966029723993,0.14584370333499252,0.38553008278035467,183.7,243.7,243.7
00-0035726,Jakob Johnson,RB,2023,LV,8,0,0,0,0,0,0,0,0,0,2,1,12,0,0,0,0,0,0,0,0.003766478342749529,0.001401541695865452,0.00663079670123011,1.2000000000000002,2.2,2.2
00-0035771,Mitchell Wilcox,TE,2023,CIN,12,0,0,0,0,0,0,0,0,0,12,9,56,0,0,0,0,0,0,0,0.02027027027027027,0.0030943785456420837,0.03257147038735487,5.6000000000000005,14.600000000000001,14.600000000000001
00-0035806,JaMycal Hasty,RB,2023,JAX,1,0,0,0,0,0,0,0,0,0,2,0,0,0,0,0,0,0,0,0,0.0032948929159802307,0.004818309576390283,0.008315156077443545,0.0,0.0,0.0
00-0035831,James Robinson,RB,2023,GB,1,0,0,0,0,0,1,2,0,0,1,1,-2,0,0,0,0,0,0,0,0.0017825311942959,-0.0006072874493927126,0.0022486955768689513,0.0,1.0,1.0
00-0035860,Tony Jones,RB,2023,ARI,6,0,0,0,0,0,26,95,2,0,10,7,37,0,0,0,0,0,0,0,0.017271157167530225,-0.0035885167464114833,0.0233947740288073,25.200000000000003,32.2,32.2
00-0035876,Andre Baccellia,WR,2023,ARI,1,0,0,0,0,0,0,0,0,0,0,0,0,0,0,0,0,0,0,0,0.0,0.0,0.0,0.0,0.0,0.0
00-0035924,Jonathan Ward,RB,2023,TEN,2,0,0,0,0,0,3,11,0,0,0,0,0,0,0,0,0,0,0,0,0.0,0.0,0.0,1.1,1.1,1.1
00-0035934,Trishton Jackson,WR,2023,MIN,2,0,0,0,0,0,0,0,0,0,4,2,9,0,1,0,0,0,0,0,0.006600660066006601,0.0032454361054766734,0.012172795372843572,2.9,4.9,4.9
00-0035956,Giovanni Ricci,TE,2023,CAR,2,0,0,0,0,0,0,0,0,0,1,1,2,0,0,0,0,0,0,0,0.0018726591760299626,-0.00022311468094600624,0.002652808487382739,0.2,1.2,1.2
00-0035973,Patrick Taylor,RB,2023,GB,11,0,0,0,0,0,32,141,0,0,17,11,49,0,0,0,0,0,0,0,0.030303030303030304,-0.0016194331983805667,0.04432094221567906,19.0,30.0,30.0
00-0035976,Dan Chisena,WR,2023,ARI,1,0,0,0,0,0,0,0,0,0,0,0,0,0,0,0,0,0,0,0,0.0,0.0,0.0,0.0,0.0,0.0
00-0035993,Tyler Huntley,QB,2023,BAL,5,37,203,3,0,0,15,55,0,0,0,0,0,0,0,0,0,0,0,0,0.0,0.0,0.0,25.62,25.62,25.62
00-0036020,Salvon Ahmed,RB,2023,MIA,7,0,0,0,0,0,22,61,1,0,23,16,88,1,0,0,0,0,0,0,0.04189435336976321,0.003251277287505806,0.06511742415589887,26.9,42.9,42.900000000000006
00-0036032,Sean McKeon,TE,2023,DAL,8,0,0,0,0,0,0,0,0,0,2,0,0,0,0,0,0,0,0,0,0.003305785123966942,0.0027117229870671673,0.0068568837768974294,0.0,0.0,0.0
00-0036040,Juwan Johnson,TE,2023,NO,13,0,0,0,0,0,0,0,0,0,59,37,368,4,0,0,0,0,0,0,0.10189982728842832,0.08851674641148326,0.21481146342068075,60.800000000000004,97.80000000000001,97.80000000000001
00-0036133,James Proche,WR,2023,CLE,10,0,0,0,0,0,0,0,0,0,5,0,0,0,0,1,0,0,0,0,0.008375209380234505,0.01622947725986035,0.023923448152254,0.0,0.0,0.0
00-0036139,Rico Dowdle,RB,2023,DAL,16,0,0,0,0,0,89,361,2,0,22,17,144,2,0,0,0,0,0,0,0.03636363636363636,-0.00229453483521068,0.05293928016080707,74.5,91.5,91.5
00-0036145,Lawrence Cager,TE,2023,NYG,5,0,0,0,0,0,0,0,0,0,5,4,36,1,0,0,0,0,0,0,0.010309278350515464,0.005546751188589541,0.019346643357785874,9.6,13.6,13.6
00-0036158,J.K. Dobbins,RB,2023,BAL,1,0,0,0,0,0,8,22,1,0,3,2,15,0,0,0,0,0,0,0,0.0063025210084033615,0.0007336757153338225,0.009967354513338718,9.7,11.7,11.7
00-0036165,Isaiah Hodgins,WR,2023,NYG,14,0,0,0,0,0,0,0,0,0,33,21,230,3,0,1,0,0,1,0,0.06804123711340206,0.0710512414157422,0.15179772466112262,39.0,60.0,60.0
00-0036176,Mason Kinsey,WR,2023,TEN,6,0,0,0,0,0,0,0,0,0,1,1,6,0,0,0,0,0,0,0,0.0020920502092050207,-0.0004377325454147516,0.002831662532017205,0.6000000000000001,1.6,1.6
00-0036182,Nick Westbrook-Ikhine,WR,2023,TEN,13,0,0,0,0,0,0,0,0,0,45,28,370,3,1,0,0,0,0,0,0.09414225941422594,0.12081418253447143,0.2257833168954689,57.0,85.0,85.0
00-0036187,Reggie Gilliam,RB,2023,BUF,5,0,0,0,0,0,0,0,0,0,1,1,3,0,0,0,0,0,0,0,0.001834862385321101,0.00019912385503783353,0.002891680276508135,0.30000000000000004,1.3,1.3
00-0036196,Gabe Davis,WR,2023,BUF,16,0,0,0,0,0,1,-2,0,0,81,45,746,7,1,1,0,0,1,0,0.14862385321100918,0.2435284747112704,0.393405712114403,116.4,161.4,161.4
00-0036212,Tua Tagovailoa,QB,2023,MIA,17,560,4624,29,14,0,35,74,0,0,0,0,0,0,0,5,1,4,0,0,0.0,0.0,0.0,270.36,270.36,270.36
00-0036223,Jonathan Taylor,RB,2023,IND,10,0,0,0,0,0,169,741,7,0,23,19,153,1,0,0,0,0,0,0,0.04212454212454213,-0.004935370152761457,0.059732054079880165,137.4,156.4,156.4
00-0036232,Harrison Bryant,TE,2023,CLE,14,0,0,0,0,0,5,8,0,0,20,13,81,3,0,1,0,1,0,0,0.03350083752093802,0.015285903000566144,0.060951388381803334,24.9,37.9,37.9
00-0036233,Donovan Peoples-Jones,WR,2023,DET,14,0,0,0,0,0,0,0,0,0,25,13,155,0,0,0,0,0,0,0,0.04187604690117253,0.05151915455746367,0.09887747854198337,15.5,28.5,28.5
00-0036244,Colby Parkinson,TE,2023,SEA,15,0,0,0,0,0,0,0,0,0,34,25,247,2,0,0,0,0,0,0,0.062157221206581355,0.05289978160640621,0.13026567893435637,36.7,61.7,61.7
00-0036251,Zack Moss,RB,2023,IND,14,0,0,0,0,0,183,794,5,0,37,27,192,2,1,0,0,0,0,0,0.06776556776556776,-0.003290246768507638,0.0993451789103963,142.60000000000002,169.60000000000002,169.60000000000002
00-0036252,Michael Pittman,WR,2023,IND,16,0,0,0,0,0,0,0,0,0,156,109,1152,4,2,1,0,0,0,0,0.2857142857142857,0.28836662749706227,0.6304280678193721,143.2,252.2,252.2
00-0036254,Collin Johnson,WR,2023,CHI,1,0,0,0,0,0,0,0,0,0,1,1,11,0,0,0,0,0,0,0,0.0020964360587002098,0.0018543046357615894,0.004442667333083427,1.1,2.1,2.1
00-0036259,Jauan Jennings,WR,2023,SF,13,0,0,0,0,0,0,0,0,0,33,19,265,1,0,0,0,0,0,0,0.07006369426751592,0.08461921353907417,0.1643289908786258,32.5,51.5,51.5
00-0036261,Brandon Aiyuk,WR,2023,SF,16,0,0,0,0,0,0,0,0,0,105,75,1342,7,0,1,0,0,1,0,0.2229299363057325,0.36510701841712295,0.5899698173505847,174.20000000000002,249.20000000000002,249.20000000000002
00-0036264,Jordan Love,QB,2023,GB,17,579,4159,32,11,2,50,247,4,0,0,0,0,0,0,3,1,2,0,0,0.0,0.0,0.0,319.06,319.06,319.06
00-0036265,AJ Dillon,RB,2023,GB,15,0,0,0,0,0,178,613,2,0,28,22,223,0,0,0,0,0,0,0,0.049910873440285206,0.00020242914979757084,0.0750080105652861,95.60000000000001,117.60000000000001,117.60000000000001
00-0036268,Laviska Shenault Jr.,WR,2023,CAR,8,0,0,0,0,0,12,55,0,0,10,10,60,0,0,0,0,0,0,0,0.018726591760299626,-0.005577867023650156,0.02418538072389433,11.5,21.5,21.5
00-0036269,La'Mical Perine,RB,2023,KC,2,0,0,0,0,0,22,77,0,0,5,3,33,0,0,0,0,0,0,0,0.008347245409015025,0.0004884004884004884,0.012862748455402879,11.0,14.0,14.0
00-0036271,Quez Watkins,WR,2023,PHI,5,0,0,0,0,0,0,0,0,0,21,15,142,1,0,0,0,0,0,0,0.04,0.05057803468208093,0.09540462427745663,20.200000000000003,35.2,35.2
00-0036275,D'Andre Swift,RB,2023,PHI,16,0,0,0,0,0,229,1049,5,0,49,39,214,1,0,1,0,0,1,0,0.09333333333333334,0.005573905862923204,0.14390173410404625,160.3,199.3,199.3
00-0036290,Cole Kmet,TE,2023,CHI,16,0,0,0,0,0,3,2,0,0,90,73,719,6,0,0,0,0,0,0,0.18867924528301888,0.14754966887417217,0.38630363613644886,108.10000000000001,181.10000000000002,181.10000000000002
00-0036297,Darrynton Evans,RB,2023,MIA,6,0,0,0,0,0,32,121,1,0,12,7,49,0,0,0,0,0,0,0,0.025157232704402517,-0.003708609271523179,0.035139822566537554,23.0,30.0,30.0
00-0036309,Darnell Mooney,WR,2023,CHI,14,0,0,0,0,0,2,5,0,0,61,31,414,1,0,0,0,0,0,0,0.1278825995807128,0.16688741721854305,0.30864509142404933,47.900000000000006,78.9,78.9
00-0036322,Justin Jefferson,WR,2023,MIN,10,1,0,0,0,0,1,-12,0,0,100,68,1074,5,0,1,0,0,1,0,0.16501650165016502,0.25517241379310346,0.42614544213041994,134.2,202.2,202.2
00-0036326,Chase Claypool,WR,2023,MIA,11,0,0,0,0,0,0,0,0,0,21,8,77,1,0,0,0,0,0,0,0.0440251572327044,0.060927152317880796,0.10868674247157316,13.7,21.7,21.7
00-0036328,Antonio Gibson,RB,2023,WAS,16,0,0,0,0,0,65,265,1,0,59,48,389,2,0,2,0,1,1,0,0.09816971713810316,-0.0004195510803440319,0.1469608899509139,79.4,127.4,127.4
00-0036331,Devin Duvernay,WR,2023,BAL,13,0,0,0,0,0,4,15,0,0,9,4,18,0,0,0,0,0,0,0,0.018907563025210083,0.019809244314013204,0.042227815557624365,3.3000000000000003,7.300000000000001,7.3
00-0036332,Josiah Deguara,TE,2023,GB,9,0,0,0,0,0,0,0,0,0,8,8,65,0,0,0,0,0,0,0,0.0142602495543672,0.005263157894736842,0.02507458485786659,6.5,14.5,14.5
00-0036336,Anthony McFarland,RB,2023,PIT,3,0,0,0,0,0,0,0,0,0,2,2,11,0,0,0,0,0,0,0,0.004132231404958678,0.0010568031704095112,0.006938109326724675,1.1,3.1,3.1
00-0036345,K.J. Osborn,WR,2023,MIN,15,0,0,0,0,0,0,0,0,0,75,48,540,3,0,0,0,0,0,0,0.12376237623762376,0.13367139959432048,0.27921354407245996,72.0,120.0,120.0
00-0036355,Justin Herbert,QB,2023,LAC,13,456,3134,20,7,1,52,228,3,0,1,1,10,0,0,1,1,0,0,0,0.0016286644951140066,-0.001478977392774139,0.0014077125677291128,233.16000000000003,234.16000000000003,234.16000000000003
00-0036358,CeeDee Lamb,WR,2023,DAL,17,0,0,0,0,0,14,113,2,0,181,135,1749,12,1,2,0,0,2,0,0.2991735537190083,0.3591989987484355,0.7001996297024172,268.20000000000005,403.20000000000005,403.20000000000005
00-0036360,Clyde Edwards-Helaire,RB,2023,KC,15,0,0,0,0,0,70,223,1,0,22,17,188,1,0,0,0,0,0,0,0.03672787979966611,-0.013186813186813187,0.04586105046872994,53.1,70.1,70.1
00-0036364,Lynn Bowden,WR,2023,NO,8,0,0,0,0,0,5,32,0,0,16,11,83,0,0,0,0,0,0,0,0.027633851468048358,0.01594896331738437,0.05261505152424159,11.5,22.5,22.5
00-0036370,Joshua Kelley,RB,2023,LAC,17,0,0,0,0,0,107,405,2,0,12,8,32,0,0,1,0,1,0,0,0.019543973941368076,0.003169237270230298,0.031534427001213325,53.7,61.7,61.7
00-0036387,Jalen Reagor,WR,2023,NE,9,0,0,0,0,0,1,17,0,0,23,7,138,0,0,0,0,0,0,1,0.04251386321626617,0.087646484375,0.12512333388689925,21.5,28.5,28.5
00-0036389,Jalen Hurts,QB,2023,PHI,17,538,3858,23,15,0,157,605,15,0,0,0,0,0,0,5,1,4,0,0,0.0,0.0,0.0,356.82,356.82,356.82
00-0036407,Jerry Jeudy,WR,2023,DEN,16,0,0,0,0,0,0,0,0,0,87,54,758,2,0,0,0,0,0,0,0.18238993710691823,0.29541822056473094,0.480377660055689,87.8,141.8,141.8
00-0036410,Tee Higgins,WR,2023,CIN,12,0,0,0,0,0,0,0,0,0,76,42,656,5,0,0,0,0,0,0,0.12837837837837837,0.2509025270758123,0.36819933652063613,95.60000000000001,137.60000000000002,137.60000000000002
00-0036414,Cam Akers,RB,2023,MIN,7,0,0,0,0,0,60,167,2,0,12,11,70,0,0,0,0,0,0,0,0.021621621621621623,-0.002884402041269137,0.030413351003544038,35.7,46.7,46.7
00-0036415,Van Jefferson,WR,2023,ATL,14,0,0,0,0,0,1,4,0,0,43,20,209,0,0,0,0,0,0,0,0.07747747747747748,0.15220767694697138,0.22276159007909618,21.3,41.3,41.3
00-0036422,Adam Trautman,TE,2023,DEN,16,0,0,0,0,0,0,0,0,0,35,22,204,3,0,0,0,0,0,0,0.07337526205450734,0.06020245071923282,0.15220460858522397,38.400000000000006,60.400000000000006,60.400000000000006
00-0036423,Albert Okwuegbunam,TE,2023,PHI,1,0,0,0,0,0,0,0,0,0,1,0,0,0,0,0,0,0,0,0,0.0019047619047619048,0.002064409578860446,0.004302229562345169,0.0,0.0,0.0
00-0036424,Brycen Hopkins,TE,2023,LA,5,0,0,0,0,0,0,0,0,0,7,5,78,0,0,0,0,0,0,0,0.012612612612612612,0.01464388728644331,0.029169640019429236,7.800000000000001,12.8,12.8
00-0036425,DeeJay Dallas,RB,2023,SEA,17,0,0,0,0,0,10,36,0,0,9,6,26,0,0,2,0,0,0,0,0.016453382084095063,-0.0036398932297985924,0.02213214786528358,6.2,12.2,12.2
00-0036427,Tyler Johnson,WR,2023,LA,1,0,0,0,0,0,0,0,0,0,3,2,8,1,0,0,0,0,0,0,0.005405405405405406,0.0035500332815620148,0.010593131405201519,6.8,8.8,8.8
00-0036429,Charlie Woerner,TE,2023,SF,10,0,0,0,0,0,0,0,0,0,3,3,32,0,0,0,0,0,0,0,0.006369426751592357,0.0029865604778496766,0.01164473246188331,3.2,6.2,6.2
00-0036438,Stephen Sullivan,TE,2023,CAR,10,0,0,0,0,0,0,0,0,0,24,12,125,0,0,0,0,0,0,0,0.0449438202247191,0.05689424364123159,0.10724170088594076,12.5,24.5,24.5
00-0036442,Joe Burrow,QB,2023,CIN,10,365,2309,15,6,0,31,88,0,0,0,0,0,0,0,1,1,0,0,0,0.0,0.0,0.0,147.16000000000003,147.16000000000003,147.16000000000003
00-0036450,Ke'Shawn Vaughn,RB,2023,TB,5,0,0,0,0,0,24,42,0,0,5,2,2,0,0,0,0,0,0,0,0.00909090909090909,-0.00041109969167523125,0.013348593852190975,4.4,6.4,6.4
00-0036482,Mike Strachan,WR,2023,CAR,2,0,0,0,0,0,0,0,0,0,3,1,45,0,0,0,0,0,0,0,0.0056179775280898875,0.016287371709058456,0.019828126488475747,4.5,5.5,5.5
00-0036493,Deon Jackson,RB,2023,NYG,2,0,0,0,0,0,14,16,0,0,6,5,14,0,0,2,0,1,1,0,0.01098901098901099,-0.001410105757931845,0.015496442452964193,-1.0,4.0,4.0
00-0036497,Tim Jones,WR,2023,JAX,10,0,0,0,0,0,0,0,0,0,18,11,83,0,0,0,0,0,0,0,0.029654036243822075,0.030515960650471793,0.06584222682106337,8.3,19.3,19.3
00-0036510,Kenny Yeboah,TE,2023,NYJ,3,0,0,0,0,0,0,0,0,0,4,2,28,0,0,0,0,0,0,0,0.007104795737122558,0.00475,0.013982193605683837,2.8000000000000003,4.800000000000001,4.800000000000001
00-0036527,DJ Turner,WR,2023,LV,7,0,0,0,0,0,0,0,0,0,0,0,0,0,0,0,0,0,0,0,0.0,0.0,0.0,0.0,0.0,0.0
00-0036550,Rashod Bateman,WR,2023,BAL,15,0,0,0,0,0,1,18,0,0,56,32,367,1,0,0,0,0,0,0,0.11764705882352941,0.19833700171191002,0.3153064894336311,44.5,76.5,76.5
00-0036554,Nico Collins,WR,2023,HOU,15,0,0,0,0,0,1,7,0,0,109,80,1297,8,1,0,0,0,0,0,0.19257950530035337,0.22909020668340738,0.4492324026289152,180.4,260.4,260.4
00-0036555,Chuba Hubbard,RB,2023,CAR,17,0,0,0,0,0,238,902,5,0,44,39,233,0,0,0,0,0,0,0,0.08239700374531835,-0.007585899152164213,0.11828537621146258,143.5,182.5,182.5
00-0036556,Brevin Jordan,TE,2023,HOU,10,0,0,0,0,0,0,0,0,0,21,17,219,2,0,0,0,0,0,0,0.037102473498233215,0.02221363724164574,0.07120325631650185,33.900000000000006,50.900000000000006,50.900000000000006
00-0036567,Elijah Mitchell,RB,2023,SF,11,0,0,0,0,0,75,281,2,0,8,6,14,0,0,0,0,0,0,0,0.016985138004246284,-0.0054753608760577405,0.02164495439312901,41.5,47.5,47.5
00-0036569,Gary Brightwell,RB,2023,NYG,4,0,0,0,0,0,9,19,0,0,7,5,47,0,0,0,0,0,0,0,0.01443298969072165,-0.001584786053882726,0.020540134298364564,6.6000000000000005,11.600000000000001,11.600000000000001
00-0036590,Quintin Morris,TE,2023,BUF,2,0,0,0,0,0,0,0,0,0,3,2,26,1,0,0,0,0,0,0,0.005504587155963303,0.006571087216248507,0.012856641785318909,8.6,10.6,10.6
00-0036613,Jaylen Waddle,WR,2023,MIA,14,0,0,0,0,0,3,12,0,0,104,72,1014,4,0,0,0,0,0,0,0.1894353369763206,0.24407803065490014,0.45500762692291097,126.60000000000001,198.60000000000002,198.60000000000002
00-0036620,Dee Eskridge,WR,2023,SEA,4,0,0,0,0,0,2,5,0,0,1,0,0,0,0,0,0,0,0,0,0.0018281535648994515,0.004125212327105072,0.005629878976322727,0.5,0.5,0.5
00-0036626,Dyami Brown,WR,2023,WAS,16,1,4,0,0,0,1,0,0,0,23,12,168,1,0,0,0,0,0,0,0.03826955074875208,0.08118313404657017,0.11423251995572724,22.96,34.96,34.96
00-0036628,John Bates,TE,2023,WAS,15,0,0,0,0,0,0,0,0,0,28,19,151,0,0,0,0,0,0,0,0.04658901830282862,0.03671071953010279,0.09558103112531488,15.100000000000001,34.1,34.1
00-0036630,Tylan Wallace,WR,2023,BAL,6,0,0,0,0,0,0,0,0,0,2,1,11,0,0,0,0,0,0,1,0.004201680672268907,0.005624847150892639,0.010239914014028208,7.1,8.1,8.1
00-0036635,Ihmir Smith-Marsette,WR,2023,CAR,17,0,0,0,0,0,8,74,1,0,10,8,51,0,0,0,0,0,0,1,0.018726591760299626,0.002008032128514056,0.029495510130409276,24.5,32.5,32.5
00-0036637,Noah Gray,TE,2023,KC,16,0,0,0,0,0,1,1,0,0,41,28,305,2,0,0,0,0,0,0,0.06844741235392321,0.06593406593406594,0.14882496468473097,42.6,70.6,70.6
00-0036646,Simi Fehoko,WR,2023,LAC,2,0,0,0,0,0,0,0,0,0,2,1,9,1,0,0,0,0,0,0,0.003257328990228013,0.0038030847242763576,0.0075481527923354705,6.9,7.9,7.9
00-0036741,Jack Stoll,TE,2023,PHI,6,0,0,0,0,0,0,0,0,0,8,5,38,0,0,0,0,0,0,0,0.015238095238095238,0.005161023947151115,0.02646985962014864,3.8000000000000003,8.8,8.8
00-0036754,Brock Wright,TE,2023,DET,9,0,0,0,0,0,0,0,0,0,14,13,91,1,0,0,0,0,0,0,0.024390243902439025,0.00978952520802741,0.04343803349927773,15.1,28.1,28.1
00-0036841,Austin Trammell,WR,2023,LA,15,0,0,0,0,0,0,0,0,0,7,4,29,0,0,1,0,0,0,0,0.012612612612612612,0.005546927002440648,0.022801767820627372,2.9000000000000004,6.9,6.9
00-0036842,Kene Nwangwu,RB,2023,MIN,8,0,0,0,0,0,5,13,0,0,0,0,0,0,0,0,0,0,0,0,0.0,0.0,0.0,1.3,1.3,1.3
00-0036849,Tutu Atwell,WR,2023,LA,14,0,0,0,0,1,5,31,0,0,67,39,483,3,1,0,0,0,0,0,0.12072072072072072,0.17017972043487908,0.30020688538549645,73.4,112.4,112.4
00-0036857,Chris Evans,RB,2023,CIN,3,0,0,0,0,0,2,12,0,0,1,1,-1,0,0,0,0,0,0,0,0.0016891891891891893,-0.00025786487880350697,0.002353278368621329,1.1,2.1,2.1
00-0036860,Jake Funk,RB,2023,IND,1,0,0,0,0,0,2,10,0,0,1,1,12,0,0,0,0,0,0,0,0.0018315018315018315,0.0,0.002747252747252747,2.2,3.2,3.2
00-0036862,Ben Skowronek,WR,2023,LA,13,0,0,0,0,0,2,9,0,0,12,8,66,1,0,0,0,0,0,0,0.021621621621621623,0.01952518304859108,0.046100060566446194,13.5,21.5,21.5
00-0036875,Rhamondre Stevenson,RB,2023,NE,12,0,0,0,0,0,156,619,4,0,51,38,238,0,0,1,0,1,0,0,0.09426987060998152,0.003173828125,0.1436264856024723,107.7,145.7,145.7
00-0036876,Kylen Granson,TE,2023,IND,15,0,0,0,0,0,1,2,0,0,50,30,368,1,0,0,0,0,0,0,0.09157509157509157,0.0944770857814336,0.20349659740964088,43.0,73.0,73.0
00-0036877,Jaelon Darden,WR,2023,CLE,1,0,0,0,0,0,0,0,0,0,0,0,0,0,0,0,0,0,0,0,0.0,0.0,0.0,0.0,0.0,0.0
00-0036887,Luke Farrell,TE,2023,JAX,10,0,0,0,0,0,0,0,0,0,15,13,155,0,0,0,0,0,0,0,0.02471169686985173,0.014254165830154587,0.047045461385885806,15.5,28.5,28.5
00-0036893,Najee Harris,RB,2023,PIT,17,0,0,0,0,0,255,1035,8,0,38,29,170,0,0,1,0,1,0,0,0.07851239669421488,0.0023778071334214002,0.11943306003471729,166.5,195.5,195.5
00-0036894,Pat Freiermuth,TE,2023,PIT,11,0,0,0,0,0,0,0,0,0,47,32,308,2,1,0,0,0,0,0,0.09710743801652892,0.0821664464993395,0.20317766957433103,44.8,76.8,76.8
00-0036898,Davis Mills,QB,2023,HOU,5,39,173,2,0,1,2,9,0,0,0,0,0,0,0,0,0,0,0,0,0.0,0.0,0.0,17.82,17.82,17.82
00-0036900,Ja'Marr Chase,WR,2023,CIN,16,1,-7,0,0,0,3,-6,0,0,145,100,1216,7,0,0,0,0,0,0,0.24493243243243243,0.32336255801959773,0.593752439262367,162.72,262.72,262.72
00-0036906,Khalil Herbert,RB,2023,CHI,12,0,0,0,0,0,132,611,2,1,31,20,134,1,0,1,0,0,1,0,0.0649895178197065,0.004503311258278146,0.10063659461035444,92.5,112.5,112.5
00-0036912,DeVonta Smith,WR,2023,PHI,16,0,0,0,0,0,0,0,0,0,112,81,1066,7,0,1,0,0,1,0,0.21333333333333335,0.2786952931461602,0.5150867052023121,146.60000000000002,227.60000000000002,227.60000000000002
00-0036913,Kadarius Toney,WR,2023,KC,13,1,0,0,0,0,11,31,0,0,38,27,169,1,0,0,0,0,0,0,0.06343906510851419,0.02735042735042735,0.11430389680807043,26.0,53.0,53.0
00-0036919,Kenny Gainwell,RB,2023,PHI,16,1,17,0,0,0,84,364,2,1,37,30,183,0,0,1,0,1,0,0,0.07047619047619047,0.014657308009909166,0.11597440132122212,67.38,97.38,97.38
00-0036924,Michael Carter,RB,2023,ARI,15,0,0,0,0,0,30,187,0,0,31,24,101,1,0,0,0,0,0,0,0.055062166962699825,0.0085,0.08854325044404973,34.8,58.8,58.8
00-0036928,Kyle Trask,QB,2023,TB,2,1,0,0,0,0,1,-1,0,0,0,0,0,0,0,0,0,0,0,0,0.0,0.0,0.0,-0.1,-0.1,-0.1
00-0036936,Rondale Moore,WR,2023,ARI,17,0,0,0,0,0,28,178,1,0,62,40,352,1,0,0,0,0,0,0,0.11481481481481481,0.07692307692307693,0.22606837606837607,65.0,105.0,105.0
00-0036945,Justin Fields,QB,2023,CHI,13,370,2562,16,9,0,124,657,4,0,0,0,0,0,0,4,3,1,0,0,0.0,0.0,0.0,230.18,230.18,230.18
00-0036955,Terrace Marshall Jr.,WR,2023,CAR,8,0,0,0,0,0,0,0,0,0,33,19,139,0,0,0,0,0,0,0,0.06179775280898876,0.05310129406514949,0.1298675350590878,13.9,32.9,32.9
00-0036959,Michael Bandy,WR,2023,DEN,1,0,0,0,0,0,0,0,0,0,0,0,0,0,0,0,0,0,0,0,0.0,0.0,0.0,0.0,0.0,0.0
00-0036963,Amon-Ra St. Brown,WR,2023,DET,16,0,0,0,0,0,4,24,0,0,164,119,1515,10,0,1,0,0,1,0,0.2857142857142857,0.311062163485071,0.6463149430109782,211.9,330.9,330.9
00-0036970,Kyle Pitts,TE,2023,ATL,17,0,0,0,0,0,1,-4,0,0,90,53,667,3,0,0,0,0,0,0,0.17716535433070865,0.23682393555811276,0.43152478638674185,84.3,137.3,137.3
00-0036971,Trevor Lawrence,QB,2023,JAX,16,564,4016,21,14,1,70,339,4,0,0,0,0,0,0,7,5,2,0,0,0.0,0.0,0.0,262.54,262.54,262.54
00-0036972,Mac Jones,QB,2023,NE,11,345,2120,10,12,0,26,96,0,0,0,0,0,0,0,2,1,1,0,0,0.0,0.0,0.0,106.4,106.4,106.4
00-0036973,Travis Etienne,RB,2023,JAX,17,0,0,0,0,0,267,1008,11,2,73,58,476,1,0,0,0,0,0,0,0.12026359143327842,-0.01345111423408954,0.17097960718605495,224.4,282.4,282.4
00-0036980,Elijah Moore,WR,2023,CLE,16,0,0,0,0,0,9,11,0,0,104,59,640,2,0,2,0,1,1,0,0.17420435510887772,0.21796565389696168,0.41388249039118974,73.10000000000001,132.10000000000002,132.1
00-0036984,Trey Sermon,RB,2023,IND,8,0,0,0,0,0,35,160,0,0,6,3,13,0,0,0,0,0,0,0,0.01098901098901099,0.0025851938895417154,0.018293152206195686,17.3,20.3,20.3
00-0036988,Josh Palmer,WR,2023,LAC,10,0,0,0,0,0,1,6,0,0,61,38,581,2,0,1,0,0,1,0,0.0993485342019544,0.14641876188463976,0.2515159346221794,68.7,106.7,106.7
00-0036991,Amari Rodgers,WR,2023,IND,1,0,0,0,0,0,0,0,0,0,2,0,0,0,0,0,0,0,0,0,0.003663003663003663,0.007050528789659225,0.01042987564726695,0.0,0.0,0.0
00-0036997,Javonte Williams,RB,2023,DEN,16,0,0,0,0,0,217,774,3,1,58,47,228,2,1,1,0,0,1,0,0.12159329140461216,-0.02637187000532765,0.16392962810318887,132.2,179.2,179.2
00-0037004,Hunter Long,TE,2023,LA,1,0,0,0,0,0,0,0,0,0,0,0,0,0,0,0,0,0,0,0,0.0,0.0,0.0,0.0,0.0,0.0
00-0037005,Tommy Tremble,TE,2023,CAR,15,0,0,0,0,0,0,0,0,0,32,23,194,3,0,0,0,0,0,0,0.0599250936329588,0.04551539491298527,0.12174841688852789,37.400000000000006,60.400000000000006,60.400000000000006
00-0037011,Tre' McKitty,TE,2023,LAC,1,0,0,0,0,0,0,0,0,0,0,0,0,0,0,0,0,0,0,0,0.0,0.0,0.0,0.0,0.0,0.0
00-0037013,Zach Wilson,QB,2023,NYJ,12,368,2271,8,7,1,36,211,0,1,0,0,0,0,0,7,4,3,0,0,0.0,0.0,0.0,119.94,119.94,119.94
00-0037039,Devon Allen,WR,2023,PHI,1,0,0,0,0,0,0,0,0,0,0,0,0,0,0,0,0,0,0,0,0.0,0.0,0.0,0.0,0.0,0.0
00-0037077,Sam Howell,QB,2023,WAS,17,612,3946,21,21,1,48,263,5,1,1,1,4,0,0,2,1,1,0,0,0.0016638935108153079,0.00020977554017201594,0.002642683144343373,256.54,257.54,257.53999999999996
00-0037078,Cole Turner,TE,2023,WAS,8,0,0,0,0,0,0,0,0,0,15,11,120,0,0,0,0,0,0,0,0.024958402662229616,0.021397105097545627,0.05241557756162636,12.0,23.0,23.0
00-0037086,Grant Calcaterra,TE,2023,PHI,3,0,0,0,0,0,0,0,0,0,4,4,39,0,0,0,0,0,0,0,0.007619047619047619,0.001445086705202312,0.012440132122213047,3.9000000000000004,7.9,7.9
00-0037093,Dareke Young,WR,2023,SEA,1,0,0,0,0,0,0,0,0,0,0,0,0,0,0,0,0,0,0,0,0.0,0.0,0.0,0.0,0.0,0.0
00-0037098,Samori Toure,WR,2023,GB,8,0,0,0,0,0,0,0,0,0,18,8,78,0,1,1,0,0,0,0,0.03208556149732621,0.06396761133603239,0.09290567018121199,9.8,17.8,17.8
00-0037120,Tyler Goodson,RB,2023,IND,6,0,0,0,0,0,13,87,0,0,9,6,34,0,0,0,0,0,0,0,0.016483516483516484,-0.0009400705052878966,0.0240672253715732,12.100000000000001,18.1,18.1
00-0037132,Britain Covey,WR,2023,PHI,15,0,0,0,0,0,0,0,0,0,6,4,42,0,0,0,0,0,0,0,0.011428571428571429,0.010734929810074319,0.024657308009909167,4.2,8.2,8.2
00-0037156,Irvin Charles,WR,2023,NYJ,6,0,0,0,0,0,0,0,0,0,1,0,0,0,0,0,0,0,0,0,0.0017761989342806395,0.001,0.0033642984014209593,0.0,0.0,0.0
00-0037157,Bam Knight,RB,2023,DET,2,0,0,0,0,0,3,13,0,0,1,1,8,0,0,0,0,0,0,0,0.0017421602787456446,-0.0012236906510034262,0.0017566569624160688,2.1,3.1,3.1
00-0037197,Isiah Pacheco,RB,2023,KC,14,0,0,0,0,0,205,935,7,0,49,44,244,2,0,1,0,1,0,0,0.08180300500834725,-0.027594627594627594,0.10338826819628157,169.9,213.9,213.9
00-0037216,Justyn Ross,WR,2023,KC,6,0,0,0,0,0,0,0,0,0,11,6,53,0,0,0,0,0,0,0,0.018363939899833055,0.02857142857142857,0.04754590984974958,5.300000000000001,11.3,11.3
00-0037228,Jaylen Warren,RB,2023,PIT,17,0,0,0,0,0,149,784,4,0,74,61,370,0,0,2,0,1,1,0,0.15289256198347106,-0.03038309114927345,0.20807067917071517,135.4,196.4,196.4
00-0037238,Drake London,WR,2023,ATL,16,1,22,0,0,0,0,0,0,0,110,69,905,2,1,0,0,0,0,0,0.21653543307086615,0.2909090909090909,0.5284395132426628,105.38,174.38,174.38
00-0037239,Chris Olave,WR,2023,NO,16,0,0,0,0,0,0,0,0,0,138,87,1123,5,1,0,0,0,0,0,0.23834196891191708,0.3656299840510367,0.6134539422036014,144.3,231.3,231.3
00-0037240,Jameson Williams,WR,2023,DET,12,0,0,0,0,0,3,29,1,0,42,24,354,2,0,0,0,0,0,0,0.07317073170731707,0.1627508565834557,0.22368169716939457,56.300000000000004,80.30000000000001,80.3
00-0037247,George Pickens,WR,2023,PIT,17,0,0,0,0,0,3,18,0,0,106,63,1140,5,0,0,0,0,0,0,0.2190082644628099,0.37727873183619554,0.5926075089795517,145.8,208.8,208.8
00-0037248,James Cook,RB,2023,BUF,17,0,0,0,0,0,237,1122,2,0,54,44,445,4,0,2,0,1,1,0,0.09908256880733946,0.027279968140183193,0.16771983090913742,188.70000000000002,232.70000000000002,232.7
00-0037252,Greg Dulcich,TE,2023,DEN,2,0,0,0,0,0,0,0,0,0,4,3,25,0,0,0,0,0,0,0,0.008385744234800839,0.006126798082045818,0.016867375009633333,2.5,5.5,5.5
00-0037256,Rachaad White,RB,2023,TB,17,0,0,0,0,0,272,990,6,0,70,64,549,3,0,2,0,1,1,0,0.12727272727272726,-0.0067831449126413155,0.18616088947024198,203.9,267.9,267.9
00-0037257,David Bell,WR,2023,CLE,9,0,0,0,0,0,0,0,0,0,23,14,167,3,0,0,0,0,0,0,0.038525963149078725,0.02679750896395546,0.07654720099838691,34.7,48.7,48.7
00-0037258,Dameon Pierce,RB,2023,HOU,14,0,0,0,0,0,145,416,2,0,17,13,101,0,0,0,0,0,0,1,0.030035335689045935,0.0027042688815916553,0.046945991750683064,69.7,82.7,82.7
00-0037261,Khalil Shakir,WR,2023,BUF,16,0,0,0,0,0,1,10,0,0,45,39,611,2,0,0,0,0,0,0,0.08256880733944955,0.08004778972520908,0.17988666381682067,74.1,113.1,113.1
00-0037263,Tyler Allgeier,RB,2023,ATL,17,0,0,0,0,0,186,683,4,0,23,18,193,1,1,0,0,0,0,0,0.045275590551181105,-0.005293440736478711,0.06420797731123656,119.60000000000001,137.60000000000002,137.6
00-0037267,Jerome Ford,RB,2023,CLE,17,0,0,0,0,0,204,813,4,1,63,44,319,5,0,1,0,1,0,0,0.10552763819095477,0.005661445555765239,0.16225446917546782,167.2,211.2,211.20000000000002
00-0037272,Montrell Washington,WR,2023,KC,4,0,0,0,0,0,0,0,0,0,0,0,0,0,0,0,0,0,0,0,0.0,0.0,0.0,0.0,0.0,0.0
00-0037273,Kyle Philips,WR,2023,TEN,8,0,0,0,0,0,0,0,0,0,22,15,181,0,0,1,0,0,0,0,0.04602510460251046,0.043116655723353034,0.0992193159101128,18.1,33.1,33.1
00-0037276,Ty Chandler,RB,2023,MIN,16,0,0,0,0,0,102,461,3,0,25,21,159,0,0,0,0,0,0,0,0.041254125412541254,-0.009533468559837728,0.05520776012692547,80.0,101.0,101.0
00-0037277,Teagan Quitoriano,TE,2023,HOU,3,0,0,0,0,0,0,0,0,0,3,2,33,0,0,0,0,0,0,0,0.00530035335689046,0.002897430944562488,0.009978731696529432,3.3000000000000003,5.300000000000001,5.300000000000001
00-0037282,James Mitchell,TE,2023,DET,2,0,0,0,0,0,0,0,0,0,2,2,28,0,0,0,0,0,0,0,0.003484320557491289,0.003915810083210965,0.00796754789448461,2.8000000000000003,4.800000000000001,4.800000000000001
00-0037286,Kevin Harris,RB,2023,NE,4,0,0,0,0,0,16,65,1,0,3,3,58,0,0,0,0,0,0,0,0.005545286506469501,-0.000244140625,0.00814703132220425,18.3,21.3,21.3
00-0037291,Jalen Nailor,WR,2023,MIN,3,0,0,0,0,0,0,0,0,0,6,3,29,0,0,0,0,0,0,0,0.009900990099009901,0.010953346855983773,0.02251882794770349,2.9000000000000004,5.9,5.9
00-0037292,Andrew Ogletree,TE,2023,IND,11,0,0,0,0,0,0,0,0,0,21,9,147,2,0,0,0,0,0,0,0.038461538461538464,0.0491186839012926,0.09207538642321252,26.700000000000003,35.7,35.7
00-0037299,Keaontay Ingram,RB,2023,ARI,7,0,0,0,0,0,35,74,0,0,4,4,26,0,0,0,0,0,0,0,0.007407407407407408,-0.0011944577161968467,0.01027499070977332,10.0,14.0,14.0
00-0037306,John FitzPatrick,TE,2023,ATL,3,0,0,0,0,0,0,0,0,0,1,1,12,0,0,0,0,0,0,0,0.001968503937007874,0.00046029919447640965,0.003274965341645298,1.2000000000000002,2.2,2.2
00-0037311,Ko Kieft,TE,2023,TB,10,0,0,0,0,0,0,0,0,0,5,1,2,1,0,0,0,0,0,0,0.00909090909090909,0.012538540596094553,0.022413342053629822,6.2,7.2,7.2
00-0037317,Nick Muse,TE,2023,MIN,1,0,0,0,0,0,0,0,0,0,1,1,22,0,0,0,0,0,0,0,0.0016501650165016502,0.002434077079107505,0.0041791014801277285,2.2,3.2,3.2
00-0037382,Brandon Johnson,WR,2023,DEN,10,0,0,0,0,0,0,0,0,0,30,19,284,4,1,0,0,0,0,0,0.06289308176100629,0.08737346830047948,0.1555010504518451,54.400000000000006,73.4,73.4
00-0037410,Jashaun Corbin,RB,2023,NYG,3,0,0,0,0,0,1,1,0,0,3,3,12,0,0,0,0,0,0,0,0.006185567010309278,-0.0002641310089804543,0.009093458809177599,1.3,4.3,4.300000000000001
00-0037420,Kwamie Lassiter II,WR,2023,CIN,1,0,0,0,0,0,0,0,0,0,1,1,2,0,0,0,0,0,0,0,0.0016891891891891893,-0.00025786487880350697,0.002353278368621329,0.2,1.2,1.2
00-0037429,Raheem Blackshear,RB,2023,CAR,9,0,0,0,0,0,14,46,0,1,7,6,45,0,0,0,0,0,0,0,0.013108614232209739,0.0029004908522980814,0.02169326494492326,11.1,17.1,17.1
00-0037451,Rod Williams,TE,2023,PIT,6,0,0,0,0,0,0,0,0,0,2,0,0,0,0,0,0,0,0,0,0.004132231404958678,0.0021136063408190224,0.007677871546011333,0.0,0.0,0.0
00-0037475,Stone Smartt,TE,2023,LAC,12,0,0,0,0,0,0,0,0,0,21,11,155,1,0,0,0,0,0,0,0.03420195439739414,0.03803084724276357,0.0779245246660257,21.5,32.5,32.5
00-0037487,Deven Thompkins,WR,2023,TB,17,0,0,0,0,0,8,56,0,0,25,17,83,1,0,1,0,0,1,0,0.045454545454545456,0.033504624871531344,0.09163505559189011,17.9,34.9,34.900000000000006
00-0037506,Cole Fotheringham,TE,2023,LV,1,0,0,0,0,0,0,0,0,0,1,1,6,0,0,0,0,0,0,0,0.0018832391713747645,0.000233590282644242,0.002988371954913116,0.6000000000000001,1.6,1.6
00-0037525,Jordan Mason,RB,2023,SF,16,0,0,0,0,0,40,206,3,0,4,3,31,0,0,0,0,0,0,0,0.008492569002123142,0.0029865604778496766,0.014829445837679488,41.7,44.7,44.7
00-0037539,Lucas Krull,TE,2023,DEN,7,0,0,0,0,0,0,0,0,0,14,8,95,1,0,0,0,0,0,0,0.029350104821802937,0.035428875865743205,0.06882537033872466,15.5,23.5,23.5
00-0037545,Rashid Shaheed,WR,2023,NO,15,0,0,0,0,0,7,37,0,0,75,46,719,5,0,1,0,0,0,1,0.12953367875647667,0.21810207336523127,0.3469719694903769,111.60000000000001,157.60000000000002,157.60000000000002
00-0037557,Ronnie Rivers,RB,2023,LA,9,0,0,0,0,0,32,129,0,0,5,5,22,0,0,0,0,0,0,0,0.009009009009009009,-0.004215664521854893,0.01056254834821509,15.100000000000001,20.1,20.1
00-0037563,Malik Davis,RB,2023,DAL,1,0,0,0,0,0,0,0,0,0,0,0,0,0,0,0,0,0,0,0,0.0,0.0,0.0,0.0,0.0,0.0
00-0037569,Peyton Hendershot,TE,2023,DAL,8,0,0,0,0,0,1,0,0,0,7,4,38,0,0,0,0,0,0,0,0.011570247933884297,0.005632040050062578,0.02129779993587025,3.8000000000000003,7.800000000000001,7.800000000000001
00-0037594,Julius Chestnut,RB,2023,TEN,1,0,0,0,0,0,0,0,0,0,0,0,0,0,0,0,0,0,0,0,0.0,0.0,0.0,0.0,0.0,0.0
00-0037614,John Metchie III,WR,2023,HOU,14,0,0,0,0,0,1,4,0,0,30,16,158,0,0,0,0,0,0,0,0.053003533568904596,0.051381108750241454,0.11547207647852592,16.2,32.2,32.2
00-0037654,Tucker Fisk,TE,2023,ATL,2,0,0,0,0,0,0,0,0,0,1,1,9,0,0,0,0,0,0,0,0.001968503937007874,0.0006904487917146145,0.003436070059712041,0.9,1.9,1.9
00-0037664,Alec Pierce,WR,2023,IND,17,0,0,0,0,0,0,0,0,0,65,32,514,2,0,0,0,0,0,0,0.11904761904761904,0.22961222091656874,0.3392999832130267,63.400000000000006,95.4,95.4
00-0037666,Jalen Tolbert,WR,2023,DAL,14,0,0,0,0,0,0,0,0,0,36,22,268,2,0,1,0,0,0,0,0.05950413223140496,0.09887359198998748,0.15846771274009866,38.8,60.8,60.8
00-0037740,Garrett Wilson,WR,2023,NYJ,17,1,0,0,0,0,4,0,0,0,168,95,1042,3,0,2,0,0,2,0,0.2984014209591474,0.42675,0.7463271314387211,118.2,213.2,213.2
00-0037741,Jahan Dotson,WR,2023,WAS,17,0,0,0,0,0,0,0,0,0,83,49,518,4,0,0,0,0,0,0,0.13810316139767054,0.16110761485210826,0.31993007249298155,75.80000000000001,124.80000000000001,124.80000000000001
00-0037742,Treylon Burks,WR,2023,TEN,9,0,0,0,0,0,5,18,0,0,30,16,221,0,0,0,0,0,0,0,0.06276150627615062,0.11971985117093456,0.17794615523388013,23.900000000000002,39.900000000000006,39.900000000000006
00-0037744,Trey McBride,TE,2023,ARI,17,0,0,0,0,0,0,0,0,0,106,81,825,3,0,0,0,0,0,0,0.1962962962962963,0.1557572861920688,0.4034745447788926,100.5,181.5,181.5
00-0037745,Velus Jones Jr.,WR,2023,CHI,13,0,0,0,0,0,8,51,0,0,7,4,20,0,0,0,0,0,0,0,0.014675052410901468,0.02304635761589404,0.03814502894747803,7.1000000000000005,11.100000000000001,11.100000000000001
00-0037746,Brian Robinson,RB,2023,WAS,15,0,0,0,0,0,178,733,5,1,43,36,368,4,0,2,0,2,0,0,0.07154742096505824,-0.011537654709460877,0.09924477315096475,162.10000000000002,198.10000000000002,198.1
00-0037801,KaVontae Turpin,WR,2023,DAL,16,0,0,0,0,0,11,110,1,0,18,12,127,3,0,0,0,0,0,0,0.02975206611570248,0.03400083437630371,0.06842868323696631,47.7,59.7,59.7
00-0037805,Jeremy Ruckert,TE,2023,NYJ,10,0,0,0,0,0,0,0,0,0,22,16,151,0,0,0,0,0,0,0,0.03907637655417407,0.03475,0.08293956483126111,15.100000000000001,31.1,31.1
00-0037809,Chig Okonkwo,TE,2023,TEN,17,0,0,0,0,0,2,6,0,0,77,54,528,1,0,0,0,0,0,0,0.16108786610878661,0.1149047931713723,0.32206515438314054,59.400000000000006,113.4,113.4
00-0037816,Romeo Doubs,WR,2023,GB,17,0,0,0,0,0,0,0,0,0,96,59,674,8,0,0,0,0,0,0,0.1711229946524064,0.22793522267206479,0.4162391478490549,115.4,174.4,174.4
00-0037827,Tyrion Davis-Price,RB,2023,SF,1,0,0,0,0,0,6,21,0,0,0,0,0,0,0,0,0,0,0,0,0.0,0.0,0.0,2.1,2.1,2.1
00-0037834,Brock Purdy,QB,2023,SF,16,444,4280,31,11,0,39,144,2,0,0,0,0,0,0,2,2,0,0,0,0.0,0.0,0.0,295.6,295.6,295.6
00-0037837,Calvin Austin III,WR,2023,PIT,16,0,0,0,0,0,11,57,1,0,30,17,180,1,0,0,0,0,0,0,0.06198347107438017,0.09986789960369881,0.1628827363341594,35.7,52.7,52.7
00-0037838,Isaiah Likely,TE,2023,BAL,14,0,0,0,0,0,0,0,0,0,40,30,411,5,0,0,0,0,0,0,0.08403361344537816,0.06089508437270726,0.1686769792289623,71.1,101.1,101.1
00-0037840,Kyren Williams,RB,2023,LA,12,0,0,0,0,0,228,1144,12,1,48,32,206,3,0,2,0,1,1,0,0.08648648648648649,0.002218770800976259,0.1312828692904131,223.0,255.0,255.0
00-0038040,Zamir White,RB,2023,LV,13,0,0,0,0,0,104,451,1,0,19,15,98,0,0,1,0,1,0,0,0.035781544256120526,0.000934361130576968,0.054326369175584664,58.900000000000006,73.9,73.9
00-0038041,Jake Ferguson,TE,2023,DAL,17,0,0,0,0,0,0,0,0,0,102,71,761,5,0,0,0,0,0,0,0.16859504132231404,0.10721735502711723,0.3279447105024531,106.10000000000001,177.10000000000002,177.10000000000002
00-0038045,Isaiah Spiller,RB,2023,LAC,9,0,0,0,0,0,37,96,0,0,6,6,34,0,0,0,0,0,0,0,0.009771986970684038,-0.0010564124234100994,0.013918491759638989,13.0,19.0,19.0
00-0038046,Charlie Kolar,TE,2023,BAL,9,0,0,0,0,0,0,0,0,0,9,7,87,1,0,0,0,0,0,0,0.018907563025210083,0.02152115431645879,0.043426152559336274,14.700000000000001,21.700000000000003,21.700000000000003
00-0038090,Skyy Moore,WR,2023,KC,13,0,0,0,0,0,3,23,0,0,38,21,244,1,0,0,0,0,0,0,0.06343906510851419,0.08278388278388278,0.15310731561148921,32.7,53.7,53.7
00-0038092,Erik Ezukanma,WR,2023,MIA,2,0,0,0,0,0,5,22,0,0,1,0,0,0,0,0,0,0,0,0,0.0018214936247723133,0.0018578727357176034,0.004032751352160792,2.2,2.2,2.2
00-0038098,Pierre Strong,RB,2023,CLE,16,0,0,0,0,0,63,291,1,0,8,5,47,0,0,1,0,1,0,0,0.01340033500837521,-0.0009435742592942064,0.01944000053105687,37.800000000000004,42.800000000000004,42.800000000000004
00-0038102,Kenny Pickett,QB,2023,PIT,12,324,2070,6,4,0,42,54,1,0,0,0,0,0,0,0,0,0,0,0,0.0,0.0,0.0,110.2,110.2,110.2
00-0038104,Tyquan Thornton,WR,2023,NE,9,0,0,0,0,0,3,51,0,0,23,13,91,0,0,0,0,0,0,0,0.04251386321626617,0.05615234375,0.10307743544939926,14.200000000000001,27.200000000000003,27.2
00-0038108,Bailey Zappe,QB,2023,NE,10,212,1272,6,9,0,17,83,1,0,0,0,0,0,0,1,1,0,0,0,0.0,0.0,0.0,69.17999999999999,69.17999999999999,69.17999999999999
00-0038115,Daniel Bellinger,TE,2023,NYG,14,0,0,0,0,0,0,0,0,0,28,25,255,0,0,0,0,0,0,0,0.0577319587628866,0.03433703116745906,0.11063385996155123,25.5,50.5,50.5
00-0038117,Wan'Dale Robinson,WR,2023,NYG,15,0,0,0,0,0,9,87,1,0,78,60,525,1,0,0,0,0,0,0,0.16082474226804125,0.10829371368198626,0.31704271297945225,73.2,133.2,133.2
00-0038120,Breece Hall,RB,2023,NYJ,17,0,0,0,0,0,223,994,5,1,95,76,591,4,0,0,0,0,0,0,0.16873889875666073,-0.012,0.24470834813499112,214.5,290.5,290.5
00-0038122,Desmond Ridder,QB,2023,ATL,15,388,2836,12,12,2,53,193,5,0,1,1,-6,0,0,7,4,3,0,0,0.001968503937007874,-0.001380897583429229,0.0019861275971113507,176.14,177.14,177.14000000000001
00-0038124,Christian Watson,WR,2023,GB,9,0,0,0,0,0,4,11,0,0,53,28,422,5,0,0,0,0,0,0,0.0944741532976827,0.16538461538461538,0.2574804607157548,73.30000000000001,101.30000000000001,101.30000000000001
00-0038128,Malik Willis,QB,2023,TEN,2,5,74,0,0,0,5,21,0,0,0,0,0,0,0,1,0,1,0,0,0.0,0.0,0.0,3.0600000000000005,3.0600000000000005,3.0600000000000005
00-0038129,Cade Otton,TE,2023,TB,17,0,0,0,0,0,0,0,0,0,67,47,455,4,1,1,0,0,0,0,0.12181818181818181,0.09290853031860226,0.24776324395029428,71.5,118.5,118.5
00-0038134,Kenneth Walker III,RB,2023,SEA,15,0,0,0,0,0,219,905,8,0,37,29,259,1,0,0,0,0,0,0,0.06764168190127971,-0.019170104343605922,0.08804344981139542,170.4,199.4,199.4
00-0038389,Israel Abanikanda,RB,2023,NYJ,6,0,0,0,0,0,22,70,0,0,11,7,43,0,0,1,0,0,0,0,0.019538188277087035,0.0015,0.030357282415630554,11.3,18.3,18.3
00-0038391,Sean Clifford,QB,2023,GB,2,1,37,0,0,0,3,-2,0,0,0,0,0,0,0,0,0,0,0,0,0.0,0.0,0.0,1.28,1.28,1.28
00-0038393,Dontayvion Wicks,WR,2023,GB,15,1,14,0,0,0,1,1,0,0,58,39,581,4,0,1,0,0,1,0,0.10338680926916222,0.11963562753036437,0.23882515317499836,80.76,119.76,119.75999999999999
00-0038394,Will Mallory,TE,2023,IND,11,0,0,0,0,0,0,0,0,0,26,18,207,0,0,0,0,0,0,0,0.047619047619047616,0.047708578143360755,0.10482457612892396,20.700000000000003,38.7,38.7
00-0038396,Eric Gray,RB,2023,NYG,10,0,0,0,0,0,17,48,0,0,7,6,22,0,0,0,0,0,0,0,0.01443298969072165,-0.0021130480718436345,0.02017035088579193,7.0,13.0,13.0
00-0038397,Evan Hull,RB,2023,IND,1,0,0,0,0,0,1,1,0,0,1,1,6,0,0,0,0,0,0,0,0.0018315018315018315,0.0007050528789659225,0.003240789762528893,0.7000000000000001,1.7000000000000002,1.7000000000000002
00-0038416,Tyson Bagent,QB,2023,CHI,5,143,859,3,6,0,23,109,2,0,0,0,0,0,0,2,2,0,0,0,0.0,0.0,0.0,53.26,53.26,53.26
00-0038454,Keaton Mitchell,RB,2023,BAL,7,0,0,0,0,0,47,396,2,0,11,9,93,0,0,0,0,0,0,0,0.023109243697478993,-0.0004891171435558817,0.03432148354572937,60.900000000000006,69.9,69.9
00-0038465,Malik Heath,WR,2023,GB,12,0,0,0,0,0,0,0,0,0,24,15,125,1,0,0,0,0,0,0,0.0427807486631016,0.04251012145748988,0.0939282080148953,18.5,33.5,33.5
00-0038468,Henry Pearson,TE,2023,GB,1,0,0,0,0,0,0,0,0,0,0,0,0,0,0,0,0,0,0,0,0.0,0.0,0.0,0.0,0.0,0.0
00-0038476,Tommy DeVito,QB,2023,NYG,9,178,1101,8,3,0,36,195,1,0,0,0,0,0,0,1,0,1,0,0,0.0,0.0,0.0,93.53999999999999,93.53999999999999,93.53999999999999
00-0038488,Brady Russell,RB,2023,SEA,6,0,0,0,0,0,0,0,0,0,0,0,0,0,0,0,0,0,0,0,0.0,0.0,0.0,0.0,0.0,0.0
00-0038489,Ben VanSumeren,RB,2023,PHI,5,0,0,0,0,0,0,0,0,0,0,0,0,0,0,0,0,0,0,0,0.0,0.0,0.0,0.0,0.0,0.0
00-0038492,Jason Brownlee,WR,2023,NYJ,4,0,0,0,0,0,0,0,0,0,8,5,56,1,0,0,0,0,0,0,0.014209591474245116,0.0155,0.032164387211367676,11.600000000000001,16.6,16.6
00-0038496,Xavier Gipson,WR,2023,NYJ,17,0,0,0,0,0,8,68,1,0,38,21,229,0,0,2,0,0,0,1,0.0674955595026643,0.0895,0.16389333925399646,41.7,62.7,62.7
00-0038542,Bijan Robinson,RB,2023,ATL,17,0,0,0,0,0,214,976,4,0,86,58,487,4,0,3,0,3,0,0,0.16929133858267717,0.005523590333716916,0.25780352110761756,188.3,246.3,246.3
00-0038543,Jaxon Smith-Njigba,WR,2023,SEA,17,0,0,0,0,0,0,0,0,0,93,63,628,4,0,0,0,0,0,0,0.170018281535649,0.13807328318369327,0.35167872053205873,86.80000000000001,149.8,149.8
00-0038544,Quentin Johnston,WR,2023,LAC,17,0,0,0,0,0,3,9,0,0,67,38,431,2,0,0,0,0,0,0,0.10912052117263844,0.1819142193112191,0.29102073527681105,56.0,94.0,94.0
00-0038547,Luke Schoonmaker,TE,2023,DAL,12,0,0,0,0,0,0,0,0,0,15,8,65,2,0,0,0,0,0,0,0.024793388429752067,0.016896120150187734,0.04901736674975951,18.5,26.5,26.5
00-0038551,Kendre Miller,RB,2023,NO,7,0,0,0,0,0,41,156,1,0,11,10,117,0,0,0,0,0,0,0,0.018998272884283247,-0.001594896331738437,0.027380981894207967,33.3,43.3,43.300000000000004
00-0038555,Tank Bigsby,RB,2023,JAX,13,0,0,0,0,0,50,132,2,0,4,1,6,0,0,2,0,1,0,0,0.006589785831960461,0.0012045773940975708,0.010727882923808992,23.8,24.8,24.800000000000004
00-0038558,Darnell Washington,TE,2023,PIT,8,0,0,0,0,0,0,0,0,0,10,7,61,0,0,0,0,0,0,0,0.02066115702479339,0.002906208718626156,0.03302608164022839,6.1000000000000005,13.100000000000001,13.100000000000001
00-0038559,Michael Wilson,WR,2023,ARI,13,0,0,0,0,0,0,0,0,0,58,38,565,3,1,0,0,0,0,0,0.10740740740740741,0.17200191113234592,0.28151244890375327,76.5,114.5,114.5
00-0038563,Tre Tucker,WR,2023,LV,13,0,0,0,0,0,10,77,0,0,34,19,331,2,0,0,0,0,0,0,0.064030131826742,0.14576033637000702,0.1980774331991179,52.800000000000004,71.80000000000001,71.80000000000001
00-0038573,Derius Davis,WR,2023,LAC,17,0,0,0,0,0,14,101,0,0,17,15,66,0,0,1,0,0,0,1,0.02768729641693811,-0.008028734417916754,0.03591083053286544,22.7,37.7,37.7
00-0038576,Charlie Jones,WR,2023,CIN,11,0,0,0,0,0,2,13,0,0,9,7,64,0,0,0,0,0,0,1,0.015202702702702704,0.02037132542547705,0.03706398185188799,13.7,20.7,20.7
00-0038579,Aidan O'Connell,QB,2023,LV,11,343,2218,12,7,0,17,11,1,0,0,0,0,0,0,2,2,0,0,0,0.0,0.0,0.0,125.82,125.82,125.82
00-0038582,Clayton Tune,QB,2023,ARI,6,21,62,0,2,0,8,30,1,1,0,0,0,0,0,1,1,0,0,0,0.0,0.0,0.0,7.48,7.48,7.48
00-0038583,Dorian Thompson-Robinson,QB,2023,CLE,7,112,440,1,4,0,14,65,0,1,0,0,0,0,0,0,0,0,0,0,0.0,0.0,0.0,22.1,22.1,22.1
00-0038589,Josh Whyle,TE,2023,TEN,9,0,0,0,0,0,0,0,0,0,15,9,94,1,0,0,0,0,0,0,0.03138075313807531,0.03195447581527686,0.06943926277780677,15.4,24.4,24.4
00-0038597,Chase Brown,RB,2023,CIN,12,0,0,0,0,0,44,179,0,0,15,14,156,1,0,0,0,0,0,0,0.02533783783783784,-0.011603919546157814,0.029884013074446287,39.5,53.5,53.5
00-0038598,Jaren Hall,QB,2023,MIN,3,20,168,0,1,0,6,14,0,0,0,0,0,0,0,2,2,0,0,0,0.0,0.0,0.0,2.12,2.12,2.12
00-0038606,Parker Washington,WR,2023,JAX,8,0,0,0,0,0,0,0,0,0,21,16,132,2,0,1,0,0,1,0,0.03459637561779242,0.03111824934752058,0.07367733796995304,23.200000000000003,39.2,39.2
00-0038608,Kayshon Boutte,WR,2023,NE,3,0,0,0,0,0,0,0,0,0,7,2,19,0,0,0,0,0,0,0,0.012939001848428836,0.030517578125,0.040770807460143256,1.9000000000000001,3.9000000000000004,3.9000000000000004
00-0038611,Chris Rodriguez Jr.,RB,2023,WAS,9,0,0,0,0,0,51,247,2,0,2,2,12,0,0,1,0,1,0,0,0.0033277870216306157,-0.0014684287812041115,0.003963780385603045,35.900000000000006,37.900000000000006,37.900000000000006
00-0038612,A.T. Perry,WR,2023,NO,8,0,0,0,0,0,0,0,0,0,18,12,246,4,0,0,0,0,0,0,0.031088082901554404,0.05841307814992026,0.08752127905727577,48.6,60.6,60.6
00-0038618,Xavier Hutchinson,WR,2023,HOU,12,0,0,0,0,0,5,49,0,0,19,8,90,0,0,0,0,0,0,0,0.03356890459363958,0.04172300560169983,0.07955946081164925,13.9,21.9,21.9
00-0038619,Andrei Iosivas,WR,2023,CIN,11,0,0,0,0,0,0,0,0,0,25,15,116,4,0,0,0,0,0,0,0.04222972972972973,0.055440948942754,0.1021532588545224,35.6,50.6,50.6
00-0038621,DeMario Douglas,WR,2023,NE,14,0,0,0,0,0,8,41,0,0,79,49,561,0,0,1,0,0,1,0,0.14602587800369685,0.158203125,0.32978100450554526,58.2,107.2,107.2
00-0038622,Deuce Vaughn,RB,2023,DAL,6,0,0,0,0,0,23,40,0,0,7,7,40,0,0,0,0,0,0,0,0.011570247933884297,-0.0012515644555694619,0.016479276781927822,8.0,15.0,15.0
00-0038627,Antoine Green,WR,2023,DET,2,0,0,0,0,0,0,0,0,0,2,1,2,0,0,0,0,0,0,0,0.003484320557491289,0.0026921194322075378,0.00711096443878221,0.2,1.2,1.2
00-0038632,Colton Dowell,WR,2023,TEN,4,0,0,0,0,0,0,0,0,0,2,1,3,0,0,0,0,0,0,0,0.0041841004184100415,0.008754650908295032,0.012404406263421583,0.30000000000000004,1.3,1.3
00-0038640,Jalen Brooks,WR,2023,DAL,3,0,0,0,0,0,0,0,0,0,6,6,64,0,0,0,0,0,0,0,0.009917355371900827,0.007509386733416771,0.02013260377124298,6.4,12.4,12.4
00-0038643,Brayden Willis,TE,2023,SF,1,0,0,0,0,0,0,0,0,0,0,0,0,0,0,0,0,0,0,0,0.0,0.0,0.0,0.0,0.0,0.0
00-0038647,Ronnie Bell,WR,2023,SF,13,0,0,0,0,0,0,0,0,0,13,6,68,3,0,0,0,0,0,0,0.027600849256900213,0.039820806371329016,0.06927583834528063,24.8,30.8,30.8
00-0038656,Mohamed Ibrahim,RB,2023,DET,1,0,0,0,0,0,0,0,0,0,0,0,0,0,0,0,0,0,0,0,0.0,0.0,0.0,0.0,0.0,0.0
00-0038667,Elijah Cooks,WR,2023,JAX,4,0,0,0,0,0,0,0,0,0,4,3,38,0,0,0,0,0,0,0,0.006589785831960461,0.006625175667536639,0.014522301715216339,3.8000000000000003,6.800000000000001,6.800000000000001
00-0038678,Jordan Mims,RB,2023,NO,2,0,0,0,0,0,0,0,0,0,2,0,0,0,0,0,0,0,0,0,0.0034542314335060447,0.001993620414673046,0.006576881440530199,0.0,0.0,0.0
00-0038685,Chris Brooks,RB,2023,MIA,3,0,0,0,0,0,19,106,0,0,0,0,0,0,0,0,0,0,0,0,0.0,0.0,0.0,10.600000000000001,10.600000000000001,10.600000000000001
00-0038705,Emari Demercado,RB,2023,ARI,11,0,0,0,0,0,58,284,2,0,30,21,119,0,0,0,0,0,0,0,0.05555555555555555,0.006450071667462972,0.0878483835005574,52.300000000000004,73.30000000000001,73.30000000000001
00-0038720,Julian Hill,TE,2023,MIA,10,0,0,0,0,0,0,0,0,0,9,6,48,0,0,1,0,0,1,0,0.01639344262295082,0.006734788666976312,0.029304516001309646,2.8000000000000007,8.8,8.8
00-0038738,Hunter Luepke,RB,2023,DAL,10,0,0,0,0,0,6,19,1,0,4,3,18,0,0,0,0,0,0,0,0.006611570247933884,-0.00041718815185648727,0.009625323665601284,9.7,12.7,12.700000000000001
00-0038752,Jake Bobo,WR,2023,SEA,14,0,0,0,0,0,1,3,1,0,25,19,196,2,0,0,0,0,0,0,0.04570383912248629,0.03639893229798592,0.09403501129231957,37.900000000000006,56.900000000000006,56.900000000000006
00-0038783,Nate Adkins,TE,2023,DEN,5,0,0,0,0,0,0,0,0,0,5,4,22,0,0,0,0,0,0,0,0.010482180293501049,-0.0013319126265316996,0.014790931601679382,2.2,6.2,6.2
00-0038794,Jaleel McLaughlin,RB,2023,DEN,17,0,0,0,0,0,76,410,1,0,36,31,160,2,0,0,0,0,0,0,0.07547169811320754,-0.03729355354288759,0.08710205968979001,75.0,106.0,106.0
00-0038797,Emanuel Wilson,RB,2023,GB,5,0,0,0,0,0,14,85,0,0,5,4,23,0,0,0,0,0,0,0,0.008912655971479501,-0.0008097165991902834,0.012802182337786055,10.8,14.8,14.8
00-0038809,Ben Sims,TE,2023,GB,6,0,0,0,0,0,0,0,0,0,6,4,21,1,0,0,0,0,0,0,0.0106951871657754,0.006072874493927126,0.020293792894412088,8.1,12.1,12.1
00-0038821,Rakim Jarrett,WR,2023,TB,7,0,0,0,0,0,1,0,0,0,9,4,60,0,0,0,0,0,0,0,0.016363636363636365,0.029188078108941418,0.04497710922171354,6.0,10.0,10.0
00-0038862,Elijah Dotson,RB,2023,LAC,1,0,0,0,0,0,4,6,0,0,2,2,13,0,0,0,0,0,0,0,0.003257328990228013,-0.00021128248468201986,0.004738095746064606,1.9000000000000001,3.9000000000000004,3.9000000000000004
00-0038891,Shedrick Jackson,WR,2023,CIN,2,0,0,0,0,0,0,0,0,0,1,0,0,0,0,0,0,0,0,0,0.0016891891891891893,0.007735946364105209,0.007948946238657429,0.0,0.0,0.0
00-0038911,Malik Cunningham,WR,2023,NE,1,0,0,0,0,0,0,0,0,0,0,0,0,0,0,0,0,0,0,0,0.0,0.0,0.0,0.0,0.0,0.0
00-0038933,Dalton Kincaid,TE,2023,BUF,16,0,0,0,0,0,0,0,0,0,91,73,673,2,0,1,0,0,1,0,0.1669724770642202,0.10712863401035444,0.32544875940357837,77.3,150.3,150.3
00-0038935,Brenton Strange,TE,2023,JAX,7,0,0,0,0,0,0,0,0,0,9,5,35,1,0,0,0,0,0,0,0.014827018121911038,0.013651877133105802,0.03179684117604062,9.5,14.5,14.5
00-0038938,Jalin Hyatt,WR,2023,NYG,13,0,0,0,0,0,0,0,0,0,40,23,373,0,0,0,0,0,0,0,0.08247422680412371,0.22213417855256207,0.279205265192979,37.300000000000004,60.300000000000004,60.300000000000004
00-0038941,Tyler Scott,WR,2023,CHI,13,0,0,0,0,0,7,41,0,0,32,17,168,0,0,1,0,0,1,0,0.06708595387840671,0.09801324503311258,0.16923820234078887,18.900000000000002,35.900000000000006,35.900000000000006
00-0038951,Sean Tucker,RB,2023,TB,3,0,0,0,0,0,15,23,0,0,2,2,9,0,0,0,0,0,0,0,0.0036363636363636364,-0.0006166495375128469,0.0050228907782864625,3.2,5.2,5.2
00-0038969,Kearis Jackson,WR,2023,TEN,2,0,0,0,0,0,0,0,0,0,0,0,0,0,0,0,0,0,0,0,0.0,0.0,0.0,0.0,0.0,0.0
00-0038976,Marvin Mims Jr.,WR,2023,DEN,16,0,0,0,0,0,9,30,0,0,33,22,377,1,0,2,0,0,0,1,0.06918238993710692,0.13239211507725093,0.19644806545973603,52.7,74.7,74.7
00-0038977,Tank Dell,WR,2023,HOU,10,0,0,0,0,0,11,51,0,0,75,47,709,7,0,0,0,0,0,0,0.13250883392226148,0.20668340737879082,0.3434416360485458,118.0,165.0,165.0
00-0038979,Cedric Tillman,WR,2023,CLE,11,0,0,0,0,0,1,8,0,0,44,21,224,0,0,0,0,0,0,0,0.07370184254606366,0.08831855066993773,0.17237574928805188,23.200000000000003,44.2,44.2
00-0038994,Jordan Addison,WR,2023,MIN,17,0,0,0,0,0,1,2,0,0,108,70,911,10,0,0,0,0,0,0,0.1782178217821782,0.27322515212981746,0.45858433916413954,151.3,221.3,221.3
00-0038996,Tucker Kraft,TE,2023,GB,14,0,0,0,0,0,0,0,0,0,40,31,355,2,0,0,0,0,0,0,0.07130124777183601,0.031578947368421054,0.12905713481564876,47.5,78.5,78.5
00-0038997,Josh Downs,WR,2023,IND,17,0,0,0,0,0,0,0,0,0,98,68,771,2,0,0,0,0,0,0,0.1794871794871795,0.16615746180963573,0.3855409924975142,89.10000000000001,157.10000000000002,157.10000000000002
00-0039021,Roschon Johnson,RB,2023,CHI,15,0,0,0,0,0,81,352,2,0,40,34,209,0,0,0,0,0,0,0,0.08385744234800839,-0.008741721854304637,0.11966695822399934,68.1,102.1,102.10000000000001
00-0039032,Tyjae Spears,RB,2023,TEN,17,0,0,0,0,0,100,453,2,0,70,52,385,1,0,0,0,0,0,0,0.14644351464435146,-0.0026263952724885093,0.21782679527578522,101.80000000000001,153.8,153.8
00-0039040,De'Von Achane,RB,2023,MIA,11,0,0,0,0,0,103,800,8,0,37,27,197,3,0,1,0,1,0,0,0.06739526411657559,0.006038086391082211,0.10531955664862094,163.7,190.7,190.7
00-0039041,Elijah Higgins,TE,2023,ARI,11,0,0,0,0,0,0,0,0,0,19,14,163,1,0,0,0,0,0,0,0.03518518518518519,0.030578117534639272,0.07418246005202528,22.3,36.3,36.3
00-0039050,Payne Durham,TE,2023,TB,6,0,0,0,0,0,0,0,0,0,7,5,58,0,0,0,0,0,0,0,0.012727272727272728,0.014182939362795478,0.029018966644865925,5.800000000000001,10.8,10.8
00-0039052,Trey Palmer,WR,2023,TB,17,0,0,0,0,0,3,22,0,0,68,39,385,3,0,1,0,0,1,0,0.12363636363636364,0.1512846865364851,0.29135382603008503,56.7,95.7,95.7
00-0039062,Jonathan Mingo,WR,2023,CAR,15,0,0,0,0,0,0,0,0,0,85,43,418,0,0,0,0,0,0,0,0.15917602996254682,0.20548862115127176,0.38260607974971045,41.800000000000004,84.80000000000001,84.80000000000001
00-0039064,Zay Flowers,WR,2023,BAL,16,0,0,0,0,0,8,56,1,0,108,77,858,5,1,0,0,0,0,0,0.226890756302521,0.2252384446074835,0.49800304567902,129.4,206.4,206.4
00-0039065,Sam LaPorta,TE,2023,DET,17,0,0,0,0,0,1,4,0,0,120,86,889,10,2,0,0,0,0,0,0.20905923344947736,0.20827214880078315,0.4593793543347642,153.3,239.3,239.3
00-0039066,Michael Mayer,TE,2023,LV,13,0,0,0,0,0,0,0,0,0,40,27,304,2,1,0,0,0,0,0,0.07532956685499058,0.053024994160242936,0.15011184619465592,44.400000000000006,71.4,71.4
00-0039067,Rashee Rice,WR,2023,KC,16,0,0,0,0,0,1,-3,0,0,102,79,938,7,0,1,0,0,1,0,0.17028380634390652,0.1199023199023199,0.33935733344748376,133.5,212.5,212.5
00-0039074,Davis Allen,TE,2023,LA,7,0,0,0,0,0,0,0,0,0,11,10,95,1,0,0,0,0,0,0,0.01981981981981982,0.005325049922343022,0.033457264675369844,15.5,25.5,25.5
00-0039075,Puka Nacua,WR,2023,LA,17,0,0,0,0,0,12,89,0,0,160,105,1486,6,0,0,0,0,0,0,0.2882882882882883,0.32238739738185046,0.6581036105997278,193.5,298.5,298.5
00-0039136,Zach Evans,RB,2023,LA,4,0,0,0,0,0,9,19,0,0,0,0,0,0,0,0,0,0,0,0,0.0,0.0,0.0,1.9000000000000001,1.9000000000000001,1.9000000000000001
00-0039139,Jahmyr Gibbs,RB,2023,DET,15,0,0,0,0,0,182,945,10,0,71,52,316,1,0,1,0,1,0,0,0.12369337979094076,0.0019579050416054823,0.186910603215535,190.10000000000002,242.10000000000002,242.1
00-0039144,Luke Musgrave,TE,2023,GB,11,0,0,0,0,0,0,0,0,0,46,34,352,1,0,0,0,0,0,0,0.08199643493761141,0.06963562753036437,0.17173959167767217,41.2,75.2,75.2
00-0039146,Jayden Reed,WR,2023,GB,16,0,0,0,0,0,11,119,2,0,94,64,793,8,1,0,0,0,0,0,0.16755793226381463,0.19635627530364372,0.38878629110827256,153.2,217.2,217.20000000000002
00-0039150,Bryce Young,QB,2023,CAR,16,527,2877,11,10,1,39,253,0,1,0,0,0,0,0,6,6,0,0,0,0.0,0.0,0.0,156.38,156.38,156.38
00-0039152,Will Levis,QB,2023,TEN,9,255,1808,8,4,1,25,57,1,0,0,0,0,0,0,4,2,2,0,0,0.0,0.0,0.0,102.02000000000001,102.02000000000001,102.02000000000001
00-0039163,C.J. Stroud,QB,2023,HOU,15,499,4108,23,5,0,39,167,3,1,1,1,0,0,0,4,3,1,0,0,0.0017667844522968198,-0.00019316206297083252,0.0025149632343656465,275.02,276.02,276.02
00-0039164,Anthony Richardson,QB,2023,IND,4,84,577,3,1,2,25,136,4,0,0,0,0,0,0,1,0,1,0,0,0.0,0.0,0.0,72.68,72.68,72.68
00-0039165,Zach Charbonnet,RB,2023,SEA,16,0,0,0,0,0,108,462,1,0,40,33,209,0,0,0,0,0,0,0,0.07312614259597806,-0.00994904149478282,0.10272488484761913,73.10000000000001,106.10000000000001,106.10000000000001
00-0023459,Aaron Rodgers,QB,2024,NYJ,17,584,3897,28,11,2,22,107,0,0,0,0,0,0,0,2,2,0,0,0,0.0,0.0,0.0,256.58,256.58,256.58
00-0024243,Marcedes Lewis,TE,2024,CHI,5,0,0,0,0,0,0,0,0,0,1,1,2,0,0,0,0,0,0,0,0.0019011406844106464,0.00022055580061755624,0.003006100087048259,0.2,1.2,1.2
00-0026158,Joe Flacco,QB,2024,IND,7,248,1761,12,7,0,9,26,0,0,0,0,0,0,0,4,3,1,0,0,0.0,0.0,0.0,99.03999999999999,99.03999999999999,99.03999999999999
00-0026300,Josh Johnson,QB,2024,BAL,4,3,17,0,0,0,4,1,0,0,0,0,0,0,0,0,0,0,0,0,0.0,0.0,0.0,0.78,0.78,0.78
00-0026498,Matthew Stafford,QB,2024,LA,16,517,3762,20,8,0,30,41,0,0,0,0,0,0,0,2,2,0,0,0,0.0,0.0,0.0,214.57999999999998,214.57999999999998,214.57999999999998
00-0027973,Andy Dalton,QB,2024,CAR,6,160,989,7,6,0,11,34,0,0,0,0,0,0,0,0,0,0,0,0,0.0,0.0,0.0,58.96,58.96,58.96
00-0028118,Tyrod Taylor,QB,2024,NYJ,2,22,119,3,0,1,3,13,0,0,0,0,0,0,0,0,0,0,0,0,0.0,0.0,0.0,20.06,20.06,20.06
00-0029263,Russell Wilson,QB,2024,PIT,11,336,2482,16,5,0,43,155,2,0,0,0,0,0,0,4,2,2,0,0,0.0,0.0,0.0,172.78,172.78,172.78
00-0029604,Kirk Cousins,QB,2024,ATL,14,453,3508,18,16,0,23,0,0,0,0,0,0,0,0,2,2,0,0,0,0.0,0.0,0.0,176.32,176.32,176.32
00-0030035,Adam Thielen,WR,2024,CAR,10,0,0,0,0,0,0,0,0,0,62,48,615,5,0,0,0,0,0,0,0.11969111969111969,0.1550179211469534,0.28804922433954694,91.5,139.5,139.5
00-0030061,Zach Ertz,TE,2024,WAS,17,0,0,0,0,0,0,0,0,0,91,66,654,7,2,0,0,0,0,0,0.18055555555555555,0.1718436873747495,0.391123914495658,111.4,177.4,177.4
00-0030279,Keenan Allen,WR,2024,CHI,15,1,0,0,1,0,0,0,0,0,121,70,744,7,0,0,0,0,0,0,0.2300380228136882,0.2459197176885752,0.5172008366025349,114.4,184.4,184.4
00-0030431,Robert Woods,WR,2024,HOU,14,0,0,0,0,0,0,0,0,0,30,20,203,0,0,1,0,0,1,0,0.054844606946983544,0.06103589082312486,0.12499203399666273,18.3,38.3,38.3
00-0030506,Travis Kelce,TE,2024,KC,16,0,0,0,0,0,1,1,0,0,133,97,823,3,0,1,0,0,1,0,0.23251748251748253,0.2320021019442985,0.5111776951372328,98.4,195.4,195.4
00-0030564,DeAndre Hopkins,WR,2024,KC,16,0,0,0,0,0,0,0,0,0,80,56,610,5,0,0,0,0,0,0,0.15779092702169625,0.2095906432748538,0.38339984082494205,91.0,147.0,147.0
00-0030565,Geno Smith,QB,2024,SEA,17,578,4320,21,15,0,53,272,2,0,0,0,0,0,0,0,0,0,0,0,0.0,0.0,0.0,266.0,266.0,266.0
00-0030578,Cordarrelle Patterson,RB,2024,PIT,13,0,0,0,0,0,32,135,0,0,14,12,80,1,0,1,0,1,0,0,0.030434782608695653,0.010643689812468323,0.0531027567817713,25.5,37.5,37.5
00-0031235,Odell Beckham Jr.,WR,2024,MIA,8,0,0,0,0,0,0,0,0,0,19,9,55,0,0,0,0,0,0,0,0.03345070422535211,0.04419293990838049,0.0811111142738945,5.5,14.5,14.5
00-0031236,Brandin Cooks,WR,2024,DAL,10,0,0,0,0,0,3,-3,0,0,54,26,259,3,0,0,0,0,0,0,0.08681672025723473,0.13529662825437475,0.2249327201639144,43.6,69.6,69.6
00-0031280,Derek Carr,QB,2024,NO,10,279,2145,15,5,1,17,71,1,0,0,0,0,0,0,0,0,0,0,0,0.0,0.0,0.0,150.9,150.9,150.9
00-0031299,Jordan Matthews,TE,2024,CAR,2,0,0,0,0,0,0,0,0,0,1,0,0,0,0,0,0,0,0,0,0.0019305019305019305,0.0035842293906810036,0.005404713469229598,0.0,0.0,0.0
00-0031345,Jimmy Garoppolo,QB,2024,LA,1,41,334,2,1,0,2,5,0,0,0,0,0,0,0,0,0,0,0,0,0.0,0.0,0.0,19.86,19.86,19.86
00-0031381,Davante Adams,WR,2024,NYJ,14,0,0,0,0,0,0,0,0,0,141,85,1063,8,1,0,0,0,0,0,0.23817567567567569,0.2630751964085297,0.5414161509994844,156.3,241.3,241.3
00-0031408,Mike Evans,WR,2024,TB,14,0,0,0,0,0,0,0,0,0,110,74,1004,11,0,0,0,0,0,0,0.19538188277087035,0.32106854838709675,0.5178208080272733,166.4,240.4,240.4
00-0031428,Allen Robinson,WR,2024,DET,6,0,0,0,0,0,0,0,0,0,7,3,30,0,0,0,0,0,0,0,0.013409961685823755,0.0146257527960998,0.030352969486005493,3.0,6.0,6.0
00-0031484,Chris Manhertz,TE,2024,NYG,8,0,0,0,0,0,0,0,0,0,4,3,30,1,0,0,0,0,0,0,0.007220216606498195,0.003732271709380443,0.013442915106313603,9.0,12.0,12.0
00-0031503,Jameis Winston,QB,2024,CLE,11,296,2121,13,12,4,25,83,1,0,0,0,0,0,0,2,2,0,0,0,0.0,0.0,0.0,131.14,131.14,131.14
00-0031544,Amari Cooper,WR,2024,BUF,13,0,0,0,0,0,0,0,0,0,85,44,547,4,0,0,0,0,0,0,0.13406940063091483,0.22591943957968477,0.3592477086521516,78.7,122.7,122.7
00-0031549,Nelson Agholor,WR,2024,BAL,13,0,0,0,0,0,0,0,0,0,29,14,231,2,0,0,0,0,0,0,0.06345733041575492,0.09298414223930802,0.16027489519114801,35.1,49.1,49.1
00-0031585,MyCole Pruitt,TE,2024,PIT,7,0,0,0,0,0,0,0,0,0,10,6,40,1,0,0,0,0,0,0,0.021739130434782608,0.008362899138367968,0.03846272504903149,10.0,16.0,16.0
00-0031588,Stefon Diggs,WR,2024,HOU,8,1,13,0,0,0,3,8,1,0,64,47,496,3,0,0,0,0,0,0,0.1170018281535649,0.11949280034386417,0.25914770247105223,74.92000000000002,121.92000000000002,121.92
00-0031687,Raheem Mostert,RB,2024,MIA,13,0,0,0,0,0,85,278,2,0,23,19,161,0,0,2,0,2,0,0,0.040492957746478875,0.00377256804095931,0.06338023424838983,51.900000000000006,70.9,70.9
00-0031690,Eric Tomlinson,TE,2024,LAC,5,0,0,0,0,0,0,0,0,0,4,2,9,0,0,0,0,0,0,0,0.008146639511201629,0.0018336007334402934,0.013503479780210648,0.9,2.9,2.9
00-0031763,DeAndre Carter,WR,2024,CHI,13,0,0,0,0,0,0,0,0,0,14,9,72,0,0,1,0,0,0,0,0.026615969581749048,0.034186149095721215,0.06385425873962841,7.2,16.2,16.2
00-0031800,Taylor Heinicke,QB,2024,LAC,4,5,28,0,0,0,2,20,0,0,0,0,0,0,0,0,0,0,0,0,0.0,0.0,0.0,3.12,3.12,3.12
00-0031941,Jamison Crowder,WR,2024,WAS,5,0,0,0,0,0,0,0,0,0,13,9,72,2,0,1,0,0,0,0,0.025793650793650792,0.027054108216432865,0.0576283519419792,19.2,28.2,28.2
00-0032104,Ameer Abdullah,RB,2024,LV,15,0,0,0,0,0,66,311,2,0,47,40,261,3,0,1,0,1,0,0,0.07939189189189189,0.006958473625140292,0.12395876937543604,85.2,125.2,125.2
00-0032128,Chris Conley,WR,2024,SF,9,0,0,0,0,0,0,0,0,0,12,6,76,0,0,0,0,0,0,0,0.023391812865497075,0.04571554770318021,0.06708860269047176,7.6000000000000005,13.600000000000001,13.600000000000001
00-0032134,C.J. Uzomah,TE,2024,PHI,2,0,0,0,0,0,0,0,0,0,0,0,0,0,0,0,0,0,0,0,0.0,0.0,0.0,0.0,0.0,0.0
00-0032141,Geoff Swaim,TE,2024,CLE,3,0,0,0,0,0,0,0,0,0,1,1,7,0,0,0,0,0,0,0,0.0015772870662460567,0.0003891807744697412,0.002638357141497904,0.7000000000000001,1.7000000000000002,1.7000000000000002
00-0032211,Tyler Lockett,WR,2024,SEA,17,0,0,0,0,0,0,0,0,0,74,49,600,2,0,0,0,0,0,0,0.13005272407732865,0.19032571706368498,0.32830708806057246,72.0,121.0,121.0
00-0032268,Marcus Mariota,QB,2024,WAS,3,44,364,4,0,0,18,92,1,0,0,0,0,0,0,0,0,0,0,0,0.0,0.0,0.0,45.760000000000005,45.760000000000005,45.760000000000005
00-0032385,Sterling Shepard,WR,2024,TB,13,0,0,0,0,0,8,69,0,0,51,32,334,1,1,0,0,0,0,0,0.0905861456483126,0.11920362903225806,0.21932175879504956,48.300000000000004,80.30000000000001,80.3
00-0032392,Austin Hooper,TE,2024,NE,17,0,0,0,0,0,0,0,0,0,59,45,476,3,0,1,0,0,1,0,0.118,0.10036401456058243,0.2472548101924077,63.599999999999994,108.6,108.6
00-0032394,Nick Vannett,TE,2024,TEN,12,0,0,0,0,0,0,0,0,0,20,17,135,3,0,0,0,0,0,0,0.03944773175542406,0.005146198830409357,0.06277393681442264,31.5,48.5,48.5
00-0032434,Brandon Allen,QB,2024,SF,3,30,199,1,2,0,3,4,0,0,0,0,0,0,0,1,1,0,0,0,0.0,0.0,0.0,6.360000000000001,6.360000000000001,6.360000000000001
00-0032464,Kalif Raymond,WR,2024,DET,12,0,0,0,0,0,2,0,0,0,22,17,215,2,0,0,0,0,0,1,0.0421455938697318,0.050473186119873815,0.09854962108850937,39.5,56.5,56.5
00-0032543,Alex Erickson,WR,2024,NE,3,0,0,0,0,0,0,0,0,0,0,0,0,0,0,0,0,0,0,0,0.0,0.0,0.0,0.0,0.0,0.0
00-0032688,Robbie Chosen,WR,2024,MIA,1,0,0,0,0,0,0,0,0,0,4,1,5,0,0,0,0,0,0,0,0.007042253521126761,0.01266504985179197,0.019428915177944518,0.5,1.5,1.5
00-0032764,Derrick Henry,RB,2024,BAL,17,0,0,0,0,0,325,1921,16,0,22,19,193,2,0,1,0,1,0,0,0.04814004376367615,-0.006006727534839019,0.06800535637112691,317.4,336.4,336.40000000000003
00-0032775,Demarcus Robinson,WR,2024,LA,17,0,0,0,0,0,0,0,0,0,64,31,505,7,0,0,0,0,0,0,0.11829944547134935,0.238360814742968,0.3443017385271016,92.5,123.5,123.5
00-0032950,Carson Wentz,QB,2024,KC,2,19,118,0,0,0,3,0,0,0,0,0,0,0,0,0,0,0,0,0,0.0,0.0,0.0,4.72,4.72,4.72
00-0033009,Tyler Boyd,WR,2024,TEN,15,1,0,0,0,0,1,3,0,0,57,39,390,0,0,0,0,0,0,0,0.11242603550295859,0.09824561403508772,0.23741098307899927,39.300000000000004,78.30000000000001,78.3
00-0033040,Tyreek Hill,WR,2024,MIA,17,0,0,0,0,0,8,53,0,0,122,81,959,6,0,0,0,0,0,0,0.2147887323943662,0.36890326057666395,0.580415380995214,137.2,218.2,218.2
00-0033045,Ezekiel Elliott,RB,2024,DAL,15,0,0,0,0,0,74,226,3,0,15,12,69,0,0,1,0,1,0,0,0.024115755627009645,-0.005761843790012804,0.03214034278750551,45.5,57.5,57.5
00-0033077,Dak Prescott,QB,2024,DAL,8,286,1978,11,8,0,13,54,1,0,0,0,0,0,0,1,1,0,0,0,0.0,0.0,0.0,116.52000000000001,116.52000000000001,116.52000000000001
00-0033090,Hunter Henry,TE,2024,NE,16,0,0,0,0,0,0,0,0,0,97,66,674,2,0,0,0,0,0,0,0.194,0.17732709308372335,0.41512896515860637,79.4,145.4,145.4
00-0033106,Jared Goff,QB,2024,DET,17,539,4629,37,12,1,35,56,0,0,1,1,7,1,0,0,0,0,0,0,0.0019157088122605363,0.0014338973329509608,0.0038772913514564774,323.46,324.46,324.46
00-0033110,Tyler Higbee,TE,2024,LA,3,0,0,0,0,0,0,0,0,0,12,8,66,2,0,0,0,0,0,0,0.022181146025878003,0.006304558680892337,0.03768491011544164,18.6,26.6,26.6
00-0033119,Jacoby Brissett,QB,2024,NE,7,161,826,2,1,1,15,62,0,0,0,0,0,0,0,1,1,0,0,0,0.0,0.0,0.0,45.24,45.24,45.24
00-0033217,Mo Alie-Cox,TE,2024,IND,12,0,0,0,0,0,0,0,0,0,22,12,147,1,0,0,0,0,0,0,0.044715447154471545,0.03883673845021167,0.09425888764685549,20.700000000000003,32.7,32.7
00-0033246,Johnny Mundt,TE,2024,MIN,14,0,0,0,0,0,0,0,0,0,27,19,142,2,0,0,0,0,0,0,0.05222437137330754,0.024864864864864864,0.09574196246536672,26.200000000000003,45.2,45.2
00-0033251,Zach Pascal,WR,2024,ARI,3,0,0,0,0,0,0,0,0,0,0,0,0,0,0,0,0,0,0,0,0.0,0.0,0.0,0.0,0.0,0.0
00-0033280,Christian McCaffrey,RB,2024,SF,4,0,0,0,0,0,50,202,0,0,19,15,146,0,0,1,0,0,1,0,0.037037037037037035,0.013250883392226149,0.06483117393011385,32.800000000000004,47.800000000000004,47.800000000000004
00-0033282,Curtis Samuel,WR,2024,BUF,14,0,0,0,0,0,5,14,0,0,46,31,253,1,0,0,0,0,0,0,0.09292929292929293,0.04974190520882215,0.1742132730401149,32.7,63.7,63.7
00-0033288,George Kittle,TE,2024,SF,15,0,0,0,0,0,0,0,0,0,94,78,1106,8,0,0,0,0,0,0,0.18323586744639375,0.17667844522968199,0.398528712830368,158.60000000000002,236.60000000000002,236.60000000000002
00-0033292,Trent Taylor,WR,2024,SF,2,0,0,0,0,0,0,0,0,0,1,1,11,0,0,0,0,0,0,0,0.001949317738791423,0.001987632508833922,0.00431531936437088,1.1,2.1,2.1
00-0033293,Aaron Jones,RB,2024,MIN,17,0,0,0,0,0,255,1138,5,0,62,51,408,2,0,3,0,1,2,0,0.11992263056092843,0.011675675675675675,0.18805691881436562,190.60000000000002,241.60000000000002,241.60000000000002
00-0033307,Kendrick Bourne,WR,2024,NE,12,1,0,0,0,0,1,6,0,0,38,28,305,1,0,0,0,0,0,0,0.076,0.09178367134685388,0.1782485699427977,37.1,65.1,65.1
00-0033319,Nick Mullens,QB,2024,MIN,4,2,38,0,0,0,3,-2,0,0,0,0,0,0,0,0,0,0,0,0,0.0,0.0,0.0,1.32,1.32,1.32
00-0033357,Taysom Hill,TE,2024,NO,8,4,21,0,1,0,39,278,6,0,31,23,187,0,0,1,0,0,1,0,0.059961315280464215,0.02437923250564334,0.10700743567464666,79.34,102.34,102.34
00-0033375,Tim Patrick,WR,2024,DET,15,0,0,0,0,0,0,0,0,0,44,33,394,3,1,0,0,0,0,0,0.0842911877394636,0.12589618583309434,0.21456411169236145,59.400000000000006,92.4,92.4
00-0033376,Patrick Ricard,RB,2024,BAL,9,0,0,0,0,0,0,0,0,0,5,3,22,1,0,0,0,0,0,0,0.010940919037199124,0.0014416146083613647,0.01742050878165164,8.2,11.2,11.2
00-0033439,Pharaoh Brown,TE,2024,SEA,10,0,0,0,0,0,0,0,0,0,12,8,65,0,0,1,0,0,1,0,0.0210896309314587,0.012396694214876033,0.040312132347601275,4.5,12.5,12.5
00-0033455,Anthony Firkser,TE,2024,KC,1,0,0,0,0,0,0,0,0,0,0,0,0,0,0,0,0,0,0,0,0.0,0.0,0.0,0.0,0.0,0.0
00-0033460,John Ross,WR,2024,PHI,1,0,0,0,0,0,0,0,0,0,2,1,6,0,0,0,0,0,0,0,0.004784688995215311,0.013494114269308067,0.01662291348133861,0.6000000000000001,1.6,1.6
00-0033526,Samaje Perine,RB,2024,KC,17,0,0,0,0,0,20,92,1,0,35,28,322,1,0,0,0,0,0,0,0.06118881118881119,0.002890173410404624,0.09380633817050002,53.400000000000006,81.4,81.4
00-0033536,Mike Williams,WR,2024,PIT,14,0,0,0,0,0,0,0,0,0,34,21,298,1,0,0,0,0,0,0,0.057724957555178265,0.12575867929109008,0.17461851183653043,35.8,56.8,56.8
00-0033537,Deshaun Watson,QB,2024,CLE,7,216,1148,5,3,1,31,148,1,0,0,0,0,0,0,3,2,1,0,0,0.0,0.0,0.0,76.72,76.72,76.72
00-0033553,James Conner,RB,2024,ARI,16,0,0,0,0,0,236,1094,8,2,55,47,414,1,0,1,0,0,1,0,0.10516252390057361,-0.027860427373546118,0.13824148668937813,206.8,253.8,253.8
00-0033555,Mack Hollins,WR,2024,BUF,17,0,0,0,0,0,0,0,0,0,50,31,378,5,0,0,0,0,0,0,0.10101010101010101,0.15227592679493196,0.2581083002716039,67.80000000000001,98.80000000000001,98.80000000000001
00-0033576,Eric Saubert,TE,2024,SF,12,0,0,0,0,0,0,0,0,0,14,11,97,1,0,0,0,0,0,0,0.02729044834307992,0.02075971731448763,0.05546747463476122,15.700000000000001,26.700000000000003,26.700000000000003
00-0033589,David Moore,WR,2024,CAR,15,0,0,0,0,0,1,0,0,0,57,32,351,3,0,0,0,0,0,0,0.11003861003861004,0.14135304659498207,0.2640050476744025,53.1,85.1,85.1
00-0033591,Noah Brown,WR,2024,WAS,11,0,0,0,0,0,0,0,0,0,56,35,453,1,0,0,0,0,0,0,0.1111111111111111,0.1595691382765531,0.2783650634602538,51.300000000000004,86.30000000000001,86.30000000000001
00-0033662,Cooper Rush,QB,2024,DAL,12,308,1844,12,5,1,26,18,0,0,0,0,0,0,0,3,1,2,0,0,0.0,0.0,0.0,109.56,109.56,109.56
00-0033699,Austin Ekeler,RB,2024,WAS,12,0,0,0,0,0,77,367,4,0,41,35,366,0,0,0,0,0,0,0,0.08134920634920635,-0.014779559118236472,0.111678118141044,97.3,132.3,132.3
00-0033854,Dare Ogunbowale,RB,2024,HOU,16,0,0,0,0,0,30,112,0,0,28,19,198,1,0,0,0,0,0,0,0.051188299817184646,0.010315925209542231,0.08400359737245652,37.0,56.0,56.0
00-0033857,JuJu Smith-Schuster,WR,2024,KC,11,0,0,0,0,0,0,0,0,0,26,18,231,2,0,0,0,0,0,0,0.045454545454545456,0.03757225433526012,0.09448239621650026,35.1,53.1,53.1
00-0033858,Jonnu Smith,TE,2024,MIA,17,0,0,0,0,0,2,-1,0,0,111,88,884,8,0,1,0,0,1,0,0.1954225352112676,0.14605227701428186,0.39537039672689867,134.3,222.3,222.3
00-0033869,Mitchell Trubisky,QB,2024,BUF,8,26,179,2,0,0,17,1,0,0,0,0,0,0,0,0,0,0,0,0,0.0,0.0,0.0,15.26,15.26,15.26
00-0033873,Patrick Mahomes,QB,2024,KC,16,581,3928,26,11,0,58,307,2,0,1,1,2,0,0,0,0,0,0,0,0.0017482517482517483,-0.0002627430373095113,0.0024384574962609644,282.02,283.02,283.02
00-0033881,Evan Engram,TE,2024,JAX,9,0,0,0,0,0,0,0,0,0,64,47,365,1,1,1,0,0,1,0,0.12260536398467432,0.07849978194505015,0.2388578933385466,42.5,89.5,89.5
00-0033885,David Njoku,TE,2024,CLE,11,0,0,0,0,0,0,0,0,0,97,64,505,5,2,0,0,0,0,0,0.1529968454258675,0.099241097489784,0.29896403638165003,84.5,148.5,148.5
00-0033891,Zay Jones,WR,2024,ARI,6,0,0,0,0,0,0,0,0,0,11,8,84,0,0,0,0,0,0,0,0.021032504780114723,0.03218826075196105,0.05408053969654482,8.4,16.4,16.4
00-0033893,Dalvin Cook,RB,2024,DAL,2,0,0,0,0,0,8,20,0,0,1,1,10,0,0,0,0,0,0,0,0.001607717041800643,0.0006402048655569782,0.0028597189685908497,3.0,4.0,4.0
00-0033895,Gerald Everett,TE,2024,CHI,10,0,0,0,0,0,0,0,0,0,13,8,36,0,0,0,0,0,0,0,0.024714828897338403,0.007719453021614468,0.04247586046113773,3.6,11.6,11.6
00-0033897,Joe Mixon,RB,2024,HOU,14,1,0,0,0,0,245,1016,11,0,52,36,309,1,0,0,0,0,0,0,0.09506398537477148,-0.005802707930367505,0.1385340825109,204.5,240.5,240.50000000000003
00-0033906,Alvin Kamara,RB,2024,NO,14,0,0,0,0,0,228,950,6,0,89,68,543,2,0,0,0,0,0,0,0.172147001934236,0.01783295711060948,0.27070357287878066,197.3,265.3,265.3
00-0033908,Cooper Kupp,WR,2024,LA,12,0,0,0,0,0,2,10,0,0,100,67,710,6,0,0,0,0,0,0,0.18484288354898337,0.18380213385063046,0.40592581901891633,108.0,175.0,175.0
00-0033921,Chris Godwin Jr.,WR,2024,TB,7,0,0,0,0,0,1,2,0,0,62,50,576,5,0,0,0,0,0,0,0.11012433392539965,0.08971774193548387,0.22798892024293818,87.80000000000001,137.8,137.8
00-0033923,Kareem Hunt,RB,2024,KC,13,0,0,0,0,0,200,728,7,0,32,23,176,0,0,0,0,0,0,0,0.055944055944055944,-0.015239096163951655,0.07324871660131776,132.4,155.4,155.4
00-0033925,D'Onta Foreman,RB,2024,CLE,10,0,0,0,0,0,71,232,0,0,8,6,54,0,0,1,0,1,0,0,0.012618296529968454,0.0001945903872348706,0.019063658066017092,26.6,32.6,32.6
00-0033943,Josh Reynolds,WR,2024,JAX,8,0,0,0,0,0,0,0,0,0,24,13,194,1,0,0,0,0,0,0,0.04371584699453552,0.06537530266343826,0.11133648235621006,25.400000000000002,38.400000000000006,38.400000000000006
00-0033948,Jamaal Williams,RB,2024,NO,14,0,0,0,0,0,48,164,1,0,11,9,57,0,0,0,0,0,0,0,0.02127659574468085,-0.003160270880361174,0.02970270400076845,28.1,37.1,37.1
00-0033949,Joshua Dobbs,QB,2024,SF,2,47,361,2,2,0,9,24,2,0,0,0,0,0,0,1,0,1,0,0,0.0,0.0,0.0,30.839999999999996,30.839999999999996,30.839999999999996
00-0033955,Jeremy McNichols,RB,2024,WAS,15,0,0,0,0,0,55,261,4,1,12,9,27,0,0,0,0,0,0,0,0.023809523809523808,0.00501002004008016,0.03922129974234182,54.8,63.8,63.800000000000004
00-0034054,River Cracraft,WR,2024,MIA,5,0,0,0,0,0,0,0,0,0,9,7,66,0,0,0,0,0,0,0,0.01584507042253521,0.019132309350579357,0.03716022217920836,6.6000000000000005,13.600000000000001,13.600000000000001
00-0034073,Ross Dwelley,TE,2024,ATL,4,0,0,0,0,0,0,0,0,0,1,1,5,0,0,0,0,0,0,0,0.0018552875695732839,0.0002239140170174653,0.0029396711662721515,0.5,1.5,1.5
00-0034115,Jeff Wilson,RB,2024,MIA,7,0,0,0,0,0,16,57,0,0,3,3,19,0,0,0,0,0,0,0,0.00528169014084507,0.0,0.007922535211267605,7.6000000000000005,10.600000000000001,10.600000000000001
00-0034159,Will Dissly,TE,2024,LAC,15,0,0,0,0,0,0,0,0,0,64,50,481,2,0,0,0,0,0,0,0.13034623217922606,0.06761402704561081,0.24284916720076666,60.1,110.1,110.1
00-0034177,Tim Boyle,QB,2024,NYG,3,50,276,1,1,0,3,9,0,0,0,0,0,0,0,0,0,0,0,0,0.0,0.0,0.0,13.940000000000001,13.940000000000001,13.940000000000001
00-0034184,Gus Edwards,RB,2024,LAC,11,0,0,0,0,0,101,365,4,0,5,3,6,0,0,0,0,0,0,0,0.010183299389002037,-0.00343800137520055,0.01286834812086267,61.1,64.1,64.1
00-0034208,Mike Boone,RB,2024,CAR,5,0,0,0,0,0,13,51,0,0,3,1,-2,0,0,0,0,0,0,0,0.005791505791505791,-0.0031362007168458782,0.006491918185466573,4.9,5.9,5.9
00-0034270,Tyler Conklin,TE,2024,NYJ,16,0,0,0,0,0,1,0,0,0,72,51,449,4,1,0,0,0,0,0,0.12224108658743633,0.08691429958727846,0.24420163959224944,70.9,121.9,121.9
00-0034272,Marquez Valdes-Scantling,WR,2024,NO,13,0,0,0,0,0,1,4,0,0,44,19,411,4,0,0,0,0,0,0,0.08888888888888889,0.17949319568277805,0.25897857031127797,65.5,84.5,84.5
00-0034348,Courtland Sutton,WR,2024,DEN,16,2,30,1,0,0,0,0,0,0,135,81,1081,8,0,1,0,0,1,0,0.2459016393442623,0.4326876513317191,0.6717338149485967,159.3,240.3,240.3
00-0034351,Dallas Goedert,TE,2024,PHI,10,0,0,0,0,0,0,0,0,0,52,42,496,2,0,0,0,0,0,0,0.12440191387559808,0.09847832328452484,0.2555376971125645,61.6,103.6,103.6
00-0034353,Anthony Miller,WR,2024,BAL,1,0,0,0,0,0,0,0,0,0,1,1,16,0,0,0,0,0,0,0,0.002188183807439825,0.0036040365209034117,0.005805101275792125,1.6,2.6,2.6
00-0034364,Jordan Akins,TE,2024,CLE,16,0,0,0,0,0,0,0,0,0,58,40,390,2,0,0,0,0,0,0,0.0914826498422713,0.06596614127262113,0.18340027365424172,51.0,91.0,91.0
00-0034365,Ian Thomas,TE,2024,CAR,3,0,0,0,0,0,0,0,0,0,6,3,7,0,0,0,0,0,0,0,0.011583011583011582,0.005376344086021506,0.02113795823473243,0.7000000000000001,3.7,3.7
00-0034383,Dalton Schultz,TE,2024,HOU,17,0,0,0,0,0,0,0,0,0,85,53,532,2,0,0,0,0,0,0,0.15539305301645337,0.1470019342359768,0.3359909334898638,65.2,118.2,118.2
00-0034386,Justin Watson,WR,2024,KC,15,0,0,0,0,0,0,0,0,0,32,22,289,2,0,0,0,0,0,0,0.055944055944055944,0.12769311613242249,0.17330126520877964,40.900000000000006,62.900000000000006,62.900000000000006
00-0034401,Mike White,QB,2024,BUF,1,11,28,0,0,0,0,0,0,0,0,0,0,0,0,0,0,0,0,0,0.0,0.0,0.0,1.12,1.12,1.12
00-0034407,Ray-Ray McCloud,WR,2024,ATL,17,0,0,0,0,0,10,79,0,0,87,62,686,1,0,2,0,0,1,0,0.1614100185528757,0.13188535602328705,0.3344347770456145,80.5,142.5,142.5
00-0034418,Cedrick Wilson Jr.,WR,2024,NO,13,1,21,1,0,0,0,0,0,0,27,20,211,1,0,1,0,0,0,0,0.05222437137330754,0.04424379232505643,0.10930721168750082,31.94,51.94,51.94
00-0034419,Braxton Berrios,WR,2024,MIA,6,0,0,0,0,0,0,0,0,0,4,0,0,0,0,0,0,0,0,0,0.007042253521126761,0.007006197790353005,0.015467718734937245,0.0,0.0,0.0
00-0034487,Trent Sherfield,WR,2024,MIN,13,0,0,0,0,0,0,0,0,0,9,8,83,1,0,0,0,0,0,0,0.017408123791102514,0.011675675675675675,0.034285158659626745,14.3,22.3,22.3
00-0034521,Allen Lazard,WR,2024,NYJ,12,1,0,0,0,0,0,0,0,0,61,37,530,6,0,0,0,0,0,0,0.1035653650254669,0.16654527798009225,0.2719297421242649,89.0,126.0,126.0
00-0034577,Kyle Allen,QB,2024,PIT,1,1,19,0,0,0,0,0,0,0,0,0,0,0,0,0,0,0,0,0,0.0,0.0,0.0,0.76,0.76,0.76
00-0034613,Tanner Hudson,TE,2024,CIN,9,0,0,0,0,0,1,1,0,0,23,19,154,1,0,1,0,0,1,0,0.03662420382165605,0.021239705244906804,0.06980409940391884,19.5,38.5,38.5
00-0034646,Brandon Powell,WR,2024,MIN,16,0,0,0,0,0,0,0,0,0,10,7,71,0,0,0,0,0,0,0,0.019342359767891684,0.022054054054054053,0.04445137748967536,7.1000000000000005,14.100000000000001,14.100000000000001
00-0034753,Mark Andrews,TE,2024,BAL,17,0,0,0,0,0,4,5,0,0,69,55,673,11,0,0,0,0,0,0,0.15098468271334792,0.17563671311869294,0.3494227232531069,133.8,188.8,188.8
00-0034771,Mason Rudolph,QB,2024,TEN,8,228,1530,9,9,1,25,106,1,0,0,0,0,0,0,1,0,1,0,0,0.0,0.0,0.0,95.80000000000001,95.80000000000001,95.80000000000001
00-0034775,Christian Kirk,WR,2024,JAX,8,0,0,0,0,0,0,0,0,0,47,27,379,1,0,0,0,0,0,0,0.09003831417624521,0.14042738770170082,0.2333566426555584,43.9,70.9,70.9
00-0034777,DJ Chark,WR,2024,LAC,4,0,0,0,0,0,0,0,0,0,10,4,31,1,0,0,0,0,0,0,0.020366598778004074,0.02635801054320422,0.049000505547249065,9.1,13.1,13.1
00-0034791,Nick Chubb,RB,2024,CLE,8,0,0,0,0,0,102,332,3,0,11,5,31,1,0,1,0,1,0,0,0.017350157728706624,-0.000972951936174353,0.025344170237737888,58.300000000000004,63.300000000000004,63.30000000000001
00-0034796,Lamar Jackson,QB,2024,BAL,17,474,4172,41,4,0,139,915,4,1,0,0,0,0,0,5,1,4,0,0,0.0,0.0,0.0,430.38,430.38,430.38
00-0034798,Durham Smythe,TE,2024,MIA,14,0,0,0,0,0,0,0,0,0,17,9,53,0,0,0,0,0,0,0,0.02992957746478873,0.02533009970358394,0.06262543598969185,5.300000000000001,14.3,14.3
00-0034808,John Kelly,RB,2024,BAL,1,0,0,0,0,0,0,0,0,0,0,0,0,0,0,0,0,0,0,0,0.0,0.0,0.0,0.0,0.0,0.0
00-0034827,DJ Moore,WR,2024,CHI,17,1,0,0,0,0,14,75,0,0,140,98,966,6,1,1,0,0,1,0,0.2661596958174905,0.2313630348478165,0.5611936681197073,140.10000000000002,238.10000000000002,238.10000000000002
00-0034829,Mike Gesicki,TE,2024,CIN,16,0,0,0,0,0,0,0,0,0,83,65,665,2,0,1,0,0,1,0,0.1321656050955414,0.13328998699609884,0.29155139854058126,76.5,141.5,141.5
00-0034830,Hayden Hurst,TE,2024,LAC,7,0,0,0,0,0,0,0,0,0,13,8,73,0,0,0,0,0,0,0,0.026476578411405296,0.014210405684162274,0.04966215159602153,7.300000000000001,15.3,15.3
00-0034837,Calvin Ridley,WR,2024,TEN,17,0,0,0,0,0,8,55,1,0,120,64,1017,4,0,1,0,1,0,0,0.23668639053254437,0.44046783625730995,0.6633570711789335,135.2,199.2,199.2
00-0034844,Saquon Barkley,RB,2024,PHI,16,0,0,0,0,0,345,2005,13,3,43,33,278,2,0,1,0,1,0,0,0.10287081339712918,0.028136663795578526,0.17400188475259876,322.3,355.3,355.3
00-0034854,KhaDarel Hodge,WR,2024,ATL,10,0,0,0,0,0,0,0,0,0,12,7,131,1,0,0,0,0,0,0,0.022263450834879406,0.02821316614420063,0.05314439255325955,19.1,26.1,26.1
00-0034855,Baker Mayfield,QB,2024,TB,17,570,4500,41,16,1,60,378,3,0,0,0,0,0,0,2,1,1,0,0,0.0,0.0,0.0,365.8,365.8,365.8
00-0034857,Josh Allen,QB,2024,BUF,16,483,3731,28,6,1,102,531,12,0,0,0,7,1,0,2,2,0,0,0,0.0,0.0,0.0,379.04,379.04,379.04
00-0034860,Dante Pettis,WR,2024,NO,8,0,0,0,0,0,0,0,0,0,28,12,120,1,1,0,0,0,0,0,0.05415860735009671,0.0636568848758465,0.1257977304382376,20.0,32.0,32.0
00-0034869,Sam Darnold,QB,2024,MIN,17,545,4319,35,12,0,67,212,1,0,0,0,0,0,0,4,2,2,0,0,0.0,0.0,0.0,307.96,307.96,307.96
00-0034928,Steven Sims,WR,2024,BAL,9,0,0,0,0,0,1,0,0,0,0,0,0,0,0,1,0,0,0,0,0.0,0.0,0.0,0.0,0.0,0.0
00-0034960,Jakobi Meyers,WR,2024,LV,15,0,0,0,0,0,2,23,0,0,129,87,1027,4,1,0,0,0,0,0,0.2179054054054054,0.28754208754208754,0.5281375693875694,131.0,218.0,218.0
00-0034972,Alexander Mattison,RB,2024,LV,14,0,0,0,0,0,132,420,4,1,48,36,294,1,0,1,0,1,0,0,0.08108108108108109,-0.0008978675645342312,0.12099311432644767,101.4,137.4,137.4
00-0034975,Justice Hill,RB,2024,BAL,15,0,0,0,0,0,47,228,1,0,51,42,383,3,0,0,0,0,0,0,0.11159737417943107,-0.008169149447381067,0.16167765665597986,85.1,127.1,127.10000000000001
00-0034981,Foster Moreau,TE,2024,NO,16,0,0,0,0,0,0,0,0,0,43,32,413,5,0,0,0,0,0,0,0.08317214700193423,0.08961625282167043,0.18748959747807065,71.30000000000001,103.30000000000001,103.30000000000001
00-0035021,Ashton Dulin,WR,2024,IND,13,0,0,0,0,0,5,45,0,0,8,2,67,1,0,0,0,0,0,0,0.016260162601626018,0.02834529725750046,0.044231951982689345,17.200000000000003,19.200000000000003,19.2
00-0035100,Jake Browning,QB,2024,CIN,2,0,0,0,0,0,2,-2,0,0,0,0,0,0,0,0,0,0,0,0,0.0,0.0,0.0,-0.2,-0.2,-0.2
00-0035140,Mecole Hardman,WR,2024,KC,12,0,0,0,0,0,5,62,1,0,14,12,90,0,0,0,0,0,0,0,0.024475524475524476,-0.0036784025223331584,0.0341384049476535,21.200000000000003,33.2,33.2
00-0035164,Cody Thompson,WR,2024,TB,1,0,0,0,0,0,0,0,0,0,0,0,0,0,0,0,0,0,0,0,0.0,0.0,0.0,0.0,0.0,0.0
00-0035208,Olamide Zaccheaus,WR,2024,WAS,16,0,0,0,0,0,1,8,0,0,64,45,506,3,0,1,0,0,0,0,0.12698412698412698,0.10170340681362726,0.26166857524572956,69.4,114.4,114.4
00-0035215,Deonte Harty,WR,2024,BAL,5,0,0,0,0,0,0,0,0,0,0,0,0,0,0,0,0,0,0,0,0.0,0.0,0.0,0.0,0.0,0.0
00-0035216,Diontae Johnson,WR,2024,HOU,11,0,0,0,0,0,2,6,0,0,67,33,375,3,0,0,0,0,0,0,0.12934362934362933,0.16375448028673836,0.3086435802161609,56.1,89.1,89.1
00-0035228,Kyler Murray,QB,2024,ARI,17,541,3851,21,11,0,78,572,5,1,0,0,0,0,0,4,1,3,0,0,0.0,0.0,0.0,297.24,297.24,297.24
00-0035229,T.J. Hockenson,TE,2024,MIN,10,0,0,0,0,0,0,0,0,0,62,41,455,0,0,0,0,0,0,0,0.11992263056092843,0.11243243243243244,0.25858664854409535,45.5,86.5,86.5
00-0035243,Miles Sanders,RB,2024,CAR,11,0,0,0,0,0,55,205,2,0,30,24,148,1,0,0,0,0,0,0,0.05791505791505792,0.009184587813620072,0.09330179834212093,53.300000000000004,77.30000000000001,77.3
00-0035249,Josh Oliver,TE,2024,MIN,12,0,0,0,0,0,0,0,0,0,28,22,258,3,0,0,0,0,0,0,0.05415860735009671,0.047135135135135134,0.11423250561973966,43.8,65.8,65.8
00-0035250,Devin Singletary,RB,2024,NYG,15,0,0,0,0,0,113,437,4,0,24,21,119,0,0,2,0,2,0,0,0.04332129963898917,-0.016919631749191342,0.05313820723404981,75.6,96.6,96.60000000000001
00-0035261,Tony Pollard,RB,2024,TEN,16,0,0,0,0,0,260,1079,5,1,57,41,238,0,0,2,0,2,0,0,0.11242603550295859,0.0018713450292397662,0.16994899477490572,159.70000000000002,200.70000000000002,200.70000000000002
00-0035264,Jarrett Stidham,QB,2024,DEN,2,0,0,0,0,0,4,5,0,0,0,0,0,0,0,0,0,0,0,0,0.0,0.0,0.0,0.5,0.5,0.5
00-0035289,Gardner Minshew,QB,2024,LV,10,306,2013,9,10,1,19,58,0,0,0,0,0,0,0,4,3,1,0,0,0.0,0.0,0.0,96.32,96.32,96.32
00-0035291,Trayveon Williams,RB,2024,CIN,5,0,0,0,0,0,0,0,0,0,0,0,0,0,0,0,0,0,0,0,0.0,0.0,0.0,0.0,0.0,0.0
00-0035298,Scott Miller,WR,2024,PIT,6,0,0,0,0,0,0,0,0,0,9,5,69,0,0,0,0,0,0,0,0.01956521739130435,0.026862645717181957,0.04815167808898389,6.9,11.9,11.9
00-0035311,Myles Gaskin,RB,2024,MIN,4,0,0,0,0,0,3,-1,0,0,1,1,11,0,0,0,0,0,0,0,0.0019342359767891683,-0.00043243243243243243,0.00259865126248105,1.0,2.0,2.0
00-0035341,Trenton Irwin,WR,2024,CIN,6,0,0,0,0,0,0,0,0,0,10,3,15,0,0,0,0,0,0,0,0.01592356687898089,0.013437364542696142,0.03329150549835864,1.5,4.5,4.5
00-0035406,Lil'Jordan Humphrey,WR,2024,DEN,14,0,0,0,0,0,0,0,0,0,45,31,293,1,0,1,0,0,1,0,0.08196721311475409,0.07094430992736077,0.17261183662128368,33.3,64.3,64.3
00-0035500,Greg Dortch,WR,2024,ARI,17,0,0,0,0,0,5,31,0,0,50,37,342,3,0,1,0,0,1,0,0.09560229445506692,0.05599134433324317,0.18259738271587062,53.300000000000004,90.30000000000001,90.30000000000001
00-0035535,Darius Slayton,WR,2024,NYG,16,0,0,0,0,0,2,17,0,0,71,39,573,2,0,0,0,0,0,0,0.12815884476534295,0.23090320975367007,0.35387051397558345,71.0,110.0,110.0
00-0035537,Ty Johnson,RB,2024,BUF,17,0,0,0,0,0,41,213,1,0,25,18,284,3,0,0,0,0,0,0,0.050505050505050504,0.04786485218207415,0.10926297228502765,73.7,91.7,91.7
00-0035544,Tom Kennedy,WR,2024,DET,3,0,0,0,0,0,0,0,0,0,1,0,0,0,0,0,0,0,0,0,0.0019157088122605363,0.0031545741324921135,0.0050817651111352835,0.0,0.0,0.0
00-0035547,Joseph Fortson,TE,2024,KC,3,0,0,0,0,0,0,0,0,0,3,1,5,0,0,0,0,0,0,0,0.005244755244755245,0.0010509721492380452,0.0086028133715995,0.5,1.5,1.5
00-0035567,Craig Reynolds,RB,2024,DET,8,0,0,0,0,0,31,139,0,0,5,3,40,0,0,0,0,0,0,0,0.009578544061302681,-0.0028677946659019216,0.012360359825822677,17.900000000000002,20.900000000000002,20.9
00-0035594,Travis Homer,RB,2024,CHI,8,0,0,0,0,0,6,23,0,0,3,3,11,0,0,0,0,0,0,0,0.005703422053231939,0.00022055580061755624,0.008709522140280198,3.4000000000000004,6.4,6.4
00-0035602,Alex Bachman,WR,2024,LV,5,0,0,0,0,0,0,0,0,0,3,3,31,0,0,0,0,0,0,0,0.005067567567567568,0.0047138047138047135,0.01090101465101465,3.1,6.1,6.1
00-0035628,D'Ernest Johnson,RB,2024,JAX,12,0,0,0,0,0,32,143,0,0,19,12,96,0,0,0,0,0,0,0,0.03639846743295019,0.0015263846489315307,0.05566617040367736,23.900000000000002,35.900000000000006,35.900000000000006
00-0035631,Drew Sample,TE,2024,CIN,11,0,0,0,0,0,1,-4,0,0,22,20,109,1,0,0,0,0,0,0,0.03503184713375796,0.007368877329865626,0.057705984831542885,16.5,36.5,36.5
00-0035639,Parris Campbell,WR,2024,PHI,4,0,0,0,0,0,0,0,0,0,8,6,30,1,0,0,0,0,0,0,0.019138755980861243,0.009761699684180305,0.035541323750218075,9.0,15.0,15.0
00-0035640,DK Metcalf,WR,2024,SEA,15,0,0,0,0,0,0,0,0,0,108,66,992,5,0,2,0,0,2,0,0.18980667838312829,0.3599902771025766,0.536703211546496,125.19999999999999,191.2,191.2
00-0035644,Noah Fant,TE,2024,SEA,14,0,0,0,0,0,0,0,0,0,64,48,500,1,0,0,0,0,0,0,0.11247803163444639,0.08240155566358776,0.22639813641618103,56.0,104.0,104.0
00-0035659,Terry McLaurin,WR,2024,WAS,17,0,0,0,0,0,2,2,0,0,117,82,1096,13,0,1,0,1,0,0,0.23214285714285715,0.39103206412825653,0.6219367306040653,185.8,267.8,267.8
00-0035662,Marquise Brown,WR,2024,KC,2,0,0,0,0,0,0,0,0,0,15,9,91,0,0,0,0,0,0,0,0.026223776223776224,0.03231739358906989,0.06195783984801326,9.1,18.1,18.1
00-0035676,A.J. Brown,WR,2024,PHI,13,0,0,0,0,0,0,0,0,0,97,67,1079,7,0,0,0,0,0,0,0.23205741626794257,0.3353430950330175,0.5828262909250261,149.9,216.9,216.9
00-0035685,David Montgomery,RB,2024,DET,14,1,3,1,0,0,185,775,12,0,38,36,341,0,0,1,0,1,0,0,0.07279693486590039,-0.005162030398623459,0.10558198101981416,185.72000000000003,221.72000000000003,221.72
00-0035689,Dawson Knox,TE,2024,BUF,14,0,0,0,0,0,0,0,0,0,33,22,311,1,0,0,0,0,0,0,0.06666666666666667,0.07414359455654622,0.15190051618958236,37.1,59.1,59.1
00-0035700,Josh Jacobs,RB,2024,GB,17,0,0,0,0,0,301,1329,15,0,43,36,342,1,0,3,0,3,0,0,0.09267241379310345,-0.00979221399570098,0.1321540708926645,257.1,293.1,293.1
00-0035704,Drew Lock,QB,2024,NYG,7,181,1071,6,5,1,18,133,2,0,0,0,0,0,0,2,2,0,0,0,0.0,0.0,0.0,80.14,80.14,80.14
00-0035710,Daniel Jones,QB,2024,NYG,10,341,2070,8,7,0,67,265,2,0,0,0,0,0,0,2,2,0,0,0,0.0,0.0,0.0,135.3,135.3,135.3
00-0035719,Deebo Samuel Sr.,WR,2024,SF,15,0,0,0,0,0,42,136,1,0,81,51,670,3,0,1,0,0,0,0,0.15789473684210525,0.12168727915194347,0.3220232006695183,104.60000000000001,155.60000000000002,155.6
00-0035726,Jakob Johnson,RB,2024,NYG,1,0,0,0,0,0,0,0,0,0,0,0,0,0,0,0,0,0,0,0,0.0,0.0,0.0,0.0,0.0,0.0
00-0035806,JaMycal Hasty,RB,2024,NE,12,0,0,0,0,0,20,69,0,0,12,10,59,1,0,0,0,0,0,0,0.024,-0.0005200208008320333,0.03563598543941758,18.8,28.8,28.8
00-0035860,Tony Jones,RB,2024,ARI,1,0,0,0,0,0,4,55,1,0,0,0,0,0,0,0,0,0,0,0,0.0,0.0,0.0,11.5,11.5,11.5
00-0035891,Cody White,WR,2024,SEA,2,0,0,0,0,0,0,0,0,0,3,2,44,0,0,0,0,0,0,0,0.005272407732864675,0.009722897423432183,0.014714639795699539,4.4,6.4,6.4
00-0035924,Jonathan Ward,RB,2024,PIT,4,0,0,0,0,0,5,22,0,0,0,0,0,0,0,0,0,0,0,0,0.0,0.0,0.0,2.2,2.2,2.2
00-0035973,Patrick Taylor,RB,2024,SF,7,0,0,0,0,0,39,183,1,0,11,3,25,0,0,0,0,0,0,0,0.021442495126705652,0.008613074204946997,0.03819289463352137,26.8,29.8,29.8
00-0035976,Dan Chisena,WR,2024,CAR,4,0,0,0,0,0,0,0,0,0,4,3,37,0,0,0,0,0,0,0,0.007722007722007722,0.006720430107526882,0.0162873126582804,3.7,6.7,6.7
00-0035993,Tyler Huntley,QB,2024,MIA,5,133,829,3,3,0,26,135,2,0,0,0,0,0,0,2,1,1,0,0,0.0,0.0,0.0,60.66,60.66,60.66
00-0036040,Juwan Johnson,TE,2024,NO,15,0,0,0,0,0,0,0,0,0,66,50,548,3,0,0,0,0,0,0,0.1276595744680851,0.12347629796839729,0.2779227702800058,72.80000000000001,122.80000000000001,122.80000000000001
00-0036096,J.J. Taylor,RB,2024,HOU,3,0,0,0,0,0,10,44,0,0,3,2,0,0,0,0,0,0,0,0,0.005484460694698354,-0.0012894906511927789,0.0073240475862125865,4.4,6.4,6.4
00-0036133,James Proche,WR,2024,CLE,9,0,0,0,0,0,0,0,0,0,3,3,21,0,0,1,0,0,0,0,0.00473186119873817,0.0033080365829928,0.009413417406202215,2.1,5.1,5.1
00-0036139,Rico Dowdle,RB,2024,DAL,16,0,0,0,0,0,235,1079,2,0,49,39,249,3,0,2,0,2,0,0,0.07877813504823152,0.0002134016218523261,0.1183165837076439,158.8,197.8,197.8
00-0036158,J.K. Dobbins,RB,2024,LAC,13,0,0,0,0,0,195,905,9,0,38,32,153,0,0,0,0,0,0,0,0.07739307535641547,-0.010084804033921613,0.10903025021087807,159.8,191.8,191.8
00-0036165,Isaiah Hodgins,WR,2024,NYG,2,0,0,0,0,0,0,0,0,0,2,2,12,0,0,0,0,0,0,0,0.0036101083032490976,0.002736999253545658,0.0073310619323556075,1.2000000000000002,3.2,3.2
00-0036176,Mason Kinsey,WR,2024,TEN,6,0,0,0,0,0,0,0,0,0,2,2,17,0,0,0,0,0,0,0,0.0039447731755424065,0.003976608187134503,0.008700785494307762,1.7000000000000002,3.7,3.7
00-0036182,Nick Westbrook-Ikhine,WR,2024,TEN,14,0,0,0,0,0,0,0,0,0,60,32,497,9,0,0,0,0,0,0,0.11834319526627218,0.16374269005847952,0.2921346759403439,103.7,135.7,135.7
00-0036183,Kristian Wilkerson,WR,2024,LV,1,0,0,0,0,0,0,0,0,0,3,2,18,1,0,0,0,0,0,0,0.005067567567567568,0.003591470258136925,0.010115380532047198,7.8,9.8,9.8
00-0036187,Reggie Gilliam,RB,2024,BUF,7,0,0,0,0,0,3,7,0,0,0,0,0,0,0,0,0,0,0,0,0.0,0.0,0.0,0.7000000000000001,0.7000000000000001,0.7000000000000001
00-0036196,Gabe Davis,WR,2024,JAX,10,0,0,0,0,0,0,0,0,0,42,20,239,2,0,1,0,0,1,0,0.08045977011494253,0.12320104666375926,0.20693038783704526,33.900000000000006,53.900000000000006,53.900000000000006
00-0036212,Tua Tagovailoa,QB,2024,MIA,11,399,2867,19,7,2,17,49,0,0,0,0,0,0,0,2,2,0,0,0,0.0,0.0,0.0,181.58,181.58,181.58
00-0036223,Jonathan Taylor,RB,2024,IND,14,0,0,0,0,0,303,1431,11,0,31,18,136,1,0,1,0,1,0,0,0.06300813008130081,-0.0018406037180195105,0.09322377251933757,226.70000000000002,244.70000000000002,244.7
00-0036232,Harrison Bryant,TE,2024,LV,6,0,0,0,0,0,0,0,0,0,12,9,86,0,0,0,0,0,0,0,0.02027027027027027,0.00920314253647587,0.03684760518093851,8.6,17.6,17.6
00-0036244,Colby Parkinson,TE,2024,LA,16,0,0,0,0,0,0,0,0,0,49,30,294,1,0,0,0,0,0,0,0.09057301293900184,0.06377303588748788,0.1805006445297443,35.400000000000006,65.4,65.4
00-0036251,Zack Moss,RB,2024,CIN,8,0,0,0,0,0,74,242,2,0,27,23,187,1,0,1,0,1,0,0,0.042993630573248405,0.0006501950585175553,0.0649455824008349,58.900000000000006,81.9,81.9
00-0036252,Michael Pittman,WR,2024,IND,16,0,0,0,0,0,0,0,0,0,111,69,808,3,0,1,0,0,1,0,0.22560975609756098,0.22713049880360758,0.49740598330886676,96.80000000000001,165.8,165.8
00-0036254,Collin Johnson,WR,2024,CHI,6,0,0,0,0,0,0,0,0,0,2,1,6,0,0,0,0,0,0,0,0.0038022813688212928,0.0035288928098809,0.00817364702014857,0.6000000000000001,1.6,1.6
00-0036259,Jauan Jennings,WR,2024,SF,15,0,0,0,0,0,0,0,0,0,113,77,975,6,0,0,0,0,0,0,0.2202729044834308,0.24712897526501768,0.5033996394106586,133.5,210.5,210.5
00-0036261,Brandon Aiyuk,WR,2024,SF,7,0,0,0,0,0,0,0,0,0,47,25,374,0,0,0,0,0,0,0,0.09161793372319688,0.12279151943462897,0.22338096418903558,37.4,62.4,62.4
00-0036264,Jordan Love,QB,2024,GB,15,425,3389,25,11,3,25,83,1,0,0,0,0,0,0,0,0,0,0,0,0.0,0.0,0.0,233.86,233.86,233.86
00-0036268,Laviska Shenault Jr.,WR,2024,SEA,10,0,0,0,0,0,1,1,0,0,5,5,36,0,0,2,0,0,0,1,0.008787346221441126,-0.0024307243558580457,0.011479512283061058,9.7,14.7,14.7
00-0036275,D'Andre Swift,RB,2024,CHI,17,0,0,0,0,0,253,959,6,0,52,42,386,0,1,0,0,0,0,0,0.09885931558935361,0.0004411116012351125,0.148597751504895,172.5,214.5,214.5
00-0036290,Cole Kmet,TE,2024,CHI,16,0,0,0,0,0,0,0,0,0,55,47,474,4,1,0,0,0,0,0,0.10456273764258556,0.0866784296426996,0.21751900721376805,73.4,120.4,120.4
00-0036297,Darrynton Evans,RB,2024,CHI,1,0,0,0,0,0,3,3,0,0,0,0,0,0,0,0,0,0,0,0,0.0,0.0,0.0,0.30000000000000004,0.30000000000000004,0.30000000000000004
00-0036309,Darnell Mooney,WR,2024,ATL,16,1,0,0,0,0,0,0,0,0,106,64,992,5,0,0,0,0,0,0,0.19666048237476808,0.2897447380206001,0.49781204017657216,129.2,193.2,193.2
00-0036322,Justin Jefferson,WR,2024,MIN,17,1,22,0,0,0,1,3,0,0,154,103,1533,10,0,0,0,0,0,0,0.2978723404255319,0.36367567567567566,0.7013814836112708,214.48000000000002,317.48,317.48
00-0036328,Antonio Gibson,RB,2024,NE,17,0,0,0,0,0,120,538,1,0,29,23,206,0,0,0,0,0,0,0,0.058,0.013780551222048881,0.09664638585543422,80.4,103.4,103.4
00-0036331,Devin Duvernay,WR,2024,JAX,13,0,0,0,0,0,4,3,0,0,16,11,79,0,0,0,0,0,0,0,0.03065134099616858,0.03990405582206716,0.07390985056969988,8.200000000000001,19.200000000000003,19.200000000000003
00-0036332,Josiah Deguara,TE,2024,JAX,7,0,0,0,0,0,0,0,0,0,3,3,14,0,0,0,0,0,0,0,0.005747126436781609,0.0004361098996947231,0.008925966584958719,1.4000000000000001,4.4,4.4
00-0036345,K.J. Osborn,WR,2024,WAS,7,0,0,0,0,0,0,0,0,0,18,7,57,1,0,0,0,0,0,0,0.036,0.02782111284451378,0.07347477899115964,11.7,18.7,18.7
00-0036355,Justin Herbert,QB,2024,LAC,17,504,3870,23,3,3,69,306,2,0,0,0,0,0,0,2,1,1,0,0,0.0,0.0,0.0,285.40000000000003,285.40000000000003,285.40000000000003
00-0036358,CeeDee Lamb,WR,2024,DAL,15,0,0,0,0,0,14,70,0,0,152,101,1194,6,1,1,0,0,1,0,0.24437299035369775,0.253947930004268,0.5443230365335342,162.4,263.4,263.4
00-0036360,Clyde Edwards-Helaire,RB,2024,NO,2,0,0,0,0,0,13,46,0,0,5,3,24,0,0,0,0,0,0,0,0.009671179883945842,-0.0009029345372460496,0.013874715649846528,7.0,10.0,10.0
00-0036370,Joshua Kelley,RB,2024,TEN,1,0,0,0,0,0,1,2,0,0,0,0,0,0,0,0,0,0,0,0,0.0,0.0,0.0,0.2,0.2,0.2
00-0036387,Jalen Reagor,WR,2024,LAC,7,0,0,0,0,0,3,-3,0,0,12,7,100,0,0,1,0,0,1,0,0.024439918533604887,0.02819161127664451,0.05639400569405849,7.700000000000001,14.700000000000001,14.7
00-0036389,Jalen Hurts,QB,2024,PHI,15,361,2903,18,5,0,150,630,14,0,0,0,0,0,0,5,3,2,0,0,0.0,0.0,0.0,315.12,315.12,315.12
00-0036407,Jerry Jeudy,WR,2024,CLE,17,0,0,0,0,0,0,0,0,0,145,90,1229,4,2,0,0,0,0,0,0.22870662460567823,0.3134851138353765,0.5624995165932809,150.9,240.9,240.9
00-0036410,Tee Higgins,WR,2024,CIN,12,0,0,0,0,0,0,0,0,0,109,73,911,10,0,1,0,0,1,0,0.1735668789808917,0.23125270914607715,0.42222721487359155,149.10000000000002,222.10000000000002,222.10000000000002
00-0036414,Cam Akers,RB,2024,MIN,16,0,0,0,0,0,104,444,2,0,18,14,68,3,0,1,0,1,0,0,0.03290676416819013,-0.005802707930367505,0.045298250701027935,79.2,93.2,93.2
00-0036415,Van Jefferson,WR,2024,PIT,15,0,0,0,0,0,0,0,0,0,40,24,276,2,0,0,0,0,0,0,0.08695652173913043,0.117840851495185,0.21292337865532512,39.6,63.6,63.6
00-0036422,Adam Trautman,TE,2024,DEN,13,0,0,0,0,0,0,0,0,0,22,13,188,2,0,0,0,0,0,0,0.04007285974499089,0.03026634382566586,0.08129573029545244,30.8,43.8,43.8
00-0036425,DeeJay Dallas,RB,2024,ARI,16,0,0,0,0,0,9,49,0,0,3,3,11,1,0,0,0,0,0,1,0.0057361376673040155,-0.002434406275358399,0.0069001221082051435,18.0,21.0,21.0
00-0036427,Tyler Johnson,WR,2024,LA,11,0,0,0,0,0,0,0,0,0,41,26,291,1,0,0,0,0,0,0,0.07578558225508318,0.05552861299709021,0.1525484024805879,35.1,61.1,61.1
00-0036429,Charlie Woerner,TE,2024,ATL,12,0,0,0,0,0,0,0,0,0,12,7,46,0,0,0,0,0,0,0,0.022263450834879406,0.007836990595611285,0.03888106966924701,4.6000000000000005,11.600000000000001,11.600000000000001
00-0036438,Stephen Sullivan,TE,2024,CAR,1,0,0,0,0,0,0,0,0,0,1,0,0,0,0,0,0,0,0,0,0.0019305019305019305,0.0035842293906810036,0.005404713469229598,0.0,0.0,0.0
00-0036442,Joe Burrow,QB,2024,CIN,17,652,4918,43,9,0,42,201,2,0,0,0,0,0,0,5,5,0,0,0,0.0,0.0,0.0,372.82000000000005,372.82000000000005,372.82000000000005
00-0036450,Ke'Shawn Vaughn,RB,2024,SF,1,0,0,0,0,0,2,4,0,0,0,0,0,0,0,0,0,0,0,0,0.0,0.0,0.0,0.4,0.4,0.4
00-0036463,Chris Blair,WR,2024,ATL,2,0,0,0,0,0,0,0,0,0,2,1,17,0,0,0,0,0,0,0,0.0037105751391465678,0.008284818629646216,0.011365235749472203,1.7000000000000002,2.7,2.7
00-0036497,Tim Jones,WR,2024,JAX,8,0,0,0,0,0,0,0,0,0,5,3,41,0,0,0,0,0,0,0,0.009578544061302681,0.00872219799389446,0.020473354687680145,4.1000000000000005,7.1000000000000005,7.1000000000000005
00-0036510,Kenny Yeboah,TE,2024,NYJ,7,0,0,0,0,0,0,0,0,0,8,5,47,1,0,0,0,0,0,0,0.013582342954159592,0.008982762806506433,0.026661448395793888,10.7,15.7,15.7
00-0036527,DJ Turner,WR,2024,LV,12,0,0,0,0,0,5,33,1,0,29,16,158,1,0,0,0,0,0,0,0.048986486486486486,0.05723905723905724,0.1135470697970698,31.1,47.1,47.1
00-0036534,Shane Zylstra,TE,2024,DET,2,0,0,0,0,0,0,0,0,0,1,1,22,0,0,0,0,0,0,0,0.0019157088122605363,0.0025810151993117293,0.004680273857909015,2.2,3.2,3.2
00-0036550,Rashod Bateman,WR,2024,BAL,16,0,0,0,0,0,0,0,0,0,72,45,756,9,0,0,0,0,0,0,0.1575492341356674,0.23378183565593463,0.39997113616265534,129.60000000000002,174.60000000000002,174.60000000000002
00-0036554,Nico Collins,WR,2024,HOU,12,0,0,0,0,0,0,0,0,0,99,68,1006,7,0,0,0,0,0,0,0.1809872029250457,0.2327530625402966,0.43440794816577616,142.60000000000002,210.60000000000002,210.60000000000002
00-0036555,Chuba Hubbard,RB,2024,CAR,15,0,0,0,0,0,250,1195,10,1,54,43,171,1,0,3,0,1,2,0,0.10424710424710425,-0.014560931899641577,0.14617800404090725,198.6,241.6,241.6
00-0036556,Brevin Jordan,TE,2024,HOU,2,0,0,0,0,0,0,0,0,0,3,2,7,0,0,0,0,0,0,0,0.005484460694698354,0.0002149151085321298,0.008377131618020022,0.7000000000000001,2.7,2.7
00-0036569,Gary Brightwell,RB,2024,CLE,1,0,0,0,0,0,0,0,0,0,0,0,0,0,0,0,0,0,0,0,0.0,0.0,0.0,0.0,0.0,0.0
00-0036590,Quintin Morris,TE,2024,BUF,10,0,0,0,0,0,0,0,0,0,8,5,36,1,0,0,0,0,0,0,0.01616161616161616,0.017362740497419052,0.03639634259061758,9.6,14.6,14.6
00-0036613,Jaylen Waddle,WR,2024,MIA,15,0,0,0,0,0,4,12,0,0,83,58,744,2,2,0,0,0,0,0,0.14612676056338028,0.22285098356238212,0.3751858293387379,91.60000000000001,149.60000000000002,149.60000000000002
00-0036620,Dee Eskridge,WR,2024,MIA,5,0,0,0,0,0,0,0,0,0,3,3,44,0,0,0,0,0,0,0,0.00528169014084507,0.004042037186742118,0.010751961241987087,4.4,7.4,7.4
00-0036626,Dyami Brown,WR,2024,WAS,15,1,0,0,0,0,3,26,0,0,40,30,308,1,0,1,0,0,1,0,0.07936507936507936,0.07339679358717435,0.1704253745586411,37.4,67.4,67.4
00-0036628,John Bates,TE,2024,WAS,13,0,0,0,0,0,0,0,0,0,13,8,84,0,0,1,0,0,1,0,0.025793650793650792,0.015781563126252503,0.049737570378852944,6.4,14.4,14.399999999999999
00-0036630,Tylan Wallace,WR,2024,BAL,12,0,0,0,0,0,0,0,0,0,12,11,193,1,0,0,0,0,0,0,0.0262582056892779,0.0177799135031235,0.0518332479861033,25.3,36.3,36.3
00-0036635,Ihmir Smith-Marsette,WR,2024,NYG,15,0,0,0,0,0,0,0,0,0,0,0,0,0,0,0,0,0,0,1,0.0,0.0,0.0,6.0,6.0,6.0
00-0036637,Noah Gray,TE,2024,KC,16,0,0,0,0,0,1,-4,0,0,49,40,437,5,0,0,0,0,0,0,0.08566433566433566,0.081187598528639,0.18532782246655077,73.30000000000001,113.30000000000001,113.30000000000001
00-0036640,Zach Davidson,TE,2024,BUF,2,0,0,0,0,0,0,0,0,0,2,1,5,0,0,0,0,0,0,0,0.00404040404040404,0.002346316283435007,0.007703027459010565,0.5,1.5,1.5
00-0036646,Simi Fehoko,WR,2024,LAC,6,0,0,0,0,0,0,0,0,0,16,6,106,0,0,0,0,0,0,0,0.032586558044806514,0.054091221636488655,0.08674369221275183,10.600000000000001,16.6,16.6
00-0036670,Jermar Jefferson,RB,2024,DET,2,0,0,0,0,0,6,22,0,0,1,1,10,0,0,0,0,0,0,0,0.0019157088122605363,0.0,0.0028735632183908046,3.2,4.2,4.2
00-0036741,Jack Stoll,TE,2024,PHI,5,0,0,0,0,0,0,0,0,0,3,2,10,0,0,0,0,0,0,0,0.007177033492822967,0.0034453057708871662,0.013177264278855468,1.0,3.0,3.0
00-0036754,Brock Wright,TE,2024,DET,11,0,0,0,0,0,0,0,0,0,16,13,100,2,0,0,0,0,0,0,0.03065134099616858,0.023229136793805564,0.06223740724991676,22.0,35.0,35.0
00-0036825,Feleipe Franks,TE,2024,CAR,9,0,0,0,0,0,0,0,0,0,3,1,12,0,0,0,0,0,0,0,0.005791505791505791,0.010976702508960573,0.01637095044353109,1.2000000000000002,2.2,2.2
00-0036841,Austin Trammell,WR,2024,JAX,1,0,0,0,0,0,0,0,0,0,3,2,40,0,0,1,0,0,0,0,0.005747126436781609,0.009594417793283908,0.01533678211047115,4.0,6.0,6.0
00-0036842,Kene Nwangwu,RB,2024,NYJ,2,0,0,0,0,0,0,0,0,0,0,0,0,0,0,0,0,0,0,1,0.0,0.0,0.0,6.0,6.0,6.0
00-0036849,Tutu Atwell,WR,2024,LA,15,1,0,0,0,0,2,7,0,0,62,42,562,0,0,0,0,0,0,0,0.11460258780036968,0.17967992240543162,0.2976798273843566,56.900000000000006,98.9,98.9
00-0036862,Ben Skowronek,WR,2024,PIT,9,0,0,0,0,0,0,0,0,0,5,5,69,0,0,0,0,0,0,0,0.010869565217391304,0.01013684744044602,0.02340014103439917,6.9,11.9,11.9
00-0036875,Rhamondre Stevenson,RB,2024,NE,15,0,0,0,0,0,207,801,7,0,41,33,168,1,2,3,0,3,0,0,0.082,-0.010660426417056681,0.11553770150806032,142.9,175.9,175.9
00-0036876,Kylen Granson,TE,2024,IND,16,0,0,0,0,0,0,0,0,0,31,14,182,0,0,0,0,0,0,0,0.06300813008130081,0.06478925087428676,0.13986467073395195,18.2,32.2,32.2
00-0036877,Jaelon Darden,WR,2024,SEA,11,0,0,0,0,0,0,0,0,0,1,1,6,0,0,0,0,0,0,0,0.0015772870662460567,-0.0005837711617046118,0.001957290786175857,0.6000000000000001,1.6,1.6
00-0036887,Luke Farrell,TE,2024,JAX,12,0,0,0,0,0,0,0,0,0,17,12,67,0,0,0,0,0,0,0,0.032567049808429116,0.017880505887483647,0.06136692883388223,6.7,18.7,18.7
00-0036893,Najee Harris,RB,2024,PIT,17,0,0,0,0,0,263,1043,6,0,48,36,283,0,0,0,0,0,0,0,0.10434782608695652,-0.017739483020780537,0.1441041010158884,168.6,204.6,204.60000000000002
00-0036894,Pat Freiermuth,TE,2024,PIT,17,0,0,0,0,0,0,0,0,0,78,65,653,7,0,2,0,0,1,0,0.16956521739130434,0.1208819057273188,0.33896516009607963,105.3,170.3,170.3
00-0036898,Davis Mills,QB,2024,HOU,4,36,212,0,0,0,3,11,0,0,0,0,0,0,0,0,0,0,0,0,0.0,0.0,0.0,9.58,9.58,9.58
00-0036900,Ja'Marr Chase,WR,2024,CIN,17,0,0,0,0,0,3,32,0,0,175,127,1708,17,0,0,0,0,0,0,0.2786624203821656,0.33073255309926314,0.6495064177427325,276.0,403.0,403.0
00-0036906,Khalil Herbert,RB,2024,CIN,11,0,0,0,0,0,36,130,1,0,11,10,25,0,0,0,0,0,0,0,0.02091254752851711,-0.005072783414203794,0.027817872902833007,21.5,31.5,31.5
00-0036912,DeVonta Smith,WR,2024,PHI,13,0,0,0,0,0,1,1,0,0,89,68,833,8,0,0,0,0,0,0,0.21291866028708134,0.23227103072064312,0.48196771193507215,131.4,199.4,199.4
00-0036913,Kadarius Toney,WR,2024,CLE,3,0,0,0,0,0,2,-4,0,0,1,0,0,0,0,1,0,0,0,0,0.0015772870662460567,-0.000972951936174353,0.0016848642440470381,-0.4,-0.4,-0.4
00-0036919,Kenny Gainwell,RB,2024,PHI,17,0,0,0,0,0,75,290,1,0,22,16,116,0,0,0,0,0,0,0,0.05263157894736842,0.006603502727533735,0.08356982033032624,46.6,62.6,62.6
00-0036924,Michael Carter,RB,2024,ARI,3,0,0,0,0,0,35,131,1,0,11,11,57,0,0,0,0,0,0,0,0.021032504780114723,-0.004327833378414931,0.02851927380528163,24.8,35.8,35.8
00-0036928,Kyle Trask,QB,2024,TB,3,1,5,0,0,0,5,-4,0,0,0,0,0,0,0,0,0,0,0,0,0.0,0.0,0.0,-0.2,-0.2,-0.2
00-0036945,Justin Fields,QB,2024,PIT,10,161,1106,5,1,0,62,289,5,0,0,0,0,0,0,1,1,0,0,0,0.0,0.0,0.0,119.14000000000001,119.14000000000001,119.14000000000001
00-0036950,Avery Williams,RB,2024,ATL,17,0,0,0,0,0,0,0,0,0,0,0,0,0,0,0,0,0,0,0,0.0,0.0,0.0,0.0,0.0,0.0
00-0036955,Terrace Marshall Jr.,WR,2024,LV,5,0,0,0,0,0,0,0,0,0,6,3,41,0,0,0,0,0,0,0,0.010135135135135136,0.011672278338945005,0.023373297539964207,4.1000000000000005,7.1000000000000005,7.1000000000000005
00-0036963,Amon-Ra St. Brown,WR,2024,DET,17,1,7,1,0,0,2,6,0,0,141,115,1263,12,0,1,0,0,1,0,0.27011494252873564,0.3100086033839977,0.6221784361619018,201.18,316.18,316.18
00-0036970,Kyle Pitts,TE,2024,ATL,17,0,0,0,0,0,0,0,0,0,74,47,602,4,0,0,0,0,0,0,0.137291280148423,0.13949843260188088,0.3035858230439511,84.2,131.2,131.2
00-0036971,Trevor Lawrence,QB,2024,JAX,10,284,2045,11,7,3,26,119,3,0,0,0,-5,0,0,1,1,0,0,0,0.0,0.0,0.0,145.2,145.2,145.2
00-0036972,Mac Jones,QB,2024,JAX,10,262,1672,8,8,1,28,92,1,0,0,0,0,0,0,2,1,1,0,0,0.0,0.0,0.0,96.08,96.08,96.08
00-0036973,Travis Etienne,RB,2024,JAX,15,0,0,0,0,0,150,558,2,0,52,39,254,0,0,1,0,1,0,0,0.09961685823754789,0.0008722197993894462,0.15003584121589444,91.2,130.2,130.20000000000002
00-0036980,Elijah Moore,WR,2024,CLE,17,0,0,0,0,0,1,1,0,0,102,61,538,1,0,0,0,0,0,0,0.1608832807570978,0.18486086787312705,0.3707275286468356,59.900000000000006,120.9,120.9
00-0036984,Trey Sermon,RB,2024,IND,15,0,0,0,0,0,56,159,2,0,19,16,99,0,0,0,0,0,0,0,0.03861788617886179,0.0011043622308117063,0.05869988282986088,37.8,53.8,53.8
00-0036988,Josh Palmer,WR,2024,LAC,15,0,0,0,0,0,0,0,0,0,65,39,584,1,2,0,0,0,0,0,0.13238289205702647,0.22713729085491635,0.3575704416839811,68.4,107.4,107.4
00-0036997,Javonte Williams,RB,2024,DEN,17,0,0,0,0,0,139,513,4,0,70,52,346,0,0,2,0,2,0,0,0.12750455373406194,-0.0070217917675544795,0.18634157636380477,105.9,157.9,157.9
00-0037004,Hunter Long,TE,2024,LA,11,0,0,0,0,0,0,0,0,0,9,7,60,0,0,0,0,0,0,1,0.0166358595194085,0.007516973811833172,0.03021567094739597,12.0,19.0,19.0
00-0037005,Tommy Tremble,TE,2024,CAR,10,0,0,0,0,0,0,0,0,0,32,23,234,2,0,1,0,0,1,0,0.06177606177606178,0.04077060931899642,0.12120351918739017,33.400000000000006,56.400000000000006,56.400000000000006
00-0037012,Trey Lance,QB,2024,DAL,4,41,266,0,1,0,11,41,0,0,0,0,0,0,0,0,0,0,0,0,0.0,0.0,0.0,12.740000000000002,12.740000000000002,12.740000000000002
00-0037077,Sam Howell,QB,2024,SEA,1,14,24,0,1,0,1,2,0,0,0,0,0,0,0,0,0,0,0,0,0.0,0.0,0.0,-0.8400000000000001,-0.8400000000000001,-0.8400000000000001
00-0037085,Tyler Badie,RB,2024,DEN,3,0,0,0,0,0,11,86,0,0,3,3,-2,0,0,1,0,0,1,0,0.00546448087431694,-0.0014527845036319612,0.007179772158933038,6.4,9.4,9.4
00-0037086,Grant Calcaterra,TE,2024,PHI,15,0,0,0,0,0,0,0,0,0,30,24,298,1,0,0,0,0,0,0,0.07177033492822966,0.06316393913293138,0.15187025978539648,35.8,59.8,59.8
00-0037093,Dareke Young,WR,2024,SEA,7,0,0,0,0,0,0,0,0,0,1,0,0,0,0,0,0,0,0,0,0.0017574692442882249,0.0021876519202722413,0.004167560210622906,0.0,0.0,0.0
00-0037112,Jake Tonges,TE,2024,SF,2,0,0,0,0,0,0,0,0,0,0,0,0,0,0,0,0,0,0,0,0.0,0.0,0.0,0.0,0.0,0.0
00-0037120,Tyler Goodson,RB,2024,IND,14,0,0,0,0,0,32,153,1,0,15,11,61,1,0,0,0,0,0,0,0.03048780487804878,0.0034971470642370696,0.04817971026203912,33.400000000000006,44.400000000000006,44.400000000000006
00-0037132,Britain Covey,WR,2024,PHI,5,0,0,0,0,0,0,0,0,0,8,7,34,0,0,0,0,0,0,0,0.019138755980861243,0.002583979328165375,0.030516919501007624,3.4000000000000004,10.4,10.4
00-0037156,Irvin Charles,WR,2024,NYJ,8,0,0,0,0,0,0,0,0,0,1,0,0,0,0,0,0,0,0,0,0.001697792869269949,0.0007283321194464676,0.0030565217875174505,0.0,0.0,0.0
00-0037197,Isiah Pacheco,RB,2024,KC,7,0,0,0,0,0,83,310,1,0,16,12,79,0,0,0,0,0,0,0,0.027972027972027972,-0.005780346820809248,0.03791179918347549,44.900000000000006,56.900000000000006,56.9
00-0037216,Justyn Ross,WR,2024,KC,1,0,0,0,0,0,0,0,0,0,1,0,0,0,0,0,0,0,0,0,0.0017482517482517483,0.002627430373095113,0.004461578883544201,0.0,0.0,0.0
00-0037228,Jaylen Warren,RB,2024,PIT,15,0,0,0,0,0,120,511,1,0,47,38,310,0,0,1,0,1,0,0,0.10217391304347827,-0.0010136847440446021,0.15255129024438618,86.10000000000001,124.10000000000001,124.1
00-0037231,Kevin Austin Jr.,WR,2024,NO,8,0,0,0,0,0,1,9,0,0,22,11,151,0,0,0,0,0,0,0,0.0425531914893617,0.05846501128668172,0.10475529513471975,16.0,27.0,27.0
00-0037238,Drake London,WR,2024,ATL,17,0,0,0,0,0,1,-3,0,0,158,100,1271,9,0,0,0,0,0,0,0.29313543599257885,0.3858038513210927,0.7097658499136331,180.8,280.8,280.8
00-0037239,Chris Olave,WR,2024,NO,8,0,0,0,0,0,1,7,0,0,44,32,400,1,0,1,0,0,1,0,0.0851063829787234,0.10270880361173815,0.1995557369963018,44.7,76.7,76.7
00-0037240,Jameson Williams,WR,2024,DET,15,0,0,0,0,0,11,61,1,0,91,58,1001,7,0,0,0,0,0,0,0.1743295019157088,0.29739030685402923,0.4696674676713837,154.2,212.2,212.20000000000002
00-0037247,George Pickens,WR,2024,PIT,14,0,0,0,0,0,2,-6,0,0,103,59,900,3,0,1,0,0,1,0,0.22391304347826088,0.3575772934617334,0.5861736706406047,105.4,164.4,164.4
00-0037248,James Cook,RB,2024,BUF,16,0,0,0,0,0,207,1009,16,0,38,32,258,2,0,0,0,0,0,0,0.07676767676767676,0.008681370248709526,0.12122847432561182,234.7,266.7,266.70000000000005
00-0037252,Greg Dulcich,TE,2024,NYG,4,0,0,0,0,0,0,0,0,0,12,5,28,0,0,0,0,0,0,0,0.02185792349726776,0.01719128329297821,0.044820783550986384,2.8000000000000003,7.800000000000001,7.800000000000001
00-0037256,Rachaad White,RB,2024,TB,15,0,0,0,0,0,144,613,3,0,57,51,393,6,0,3,0,2,1,0,0.10124333925399645,-0.02746975806451613,0.1326361782358334,148.60000000000002,199.60000000000002,199.60000000000002
00-0037257,David Bell,WR,2024,CLE,1,0,0,0,0,0,0,0,0,0,3,3,27,0,0,0,0,0,0,0,0.00473186119873817,0.0036972173574625414,0.009685843948331035,2.7,5.7,5.7
00-0037258,Dameon Pierce,RB,2024,HOU,10,0,0,0,0,0,40,293,2,0,4,2,2,0,0,0,0,0,0,0,0.007312614259597806,-0.001074575542660649,0.010216718509534255,41.5,43.5,43.5
00-0037261,Khalil Shakir,WR,2024,BUF,15,0,0,0,0,0,2,4,0,0,100,76,821,4,0,0,0,0,0,0,0.20202020202020202,0.1285781323322384,0.3930349956628699,106.5,182.5,182.5
00-0037263,Tyler Allgeier,RB,2024,ATL,17,0,0,0,0,0,137,644,3,1,13,13,88,0,0,0,0,0,0,0,0.02411873840445269,-0.0011195700850873264,0.03539440854711791,93.2,106.2,106.2
00-0037267,Jerome Ford,RB,2024,CLE,14,0,0,0,0,0,104,565,3,0,43,37,225,0,0,0,0,0,0,0,0.06782334384858044,-0.002918855808523059,0.09969181670690451,97.0,134.0,134.0
00-0037272,Montrell Washington,WR,2024,KC,1,0,0,0,0,0,0,0,0,0,0,0,0,0,0,0,0,0,0,0,0.0,0.0,0.0,0.0,0.0,0.0
00-0037276,Ty Chandler,RB,2024,MIN,14,0,0,0,0,0,56,182,0,0,6,6,42,0,0,0,0,0,0,0,0.01160541586073501,-0.0023783783783783785,0.01574325892623765,22.400000000000002,28.400000000000002,28.4
00-0037291,Jalen Nailor,WR,2024,MIN,15,0,0,0,0,0,3,-4,0,0,42,28,414,6,0,1,0,0,0,0,0.08123791102514506,0.1052972972972973,0.1955649746458257,77.0,105.0,105.0
00-0037292,Andrew Ogletree,TE,2024,IND,12,0,0,0,0,0,0,0,0,0,14,9,109,1,0,0,0,0,0,0,0.028455284552845527,0.027609055770292656,0.06200926586847315,16.9,25.9,25.9
00-0037299,Keaontay Ingram,RB,2024,KC,1,0,0,0,0,0,0,0,0,0,0,0,0,0,0,0,0,0,0,0,0.0,0.0,0.0,0.0,0.0,0.0
00-0037300,Mike Woods,WR,2024,CLE,5,0,0,0,0,0,0,0,0,0,17,7,65,0,0,0,0,0,0,0,0.026813880126182965,0.0363884024129208,0.06569270187831901,6.5,13.5,13.5
00-0037306,John FitzPatrick,TE,2024,GB,1,0,0,0,0,0,0,0,0,0,1,1,2,0,0,0,0,0,0,0,0.0021551724137931034,0.0004776689754000478,0.0035671269034696887,0.2,1.2,1.2
00-0037311,Ko Kieft,TE,2024,TB,3,0,0,0,0,0,0,0,0,0,0,0,0,0,0,0,0,0,0,0,0.0,0.0,0.0,0.0,0.0,0.0
00-0037324,Chris Oladokun,QB,2024,KC,1,0,0,0,0,0,1,5,0,0,0,0,0,0,0,0,0,0,0,0,0.0,0.0,0.0,0.5,0.5,0.5
00-0037327,Skylar Thompson,QB,2024,MIA,2,33,187,0,0,0,1,4,0,0,0,0,0,0,0,0,0,0,0,0,0.0,0.0,0.0,7.880000000000001,7.880000000000001,7.880000000000001
00-0037348,Tanner Conner,TE,2024,MIA,4,0,0,0,0,0,0,0,0,0,4,3,16,0,0,0,0,0,0,0,0.007042253521126761,0.012395580706009162,0.019240286775896554,1.6,4.6,4.6
00-0037380,Kaden Davis,WR,2024,CLE,1,0,0,0,0,0,0,0,0,0,0,0,0,0,0,0,0,0,0,0,0.0,0.0,0.0,0.0,0.0,0.0
00-0037382,Brandon Johnson,WR,2024,PIT,1,0,0,0,0,0,0,0,0,0,1,1,9,0,0,0,0,0,0,0,0.002173913043478261,0.0012671059300557526,0.004147843716256419,0.9,1.9,1.9
00-0037387,Jalen Virgil,WR,2024,BUF,3,0,0,0,0,0,0,0,0,0,0,0,0,0,0,0,0,0,0,0,0.0,0.0,0.0,0.0,0.0,0.0
00-0037422,Kendric Pryor,WR,2024,CIN,1,0,0,0,0,0,0,0,0,0,1,1,9,0,0,0,0,0,0,0,0.0015923566878980893,0.0019505851755526658,0.003753944654734,0.9,1.9,1.9
00-0037429,Raheem Blackshear,RB,2024,CAR,16,0,0,0,0,0,15,80,0,0,0,0,0,0,0,0,0,0,0,0,0.0,0.0,0.0,8.0,8.0,8.0
00-0037450,Tyreik McAllister,WR,2024,LV,2,0,0,0,0,0,2,11,0,0,0,0,0,0,0,0,0,0,0,0,0.0,0.0,0.0,1.1,1.1,1.1
00-0037451,Rod Williams,TE,2024,PIT,1,0,0,0,0,0,0,0,0,0,0,0,0,0,0,0,0,0,0,0,0.0,0.0,0.0,0.0,0.0,0.0
00-0037456,Troy Hairston,RB,2024,HOU,2,0,0,0,0,0,0,0,0,0,0,0,0,0,0,0,0,0,0,0,0.0,0.0,0.0,0.0,0.0,0.0
00-0037475,Stone Smartt,TE,2024,LAC,9,0,0,0,0,0,0,0,0,0,19,16,208,0,0,1,0,0,1,0,0.038696537678207736,0.044006417602567044,0.08884929883910853,18.8,34.8,34.8
00-0037487,Deven Thompkins,WR,2024,CAR,5,0,0,0,0,0,2,7,0,0,4,4,20,0,0,0,0,0,0,0,0.007722007722007722,-0.0017921146953405018,0.010328531296273234,2.7,6.7,6.7
00-0037509,Sincere McCormick,RB,2024,LV,4,0,0,0,0,0,39,183,0,0,7,6,29,0,0,0,0,0,0,0,0.011824324324324325,0.0006734006734006734,0.018207866957866956,21.200000000000003,27.200000000000003,27.200000000000003
00-0037524,Tay Martin,WR,2024,TEN,1,0,0,0,0,0,0,0,0,0,2,1,49,1,0,0,0,0,0,0,0.0039447731755424065,0.014736842105263158,0.01623294923699782,10.9,11.9,11.9
00-0037525,Jordan Mason,RB,2024,SF,12,0,0,0,0,0,153,789,3,0,14,11,91,0,0,1,0,1,0,0,0.02729044834307992,0.011484098939929329,0.04897454177257041,104.0,115.0,115.0
00-0037539,Lucas Krull,TE,2024,DEN,10,0,0,0,0,0,0,0,0,0,23,19,152,0,0,0,0,0,0,0,0.04189435336976321,0.02857142857142857,0.08284153005464481,15.200000000000001,34.2,34.2
00-0037545,Rashid Shaheed,WR,2024,NO,6,0,0,0,0,0,6,29,0,0,41,20,349,3,0,1,0,0,0,1,0.07930367504835589,0.16275395033860046,0.23288327780955415,61.800000000000004,81.80000000000001,81.8
00-0037557,Ronnie Rivers,RB,2024,LA,6,0,0,0,0,0,22,99,0,0,6,5,34,0,0,0,0,0,0,0,0.011090573012939002,-0.006304558680892337,0.012222668442783866,13.3,18.3,18.3
00-0037569,Peyton Hendershot,TE,2024,KC,5,0,0,0,0,0,0,0,0,0,5,5,51,0,0,0,0,0,0,0,0.008741258741258742,0.0049921177088807145,0.016606370508104613,5.1000000000000005,10.100000000000001,10.100000000000001
00-0037594,Julius Chestnut,RB,2024,TEN,12,0,0,0,0,0,22,102,0,0,3,2,11,0,0,0,0,0,0,0,0.005917159763313609,0.00023391812865497077,0.009039482335028893,11.3,13.3,13.3
00-0037609,Aaron Shampklin,RB,2024,PIT,3,0,0,0,0,0,6,17,0,0,0,0,0,0,0,0,0,0,0,0,0.0,0.0,0.0,1.7000000000000002,1.7000000000000002,1.7000000000000002
00-0037614,John Metchie III,WR,2024,HOU,10,0,0,0,0,0,0,0,0,0,37,24,254,1,0,0,0,0,0,0,0.06764168190127971,0.07156673114119923,0.15155923465075902,31.400000000000002,55.400000000000006,55.400000000000006
00-0037617,Hassan Haskins,RB,2024,LAC,12,0,0,0,0,0,34,89,2,0,3,3,49,1,0,1,0,1,0,0,0.006109979633401222,0.0016044006417602567,0.010288049899334012,29.8,32.8,32.8
00-0037654,Tucker Fisk,TE,2024,LAC,7,0,0,0,0,0,0,0,0,0,8,7,39,0,0,0,0,0,0,0,0.016293279022403257,0.0045840018336007335,0.0276487198171254,3.9000000000000004,10.9,10.9
00-0037664,Alec Pierce,WR,2024,IND,16,0,0,0,0,0,0,0,0,0,69,37,824,7,0,0,0,0,0,0,0.1402439024390244,0.27609055770292656,0.4036292440505852,124.4,161.4,161.4
00-0037666,Jalen Tolbert,WR,2024,DAL,17,0,0,0,0,0,0,0,0,0,79,49,610,7,0,0,0,0,0,0,0.1270096463022508,0.19334186939820744,0.32585377803212145,103.0,152.0,152.0
00-0037708,Maurice Alexander,WR,2024,DET,2,0,0,0,0,0,0,0,0,0,0,0,0,0,0,0,0,0,0,0,0.0,0.0,0.0,0.0,0.0,0.0
00-0037740,Garrett Wilson,WR,2024,NYJ,17,0,0,0,0,0,2,5,0,0,153,101,1104,7,1,2,0,0,2,0,0.2597623089983022,0.33454722019907746,0.6238265176368075,150.9,251.9,251.9
00-0037741,Jahan Dotson,WR,2024,PHI,14,0,0,0,0,0,1,13,0,0,33,19,216,0,0,0,0,0,0,0,0.07894736842105263,0.09388458225667529,0.18414026021125163,22.900000000000002,41.900000000000006,41.900000000000006
00-0037742,Treylon Burks,WR,2024,TEN,5,0,0,0,0,0,2,1,0,0,8,4,34,0,0,0,0,0,0,0,0.015779092702169626,0.031578947368421054,0.04577390221114917,3.5,7.5,7.5
00-0037744,Trey McBride,TE,2024,ARI,16,0,0,0,0,0,1,2,1,0,147,111,1146,2,0,0,0,0,0,0,0.28107074569789675,0.24398160670814173,0.5923932432425444,132.8,243.8,243.8
00-0037745,Velus Jones Jr.,WR,2024,CAR,2,0,0,0,0,0,3,11,0,0,1,1,8,0,0,1,0,0,0,0,0.0019011406844106464,-0.0011027790030877812,0.0020797657244545228,1.9000000000000001,2.9000000000000004,2.9000000000000004
00-0037746,Brian Robinson,RB,2024,WAS,14,0,0,0,0,0,187,799,8,0,25,20,159,0,0,2,0,2,0,0,0.0496031746031746,-0.005761523046092184,0.07037169577249737,139.8,159.8,159.8
00-0037801,KaVontae Turpin,WR,2024,DAL,17,0,0,0,0,0,16,92,0,0,52,31,420,2,0,1,0,0,1,2,0.08360128617363344,0.09368331199317115,0.19098024765566995,73.2,104.2,104.2
00-0037805,Jeremy Ruckert,TE,2024,NYJ,14,0,0,0,0,0,0,0,0,0,28,18,105,0,0,0,0,0,0,0,0.04753820033955857,0.023306627822286964,0.08762193998493872,10.5,28.5,28.5
00-0037809,Chig Okonkwo,TE,2024,TEN,16,0,0,0,0,0,1,17,0,0,70,52,479,2,1,1,0,0,1,0,0.13806706114398423,0.09707602339181287,0.2750538080902453,61.6,113.6,113.60000000000001
00-0037816,Romeo Doubs,WR,2024,GB,13,0,0,0,0,0,0,0,0,0,72,46,601,4,1,0,0,0,0,0,0.15517241379310345,0.21160735610222117,0.38088376996121,86.1,132.1,132.1
00-0037827,Tyrion Davis-Price,RB,2024,PHI,1,0,0,0,0,0,3,7,0,0,0,0,0,0,0,0,0,0,0,0,0.0,0.0,0.0,0.7000000000000001,0.7000000000000001,0.7000000000000001
00-0037834,Brock Purdy,QB,2024,SF,15,455,3864,20,12,0,66,323,5,0,0,0,0,0,0,3,3,0,0,0,0.0,0.0,0.0,266.86,266.86,266.86
00-0037837,Calvin Austin III,WR,2024,PIT,17,0,0,0,0,0,0,0,0,0,58,36,548,4,0,1,0,0,0,1,0.12608695652173912,0.1819564115560061,0.31649992287181294,84.80000000000001,120.80000000000001,120.80000000000001
00-0037838,Isaiah Likely,TE,2024,BAL,15,0,0,0,0,0,0,0,0,0,58,42,477,6,0,1,0,0,1,0,0.12691466083150985,0.11220567035079289,0.2689159604928198,81.7,123.7,123.7
00-0037840,Kyren Williams,RB,2024,LA,16,0,0,0,0,0,316,1299,14,0,40,34,182,2,0,3,0,3,0,0,0.07393715341959335,-0.007759456838021339,0.1054741103427751,238.1,272.1,272.1
00-0038040,Zamir White,RB,2024,LV,8,0,0,0,0,0,65,183,1,0,8,6,30,0,0,2,0,2,0,0,0.013513513513513514,-0.005611672278338945,0.01634209967543301,23.3,29.3,29.299999999999997
00-0038041,Jake Ferguson,TE,2024,DAL,14,0,0,0,0,0,0,0,0,0,86,59,494,0,0,2,0,0,2,0,0.1382636655948553,0.07682458386683738,0.26117270709906915,45.400000000000006,104.4,104.4
00-0038046,Charlie Kolar,TE,2024,BAL,10,0,0,0,0,0,1,2,0,0,11,9,131,1,0,0,0,0,0,0,0.024070021881838075,0.01585776069197501,0.04720546530713962,19.3,28.3,28.3
00-0038090,Skyy Moore,WR,2024,KC,3,0,0,0,0,0,0,0,0,0,3,0,0,0,0,0,0,0,0,0,0.005244755244755245,0.004729374671571204,0.011177695137232711,0.0,0.0,0.0
00-0038092,Erik Ezukanma,WR,2024,MIA,1,0,0,0,0,0,0,0,0,0,2,0,0,0,0,0,0,0,0,0,0.0035211267605633804,0.015898679601185663,0.016410765861675034,0.0,0.0,0.0
00-0038098,Pierre Strong,RB,2024,CLE,13,0,0,0,0,0,26,108,0,0,22,14,104,0,0,0,0,0,0,0,0.03470031545741325,0.0011675423234092236,0.05286775281250632,21.200000000000003,35.2,35.2
00-0038102,Kenny Pickett,QB,2024,PHI,5,42,291,2,1,0,9,15,1,0,0,0,0,0,0,0,0,0,0,0,0.0,0.0,0.0,25.14,25.14,25.14
00-0038104,Tyquan Thornton,WR,2024,NE,4,0,0,0,0,0,0,0,0,0,8,4,47,0,0,0,0,0,0,0,0.016,0.0327613104524181,0.04693291731669266,4.7,8.7,8.7
00-0038108,Bailey Zappe,QB,2024,CLE,1,31,170,1,2,0,2,2,0,0,0,0,0,0,0,0,0,0,0,0,0.0,0.0,0.0,7.000000000000001,7.000000000000001,7.000000000000001
00-0038115,Daniel Bellinger,TE,2024,NYG,12,0,0,0,0,0,0,0,0,0,17,14,125,0,0,0,0,0,0,0,0.030685920577617327,0.017168449863150036,0.058046795770631016,12.5,26.5,26.5
00-0038117,Wan'Dale Robinson,WR,2024,NYG,17,0,0,0,0,0,3,18,0,0,140,93,699,3,0,0,0,0,0,0,0.2527075812274368,0.16322468275690472,0.4933186497709885,89.7,182.7,182.7
00-0038120,Breece Hall,RB,2024,NYJ,16,0,0,0,0,0,209,876,5,2,76,57,483,3,0,2,0,1,1,0,0.12903225806451613,0.004612770089827628,0.19677732615965352,183.9,240.9,240.9
00-0038122,Desmond Ridder,QB,2024,LV,5,85,458,2,2,0,9,36,0,0,0,0,0,0,0,2,2,0,0,0,0.0,0.0,0.0,21.92,21.92,21.92
00-0038124,Christian Watson,WR,2024,GB,14,0,0,0,0,0,4,23,0,0,53,29,620,2,1,1,0,0,1,0,0.11422413793103449,0.22545975638882254,0.32915803636872754,76.3,105.3,105.3
00-0038128,Malik Willis,QB,2024,GB,6,54,550,3,0,0,20,138,1,0,0,0,0,0,0,1,1,0,0,0,0.0,0.0,0.0,51.8,51.8,51.8
00-0038129,Cade Otton,TE,2024,TB,14,0,0,0,0,0,1,-4,0,0,87,59,600,4,0,1,0,0,1,0,0.15452930728241562,0.11869959677419355,0.3148836786655589,81.6,140.6,140.6
00-0038134,Kenneth Walker III,RB,2024,SEA,11,0,0,0,0,0,153,573,7,0,53,46,299,1,0,0,0,0,0,0,0.09314586994727592,-0.015313563441905688,0.1289993105115799,135.2,181.2,181.20000000000002
00-0038359,Xavier Smith,WR,2024,LA,14,0,0,0,0,0,4,36,0,0,2,2,6,0,0,0,0,0,0,0,0.0036968576709796672,0.00024248302618816683,0.005715024624801218,4.2,6.2,6.2
00-0038393,Dontayvion Wicks,WR,2024,GB,17,0,0,0,0,0,0,0,0,0,76,39,415,5,0,0,0,0,0,0,0.16379310344827586,0.210174349176021,0.39281169959562845,71.5,110.5,110.5
00-0038394,Will Mallory,TE,2024,IND,7,0,0,0,0,0,0,0,0,0,8,4,29,0,0,0,0,0,0,0,0.016260162601626018,0.015277010859561936,0.03508415150413238,2.9000000000000004,6.9,6.9
00-0038396,Eric Gray,RB,2024,NYG,14,0,0,0,0,0,14,31,0,0,11,10,82,0,0,2,0,1,0,0,0.019855595667870037,-0.005473998507091316,0.025951594546841133,9.3,19.3,19.3
00-0038400,Tanner McKee,QB,2024,PHI,2,45,323,4,0,0,5,-1,0,0,0,0,0,0,0,0,0,0,0,0,0.0,0.0,0.0,28.82,28.82,28.82
00-0038416,Tyson Bagent,QB,2024,CHI,4,2,11,0,0,0,6,-7,0,0,0,0,0,0,0,0,0,0,0,0,0.0,0.0,0.0,-0.26000000000000006,-0.26000000000000006,-0.26000000000000006
00-0038454,Keaton Mitchell,RB,2024,BAL,4,0,0,0,0,0,15,30,0,0,1,1,28,0,0,0,0,0,0,0,0.002188183807439825,-0.001201345506967804,0.0024413338562822746,5.800000000000001,6.800000000000001,6.800000000000001
00-0038465,Malik Heath,WR,2024,GB,5,0,0,0,0,0,0,0,0,0,13,10,97,2,0,0,0,0,0,0,0.028017241379310345,0.020062096966802005,0.05606932994572692,21.700000000000003,31.700000000000003,31.700000000000003
00-0038476,Tommy DeVito,QB,2024,NYG,2,44,257,0,0,0,8,32,0,0,0,0,0,0,0,0,0,0,0,0,0.0,0.0,0.0,13.48,13.48,13.48
00-0038477,Bryce Ford-Wheaton,WR,2024,NYG,5,0,0,0,0,0,0,0,0,0,0,0,0,0,0,0,0,0,0,1,0.0,0.0,0.0,6.0,6.0,6.0
00-0038488,Brady Russell,RB,2024,SEA,8,0,0,0,0,0,0,0,0,0,0,0,0,0,0,0,0,0,0,0,0.0,0.0,0.0,0.0,0.0,0.0
00-0038489,Ben VanSumeren,RB,2024,PHI,3,0,0,0,0,0,0,0,0,0,1,1,0,0,0,0,0,0,0,0,0.0023923444976076554,0.0,0.003588516746411483,0.0,1.0,1.0
00-0038496,Xavier Gipson,WR,2024,NYJ,17,0,0,0,0,0,1,5,0,0,10,6,39,1,0,1,0,0,0,0,0.01697792869269949,0.027191065792668122,0.044500639093916924,10.4,16.4,16.4
00-0038498,E.J. Jenkins,TE,2024,PHI,2,0,0,0,0,0,0,0,0,0,2,1,7,1,0,0,0,0,0,0,0.004784688995215311,0.002583979328165375,0.008985819022538729,6.7,7.7,7.7
00-0038507,Grant DuBose,WR,2024,MIA,2,0,0,0,0,0,0,0,0,0,4,2,11,0,0,0,0,0,0,0,0.007042253521126761,0.01266504985179197,0.019428915177944518,1.1,3.1,3.1
00-0038519,Nikko Remigio,WR,2024,KC,5,0,0,0,0,0,0,0,0,0,6,2,48,0,0,0,0,0,0,0,0.01048951048951049,0.016815554387808723,0.02750515380573184,4.800000000000001,6.800000000000001,6.800000000000001
00-0038542,Bijan Robinson,RB,2024,ATL,17,0,0,0,0,0,304,1456,14,1,72,61,431,1,0,0,0,0,0,0,0.13358070500927643,-0.004702194357366771,0.1970795214637579,280.70000000000005,341.70000000000005,341.7
00-0038543,Jaxon Smith-Njigba,WR,2024,SEA,17,1,35,0,0,0,5,26,0,0,137,100,1130,6,0,0,0,0,0,0,0.24077328646748683,0.2882839086047642,0.5629586657245652,153.0,253.0,253.0
00-0038544,Quentin Johnston,WR,2024,LAC,15,0,0,0,0,0,3,6,0,0,91,55,711,8,0,0,0,0,0,0,0.18533604887983707,0.22599129039651616,0.43619797659731696,119.7,174.7,174.7
00-0038547,Luke Schoonmaker,TE,2024,DAL,12,0,0,0,0,0,0,0,0,0,36,27,241,1,0,0,0,0,0,0,0.05787781350482315,0.04246692274861289,0.11654356618126374,30.1,57.1,57.1
00-0038550,Hendon Hooker,QB,2024,DET,3,9,62,0,0,0,5,2,0,0,0,0,0,0,0,0,0,0,0,0,0.0,0.0,0.0,2.68,2.68,2.68
00-0038551,Kendre Miller,RB,2024,NO,6,0,0,0,0,0,39,148,1,0,8,5,33,0,0,0,0,0,0,0,0.015473887814313346,0.0006772009029345372,0.023684872353524195,24.1,29.1,29.1
00-0038555,Tank Bigsby,RB,2024,JAX,16,0,0,0,0,0,168,766,7,0,12,7,54,0,0,1,0,1,0,0,0.022988505747126436,-0.0028347143480157,0.032498458577078664,122.0,129.0,129.0
00-0038558,Darnell Washington,TE,2024,PIT,13,0,0,0,0,0,0,0,0,0,25,19,200,1,0,0,0,0,0,0,0.05434782608695652,0.027369488089204256,0.10068038079287776,26.0,45.0,45.0
00-0038559,Michael Wilson,WR,2024,ARI,16,0,0,0,0,0,1,7,0,0,71,47,548,4,0,1,0,0,1,0,0.13575525812619502,0.21774411685150122,0.35605376898534336,77.5,124.5,124.5
00-0038563,Tre Tucker,WR,2024,LV,17,0,0,0,0,0,9,44,1,0,81,47,539,3,0,0,0,0,0,0,0.13682432432432431,0.22828282828282828,0.36503446628446623,82.30000000000001,129.3,129.3
00-0038573,Derius Davis,WR,2024,LAC,15,0,0,0,0,0,12,39,0,0,17,13,112,2,0,0,0,0,0,0,0.034623217922606926,0.014898005959202383,0.06236343105535206,27.1,40.1,40.1
00-0038576,Charlie Jones,WR,2024,CIN,7,0,0,0,0,0,0,0,0,0,1,1,5,0,0,1,0,0,0,1,0.0015923566878980893,0.001083658430862592,0.0031470959334509484,6.5,7.5,7.5
00-0038579,Aidan O'Connell,QB,2024,LV,9,243,1612,8,4,0,21,30,1,0,0,0,0,0,0,2,0,2,0,0,0.0,0.0,0.0,93.48,93.48,93.48
00-0038582,Clayton Tune,QB,2024,ARI,5,2,8,0,0,0,7,-4,0,0,0,0,0,0,0,1,0,1,0,0,0.0,0.0,0.0,-2.08,-2.08,-2.08
00-0038583,Dorian Thompson-Robinson,QB,2024,CLE,6,118,440,0,6,0,21,122,0,0,0,0,0,0,0,1,1,0,0,0,0.0,0.0,0.0,15.800000000000004,15.800000000000004,15.800000000000004
00-0038589,Josh Whyle,TE,2024,TEN,15,0,0,0,0,0,0,0,0,0,37,28,248,1,1,0,0,0,0,0,0.07297830374753451,0.04888888888888889,0.143689677843524,32.8,60.8,60.8
00-0038590,Justin Shorter,TE,2024,LV,1,0,0,0,0,0,0,0,0,0,0,0,0,0,0,0,0,0,0,0,0.0,0.0,0.0,0.0,0.0,0.0
00-0038597,Chase Brown,RB,2024,CIN,16,0,0,0,0,0,229,990,7,1,65,54,360,4,0,1,0,1,0,0,0.1035031847133758,0.011486779367143476,0.16329552262706412,201.0,255.0,255.0
00-0038606,Parker Washington,WR,2024,JAX,14,0,0,0,0,0,0,0,0,0,51,32,390,3,1,0,0,0,0,1,0.09770114942528736,0.13105102485826428,0.23828744153871606,65.0,97.0,97.0
00-0038608,Kayshon Boutte,WR,2024,NE,15,0,0,0,0,0,0,0,0,0,68,43,589,3,1,0,0,0,0,0,0.136,0.2628705148205928,0.38800936037441497,78.9,121.9,121.9
00-0038611,Chris Rodriguez Jr.,RB,2024,WAS,7,0,0,0,0,0,35,173,2,0,1,1,12,0,0,0,0,0,0,0,0.001984126984126984,0.000250501002004008,0.0031515411775932816,30.5,31.5,31.5
00-0038618,Xavier Hutchinson,WR,2024,HOU,14,0,0,0,0,0,0,0,0,0,26,12,117,0,0,0,0,0,0,0,0.04753199268738574,0.05673758865248227,0.11101430108781621,11.700000000000001,23.700000000000003,23.700000000000003
00-0038619,Andrei Iosivas,WR,2024,CIN,17,0,0,0,0,0,0,0,0,0,61,36,479,6,0,0,0,0,0,0,0.09713375796178345,0.14997832683138274,0.25068546572464306,83.9,119.9,119.9
00-0038621,DeMario Douglas,WR,2024,NE,16,0,0,0,0,0,3,16,0,0,87,66,621,3,0,0,0,0,0,0,0.174,0.13806552262090482,0.35764586583463337,81.7,147.7,147.7
00-0038622,Deuce Vaughn,RB,2024,DAL,5,0,0,0,0,0,17,70,0,0,5,3,18,0,0,0,0,0,0,0,0.008038585209003215,0.0,0.012057877813504822,8.8,11.8,11.8
00-0038636,Kenny McIntosh,RB,2024,SEA,11,0,0,0,0,0,31,172,0,0,4,3,22,0,0,0,0,0,0,0,0.007029876977152899,0.0012153621779290229,0.011395568990279666,19.400000000000002,22.400000000000002,22.4
00-0038640,Jalen Brooks,WR,2024,DAL,12,0,0,0,0,0,0,0,0,0,30,12,177,1,0,0,0,0,0,0,0.04823151125401929,0.08728126333760136,0.13344415121734987,23.7,35.7,35.7
00-0038643,Brayden Willis,TE,2024,SF,5,0,0,0,0,0,0,0,0,0,2,0,0,0,0,0,0,0,0,0,0.003898635477582846,0.002429328621908127,0.0075484832517099575,0.0,0.0,0.0
00-0038647,Ronnie Bell,WR,2024,SF,4,0,0,0,0,0,0,0,0,0,6,2,22,0,0,0,0,0,0,0,0.011695906432748537,0.01435512367491166,0.027592446221560967,2.2,4.2,4.2
00-0038678,Jordan Mims,RB,2024,NO,8,0,0,0,0,0,20,70,0,0,18,12,71,0,0,0,0,0,0,0,0.03481624758220503,0.0006772009029345372,0.05269841200536172,14.100000000000001,26.1,26.1
00-0038679,Tyrell Shavers,WR,2024,BUF,1,0,0,0,0,0,0,0,0,0,1,1,69,1,0,0,0,0,0,0,0.00202020202020202,-0.0004692632566870014,0.0027018187506221295,12.9,13.9,13.9
00-0038685,Chris Brooks,RB,2024,GB,11,0,0,0,0,0,36,183,1,0,13,11,69,0,0,0,0,0,0,0,0.028017241379310345,-0.005254358729400526,0.03834781095838515,31.200000000000003,42.2,42.2
00-0038705,Emari Demercado,RB,2024,ARI,13,0,0,0,0,0,24,223,1,0,20,16,104,0,0,0,0,0,0,0,0.03824091778202677,0.007032729239924263,0.06228428714098714,38.7,54.7,54.7
00-0038710,Blake Whiteheart,TE,2024,CLE,7,0,0,0,0,0,0,0,0,0,9,6,51,1,0,0,0,0,0,0,0.014195583596214511,0.01576182136602452,0.03232665035053893,11.100000000000001,17.1,17.1
00-0038720,Julian Hill,TE,2024,MIA,14,0,0,0,0,0,0,0,0,0,19,12,100,0,0,0,0,0,0,0,0.03345070422535211,0.03233629749393695,0.07281146458378403,10.0,22.0,22.0
00-0038735,Princeton Fant,TE,2024,DAL,1,0,0,0,0,0,0,0,0,0,0,0,0,0,0,0,0,0,0,0,0.0,0.0,0.0,0.0,0.0,0.0
00-0038738,Hunter Luepke,RB,2024,DAL,14,0,0,0,0,0,12,38,0,0,16,12,111,0,0,0,0,0,0,0,0.02572347266881029,0.008322663252240717,0.04441107327978394,14.9,26.9,26.900000000000002
00-0038752,Jake Bobo,WR,2024,SEA,12,0,0,0,0,0,0,0,0,0,17,13,107,1,0,0,0,0,0,0,0.029876977152899824,0.03354399611084103,0.06829626300693845,16.700000000000003,29.700000000000003,29.700000000000003
00-0038783,Nate Adkins,TE,2024,DEN,15,0,0,0,0,0,0,0,0,0,15,14,115,3,0,0,0,0,0,0,0.0273224043715847,0.015012106537530266,0.05149208113364823,29.5,43.5,43.5
00-0038794,Jaleel McLaughlin,RB,2024,DEN,16,0,0,0,0,0,113,496,1,0,27,24,76,2,0,1,0,0,1,0,0.04918032786885246,-0.02639225181598063,0.055295915532092246,73.2,97.2,97.2
00-0038797,Emanuel Wilson,RB,2024,GB,17,0,0,0,0,0,103,502,4,0,14,11,48,1,0,0,0,0,0,0,0.03017241379310345,-0.015046572725101504,0.03472601978208412,85.0,96.0,96.0
00-0038809,Ben Sims,TE,2024,GB,4,0,0,0,0,0,0,0,0,0,5,4,42,0,0,0,0,0,0,0,0.010775862068965518,0.009553379508000955,0.022851158759048945,4.2,8.2,8.2
00-0038821,Rakim Jarrett,WR,2024,TB,8,0,0,0,0,0,0,0,0,0,11,9,124,0,0,0,0,0,0,0,0.019538188277087035,0.032006048387096774,0.0517115162865983,12.4,21.4,21.4
00-0038824,Ryan Miller,WR,2024,TB,9,0,0,0,0,0,0,0,0,0,20,12,128,2,0,0,0,0,0,0,0.035523978685612786,0.04914314516129032,0.08768616964132239,24.8,36.8,36.8
00-0038840,Brycen Tremayne,WR,2024,WAS,2,0,0,0,0,0,0,0,0,0,1,1,-2,0,0,0,0,0,0,0,0.001984126984126984,-0.000501002004008016,0.002625489073384865,-0.2,0.8,0.8
00-0038920,John Shenker,TE,2024,LV,3,0,0,0,0,0,0,0,0,0,1,1,7,0,0,0,0,0,0,0,0.0016891891891891893,0.0008978675645342312,0.003162291078957746,0.7000000000000001,1.7000000000000002,1.7000000000000002
00-0038933,Dalton Kincaid,TE,2024,BUF,13,0,0,0,0,0,0,0,0,0,75,44,448,2,0,0,0,0,0,0,0.15151515151515152,0.1344439230408259,0.3213834734013054,56.800000000000004,100.80000000000001,100.80000000000001
00-0038935,Brenton Strange,TE,2024,JAX,14,0,0,0,0,0,0,0,0,0,53,40,411,2,0,1,0,0,1,0,0.10153256704980843,0.07435673789795029,0.20434856710327787,51.1,91.1,91.1
00-0038938,Jalin Hyatt,WR,2024,NYG,10,0,0,0,0,0,0,0,0,0,19,8,62,0,0,0,0,0,0,0,0.03429602888086643,0.09032097536700671,0.11466872607820433,6.2,14.2,14.2
00-0038941,Tyler Scott,WR,2024,CHI,4,0,0,0,0,0,0,0,0,0,1,1,5,0,0,0,0,0,0,0,0.0019011406844106464,-0.0004411116012351125,0.002542932905751391,0.5,1.5,1.5
00-0038951,Sean Tucker,RB,2024,TB,17,0,0,0,0,0,50,308,2,0,12,9,109,1,0,0,0,0,0,0,0.021314387211367674,0.0030241935483870967,0.034088516300922474,59.7,68.7,68.69999999999999
00-0038976,Marvin Mims Jr.,WR,2024,DEN,17,0,0,0,0,0,13,42,0,0,52,39,503,6,0,0,0,0,0,0,0.0947176684881603,0.09297820823244551,0.20716124849495227,90.5,129.5,129.5
00-0038977,Tank Dell,WR,2024,HOU,14,0,0,0,0,0,9,43,0,0,81,51,667,3,0,0,0,0,0,0,0.1480804387568556,0.2183537502686439,0.3749682833233341,89.0,140.0,140.0
00-0038979,Cedric Tillman,WR,2024,CLE,9,0,0,0,0,0,1,-5,0,0,49,29,339,3,1,1,0,0,1,0,0.07728706624605679,0.10741389375364857,0.19112032499663917,51.4,80.4,80.4
00-0038994,Jordan Addison,WR,2024,MIN,15,0,0,0,0,0,3,20,1,0,99,63,875,9,0,0,0,0,0,0,0.19148936170212766,0.27762162162162163,0.48156917768832663,149.5,212.5,212.5
00-0038996,Tucker Kraft,TE,2024,GB,17,0,0,0,0,0,3,6,0,0,70,50,707,7,1,1,0,0,1,0,0.15086206896551724,0.08932409839980893,0.2888199723281421,113.3,163.3,163.3
00-0038997,Josh Downs,WR,2024,IND,14,0,0,0,0,0,1,12,0,0,107,72,803,5,0,0,0,0,0,0,0.21747967479674796,0.13510031290263205,0.42078973122696434,111.5,183.5,183.5
00-0038998,Jake Haener,QB,2024,NO,8,39,226,1,1,0,11,22,0,0,0,0,0,0,0,0,0,0,0,0,0.0,0.0,0.0,13.240000000000002,13.240000000000002,13.240000000000002
00-0039021,Roschon Johnson,RB,2024,CHI,13,0,0,0,0,0,55,150,6,0,20,16,104,0,0,0,0,0,0,0,0.03802281368821293,0.0024261138067931186,0.05873250019707458,61.400000000000006,77.4,77.4
00-0039032,Tyjae Spears,RB,2024,TEN,12,0,0,0,0,0,84,312,4,0,35,30,224,1,0,0,0,0,0,0,0.06903353057199212,-0.007251461988304094,0.09847427246617531,83.6,113.6,113.60000000000001
00-0039040,De'Von Achane,RB,2024,MIA,17,0,0,0,0,0,203,907,6,0,87,78,592,6,0,0,0,0,0,0,0.15316901408450703,-0.009431420102398275,0.22315152705508176,221.9,299.9,299.9
00-0039041,Elijah Higgins,TE,2024,ARI,15,0,0,0,0,0,0,0,0,0,24,20,172,2,0,0,0,0,0,0,0.045889101338432124,0.029212875304300785,0.08928266472065874,29.2,49.2,49.2
00-0039050,Payne Durham,TE,2024,TB,8,0,0,0,0,0,0,0,0,0,14,11,115,2,0,0,0,0,0,0,0.02486678507992895,0.03125,0.059175177619893424,23.5,34.5,34.5
00-0039052,Trey Palmer,WR,2024,TB,15,0,0,0,0,0,0,0,0,0,22,12,172,1,0,0,0,0,0,0,0.03907637655417407,0.0793850806451613,0.11418412128287402,23.2,35.2,35.2
00-0039062,Jonathan Mingo,WR,2024,DAL,14,0,0,0,0,0,2,5,0,0,42,17,167,0,0,1,0,1,0,0,0.08108108108108109,0.10349462365591398,0.19406785818076142,15.2,32.2,32.2
00-0039064,Zay Flowers,WR,2024,BAL,17,0,0,0,0,0,9,56,0,0,116,74,1059,4,0,0,0,0,0,0,0.2538293216630197,0.2900048053820279,0.5837473462619491,135.5,209.5,209.5
00-0039065,Sam LaPorta,TE,2024,DET,16,0,0,0,0,0,0,0,0,0,83,60,726,7,0,0,0,0,0,0,0.15900383141762453,0.16633209062231144,0.35493821056205477,114.60000000000001,174.60000000000002,174.60000000000002
00-0039066,Michael Mayer,TE,2024,LV,11,0,0,0,0,0,0,0,0,0,32,21,156,0,0,0,0,0,0,0,0.05405405405405406,0.044219977553310884,0.1120350653683987,15.600000000000001,36.6,36.6
00-0039067,Rashee Rice,WR,2024,KC,4,0,0,0,0,0,1,1,0,0,29,24,288,2,0,0,0,0,0,0,0.050699300699300696,0.0396741986337362,0.10382089009256638,40.900000000000006,64.9,64.9
00-0039074,Davis Allen,TE,2024,LA,7,0,0,0,0,0,0,0,0,0,13,6,39,0,0,0,0,0,0,0,0.024029574861367836,0.01212415130940834,0.04453126820863759,3.9000000000000004,9.9,9.9
00-0039075,Puka Nacua,WR,2024,LA,11,0,0,0,0,0,11,46,1,0,106,79,990,3,0,0,0,0,0,0,0.19593345656192238,0.20344325897187196,0.4363104661231939,127.60000000000001,206.60000000000002,206.6
00-0039139,Jahmyr Gibbs,RB,2024,DET,17,0,0,0,0,0,250,1412,16,0,63,52,517,4,0,1,0,0,1,0,0.1206896551724138,-0.0031545741324921135,0.1788262808658762,310.9,362.9,362.90000000000003
00-0039144,Luke Musgrave,TE,2024,GB,7,0,0,0,0,0,0,0,0,0,10,7,45,0,0,0,0,0,0,0,0.021551724137931036,0.015763076188201577,0.04336173953863766,4.5,11.5,11.5
00-0039146,Jayden Reed,WR,2024,GB,17,0,0,0,0,0,20,163,1,0,75,55,857,6,0,1,0,1,0,0,0.16163793103448276,0.16240745163601625,0.3561421126969355,142.0,197.0,197.0
00-0039150,Bryce Young,QB,2024,CAR,14,384,2403,15,9,0,43,249,6,0,0,0,0,0,0,2,1,1,0,0,0.0,0.0,0.0,195.02,195.02,195.02
00-0039152,Will Levis,QB,2024,TEN,12,301,2091,13,12,1,45,183,0,0,0,0,0,0,0,6,3,3,0,0,0.0,0.0,0.0,119.94,119.94,119.94
00-0039163,C.J. Stroud,QB,2024,HOU,17,532,3727,20,12,0,52,233,0,0,1,0,0,0,0,4,2,2,0,0,0.0018281535648994515,0.002149151085321298,0.0042466361070740855,220.38000000000002,220.38000000000002,220.38000000000002
00-0039164,Anthony Richardson,QB,2024,IND,11,264,1814,8,12,0,86,499,6,1,1,1,-1,0,0,3,2,1,0,0,0.0020325203252032522,-0.0014724829744156083,0.0020180424057139523,162.36,163.36,163.36
00-0039165,Zach Charbonnet,RB,2024,SEA,17,0,0,0,0,0,135,569,8,0,52,42,340,1,0,0,0,0,0,0,0.0913884007029877,-0.013125911521633447,0.12789446298933815,144.9,186.9,186.9
00-0039230,Dante Miller,RB,2024,NYG,1,0,0,0,0,0,0,0,0,0,0,0,0,0,0,0,0,0,0,0,0.0,0.0,0.0,0.0,0.0,0.0
00-0039236,Johnny Wilson,WR,2024,PHI,10,0,0,0,0,0,0,0,0,0,15,5,38,1,0,0,0,0,0,0,0.03588516746411483,0.04220499569336779,0.0833712481815297,9.8,14.8,14.8
00-0039244,Chris Collier,RB,2024,LV,6,0,0,0,0,0,5,12,0,0,2,1,-4,0,0,0,0,0,0,0,0.00437636761487965,-0.001201345506967804,0.005723609567442012,0.8,1.8,1.8000000000000003
00-0039299,George Holani,RB,2024,SEA,3,0,0,0,0,0,3,10,0,0,1,1,-1,0,0,0,0,0,0,0,0.0017574692442882249,-0.00024307243558580456,0.0024660531615222745,0.9,1.9,1.9
00-0039316,Baylor Cupp,TE,2024,KC,1,0,0,0,0,0,0,0,0,0,1,0,0,0,0,0,0,0,0,0,0.0017482517482517483,0.0,0.0026223776223776225,0.0,0.0,0.0
00-0039325,Carson Steele,RB,2024,KC,13,0,0,0,0,0,56,183,0,0,11,7,26,0,0,2,0,2,0,0,0.019230769230769232,-0.004466631634261692,0.025719511702170662,16.900000000000002,23.900000000000002,23.900000000000002
00-0039337,Malik Nabers,WR,2024,NYG,15,1,0,0,0,0,5,2,0,0,170,109,1204,7,1,0,0,0,0,0,0.30685920577617326,0.40034834535954217,0.7405326504159394,164.60000000000002,273.6,273.6
00-0039338,Brock Bowers,TE,2024,LV,17,0,0,0,0,0,5,13,0,0,153,112,1194,5,0,0,0,0,0,0,0.25844594594594594,0.20718294051627384,0.5326969772803106,150.7,262.7,262.7
00-0039342,Xavier Legette,WR,2024,CAR,15,0,0,0,0,0,6,24,0,0,84,49,497,4,0,0,0,0,0,0,0.16216216216216217,0.2307347670250896,0.404757580160806,76.1,125.1,125.1
00-0039344,Jonathon Brooks,RB,2024,CAR,3,0,0,0,0,0,9,22,0,0,3,3,23,0,0,0,0,0,0,0,0.005791505791505791,-0.0017921146953405018,0.007432778400520336,4.5,7.5,7.5
00-0039355,Luke McCaffrey,WR,2024,WAS,13,0,0,0,0,0,0,0,0,0,24,18,168,0,0,0,0,0,0,0,0.047619047619047616,0.042585170340681364,0.10123819066704838,16.8,34.8,34.8
00-0039356,Ja'Tavion Sanders,TE,2024,CAR,15,0,0,0,0,0,0,0,0,0,43,33,342,1,0,0,0,0,0,0,0.08301158301158301,0.06003584229390681,0.16654246412310927,40.2,73.2,73.2
00-0039359,Cade Stover,TE,2024,HOU,14,0,0,0,0,0,0,0,0,0,22,15,133,1,0,0,0,0,0,0,0.04021937842778794,0.025359982806791317,0.07808105560643583,19.3,34.3,34.3
00-0039361,Bucky Irving,RB,2024,TB,17,0,0,0,0,0,207,1122,8,0,52,47,392,0,0,1,0,1,0,0,0.09236234458259325,-0.04007056451612903,0.11049412171259956,197.4,244.4,244.39999999999998
00-0039363,Isaac Guerendo,RB,2024,SF,16,0,0,0,0,0,84,420,4,0,16,15,152,0,0,1,0,0,0,0,0.031189083820662766,0.011042402826855124,0.054513307709792735,81.2,96.2,96.2
00-0039364,Sione Vaki,RB,2024,DET,9,0,0,0,0,0,6,14,0,0,3,3,37,0,0,0,0,0,0,0,0.005747126436781609,0.004875250932033267,0.0120333653075957,5.1000000000000005,8.100000000000001,8.100000000000001
00-0039365,Jacob Cowing,WR,2024,SF,15,0,0,0,0,0,1,7,0,0,6,4,80,0,0,1,0,0,0,0,0.011695906432748537,0.018992932862190812,0.030838912652656376,8.700000000000001,12.700000000000001,12.7
00-0039373,Audric Estimé,RB,2024,DEN,13,0,0,0,0,0,76,310,2,0,5,5,27,0,0,1,0,1,0,0,0.009107468123861567,-0.002421307506053269,0.011966286931555064,43.7,48.7,48.7
00-0039376,Spencer Rattler,QB,2024,NO,7,228,1317,4,5,0,18,146,0,0,0,0,0,0,0,3,3,0,0,0,0.0,0.0,0.0,67.28,67.28,67.28
00-0039379,Jamari Thrash,WR,2024,CLE,6,0,0,0,0,0,0,0,0,0,7,3,22,0,0,0,0,0,0,0,0.011041009463722398,0.0099241097489784,0.02350839101986848,2.2,5.2,5.2
00-0039384,Tyrone Tracy Jr.,RB,2024,NYG,17,0,0,0,0,0,192,839,5,0,53,38,284,1,0,2,0,2,0,0,0.09566787003610108,0.004478726051256532,0.14663691329003117,144.3,182.3,182.3
00-0039385,Keilan Robinson,RB,2024,JAX,1,0,0,0,0,0,0,0,0,0,0,0,0,0,0,0,0,0,0,0,0.0,0.0,0.0,0.0,0.0,0.0
00-0039386,Bub Means,WR,2024,NO,4,0,0,0,0,0,0,0,0,0,15,9,118,1,0,0,0,0,0,0,0.029013539651837523,0.03837471783295711,0.07038261196082626,17.8,26.8,26.8
00-0039391,Kimani Vidal,RB,2024,LAC,9,0,0,0,0,0,43,155,0,0,9,5,62,1,0,0,0,0,0,0,0.018329938900203666,0.011001604400641761,0.03519603143075473,27.700000000000003,32.7,32.7
00-0039392,Jha'Quan Jackson,WR,2024,TEN,12,0,0,0,0,0,1,-5,0,0,3,1,8,0,0,2,0,0,0,0,0.005917159763313609,0.018245614035087718,0.021647669469531818,0.30000000000000004,1.3,1.3
00-0039393,Jase McClellan,RB,2024,ATL,2,0,0,0,0,0,13,32,0,0,0,0,0,0,0,0,0,0,0,0,0.0,0.0,0.0,3.2,3.2,3.2
00-0039394,Casey Washington,WR,2024,ATL,2,0,0,0,0,0,0,0,0,0,2,1,14,0,0,0,0,0,0,0,0.0037105751391465678,0.00806090461262875,0.011208495937559976,1.4000000000000001,2.4000000000000004,2.4000000000000004
00-0039398,Joe Milton III,QB,2024,NE,1,29,241,1,0,0,10,16,1,0,0,0,0,0,0,1,0,1,0,0,0.0,0.0,0.0,19.240000000000002,19.240000000000002,19.240000000000002
00-0039407,Dylan Laube,RB,2024,LV,6,0,0,0,0,0,1,0,0,0,0,0,0,0,0,1,0,1,0,0,0.0,0.0,0.0,-2.0,-2.0,-2.0
00-0039410,Ryan Flournoy,WR,2024,DAL,9,0,0,0,0,0,0,0,0,0,14,10,102,0,0,1,0,0,1,0,0.022508038585209004,0.0245411865130175,0.050940888436925756,8.200000000000001,18.200000000000003,18.200000000000003
00-0039420,Jaheim Bell,TE,2024,NE,4,0,0,0,0,0,0,0,0,0,3,2,20,0,0,0,0,0,0,0,0.006,0.005980239209568383,0.013186167446697868,2.0,4.0,4.0
00-0039424,Devaughn Vele,WR,2024,DEN,13,0,0,0,0,0,0,0,0,0,55,41,475,3,0,0,0,0,0,0,0.10018214936247723,0.1116222760290557,0.22840881726405482,65.5,106.5,106.5
00-0039451,Isaiah Williams,WR,2024,CIN,8,0,0,0,0,0,0,0,0,0,3,2,6,0,0,0,0,0,0,0,0.005747126436781609,0.004301691998852882,0.011631874054369431,0.6000000000000001,2.6,2.6
00-0039458,Brenden Bates,TE,2024,CLE,1,0,0,0,0,0,0,0,0,0,1,0,0,0,0,0,0,0,0,0,0.0015772870662460567,-0.0003891807744697412,0.0020935040572402663,0.0,0.0,0.0
00-0039491,Jalen Coker,WR,2024,CAR,11,1,19,0,0,0,0,0,0,0,46,32,478,2,0,0,0,0,0,0,0.0888030888030888,0.11559139784946236,0.21411861169925686,60.56,92.56,92.56
00-0039521,Xavier Weaver,WR,2024,ARI,2,0,0,0,0,0,0,0,0,0,2,0,0,0,0,0,0,0,0,0,0.0038240917782026767,0.010549093859886394,0.01312050336922449,0.0,0.0,0.0
00-0039530,Brevyn Spann-Ford,TE,2024,DAL,11,0,0,0,0,0,0,0,0,0,14,9,88,0,0,0,0,0,0,0,0.022508038585209004,0.017498932991890738,0.04601131097213702,8.8,17.8,17.8
00-0039543,Ramel Keyton,WR,2024,LV,3,0,0,0,0,0,0,0,0,0,3,1,7,0,0,0,0,0,0,0,0.005067567567567568,0.006734006734006734,0.012315156065156065,0.7000000000000001,1.7000000000000002,1.7000000000000002
00-0039573,Blake Watson,RB,2024,DEN,1,0,0,0,0,0,4,10,0,0,2,1,13,0,0,0,0,0,0,0,0.0036429872495446266,-0.0009685230024213075,0.004786514772622025,2.3000000000000003,3.3000000000000003,3.3
00-0039589,Kameron Johnson,WR,2024,TB,4,0,0,0,0,0,2,11,0,0,1,0,0,0,0,0,0,0,0,0,0.0017761989342806395,0.0007560483870967742,0.0031935322723887012,1.1,1.1,1.1
00-0039595,D.J. Williams,RB,2024,TB,1,0,0,0,0,0,0,0,0,0,0,0,0,0,0,0,0,0,0,0,0.0,0.0,0.0,0.0,0.0,0.0
00-0039603,British Brooks,RB,2024,HOU,2,0,0,0,0,0,1,2,0,0,0,0,0,0,0,0,0,0,0,0,0.0,0.0,0.0,0.2,0.2,0.2
00-0039613,Dallin Holker,TE,2024,NO,3,0,0,0,0,0,0,0,0,0,4,3,21,0,0,0,0,0,0,0,0.007736943907156673,0.008126410835214447,0.017293903445385124,2.1,5.1,5.1
00-0039614,Jermaine Jackson,WR,2024,NO,4,0,0,0,0,0,1,-1,0,0,0,0,0,0,0,0,0,0,0,0,0.0,0.0,0.0,-0.1,-0.1,-0.1
00-0039617,Jacob Kibodi,RB,2024,CLE,1,0,0,0,0,0,5,24,0,0,3,1,15,0,0,0,0,0,0,0,0.00473186119873817,0.0017513134851138354,0.00832371123768694,3.9000000000000004,4.9,4.9
00-0039623,Mason Tipton,WR,2024,NO,9,0,0,0,0,0,0,0,0,0,26,14,99,0,0,0,0,0,0,0,0.05029013539651837,0.07358916478555305,0.12694761844466468,9.9,23.9,23.9
00-0039631,Cam Grandy,TE,2024,CIN,4,0,0,0,0,0,0,0,0,0,5,5,28,0,0,0,0,0,0,0,0.007961783439490446,0.002600780234070221,0.013763221323084824,2.8000000000000003,7.800000000000001,7.800000000000001
00-0039648,David Martin-Robinson,TE,2024,TEN,4,0,0,0,0,0,0,0,0,0,2,1,6,0,0,0,0,0,0,0,0.0039447731755424065,0.0,0.00591715976331361,0.6000000000000001,1.6,1.6
00-0039650,Bryce Oliver,WR,2024,TEN,8,0,0,0,0,0,0,0,0,0,9,6,95,0,0,0,0,0,0,0,0.01775147928994083,0.022222222222222223,0.0421827744904668,9.5,15.5,15.5
00-0039686,Colson Yankoff,TE,2024,WAS,4,0,0,0,0,0,0,0,0,0,0,0,0,0,0,0,0,0,0,0,0.0,0.0,0.0,0.0,0.0,0.0
00-0039703,Cody Schrader,RB,2024,LA,1,0,0,0,0,0,1,3,0,0,1,1,6,0,0,0,0,0,0,0,0.0018484288354898336,0.0,0.0027726432532347504,0.9,1.9,1.9000000000000001
00-0039732,Bo Nix,QB,2024,DEN,17,567,3775,29,12,0,92,430,4,0,1,1,2,1,0,0,0,0,0,0,0.0018214936247723133,0.00048426150121065375,0.0030712234880059274,316.2,317.2,317.2
00-0039737,Tip Reiman,TE,2024,ARI,8,0,0,0,0,0,0,0,0,0,7,6,37,0,0,0,0,0,0,0,0.01338432122370937,0.0032458750338111983,0.022348594359231894,3.7,9.7,9.7
00-0039738,Blake Corum,RB,2024,LA,15,0,0,0,0,0,58,207,0,0,8,7,58,0,0,0,0,0,0,0,0.014787430683918669,-0.0012124151309408342,0.02133245543421942,26.5,33.5,33.5
00-0039746,Will Shipley,RB,2024,PHI,13,0,0,0,0,0,30,82,0,0,4,4,35,0,0,0,0,0,0,0,0.009569377990430622,0.0020097616996841805,0.015760900175424856,11.700000000000001,15.700000000000001,15.700000000000001
00-0039747,Ainias Smith,WR,2024,PHI,3,0,0,0,0,0,2,6,0,0,9,7,41,1,0,0,0,0,0,0,0.0215311004784689,0.010910134941142693,0.039933745176503235,10.7,17.7,17.700000000000003
00-0039751,Jordan Whittington,WR,2024,LA,14,0,0,0,0,0,2,12,0,0,28,22,293,0,0,0,0,0,0,0,0.051756007393715345,0.03661493695441319,0.10326446695866226,30.5,52.5,52.5
00-0039754,Devin Culp,TE,2024,TB,2,0,0,0,0,0,0,0,0,0,6,5,88,0,0,0,0,0,0,0,0.010657193605683837,0.01839717741935484,0.028863814602074142,8.8,13.8,13.8
00-0039757,Terrell Jennings,RB,2024,NE,2,0,0,0,0,0,13,33,0,0,1,0,0,0,0,0,0,0,0,0,0.002,0.0075403016120644826,0.008278211128445137,3.3000000000000003,3.3000000000000003,3.3000000000000003
00-0039792,Devontez Walker,WR,2024,BAL,3,0,0,0,0,0,0,0,0,0,3,1,21,1,0,0,0,0,0,0,0.006564551422319475,0.020182604517059107,0.023974650295420587,8.1,9.1,9.1
00-0039793,AJ Barner,TE,2024,SEA,15,0,0,0,0,0,0,0,0,0,38,30,245,4,0,0,0,0,0,0,0.06678383128295255,0.03305785123966942,0.12331624279219741,48.5,78.5,78.5
00-0039794,Braelon Allen,RB,2024,NYJ,17,0,0,0,0,0,92,334,2,0,27,19,148,1,0,0,0,0,0,0,0.04584040747028863,-0.0012138868657441126,0.06791089039941207,66.2,85.2,85.2
00-0039796,Rasheen Ali,RB,2024,BAL,5,0,0,0,0,0,10,31,0,0,2,0,0,0,0,0,0,0,0,0,0.00437636761487965,-0.001201345506967804,0.005723609567442012,3.1,3.1,3.1
00-0039798,Isaiah Davis,RB,2024,NYJ,13,0,0,0,0,0,30,174,1,0,12,9,75,1,0,0,0,0,0,0,0.02037351443123939,0.0038844379703811605,0.0332793782261259,36.900000000000006,45.900000000000006,45.900000000000006
00-0039810,Jermaine Burton,WR,2024,CIN,8,0,0,0,0,0,0,0,0,0,14,4,107,0,0,0,0,0,0,0,0.022292993630573247,0.06415257910706545,0.07834629582080568,10.700000000000001,14.700000000000001,14.700000000000001
00-0039811,MarShawn Lloyd,RB,2024,GB,1,0,0,0,0,0,6,15,0,0,1,1,3,0,0,0,0,0,0,0,0.0021551724137931034,-0.0011941724385001193,0.0023968379137395716,1.8,2.8,2.8
00-0039814,Erick All,TE,2024,CIN,8,0,0,0,0,0,0,0,0,0,22,20,158,0,0,0,0,0,0,0,0.03503184713375796,0.015604681404421327,0.06347104768373188,15.8,35.8,35.8
00-0039816,Anthony Gould,WR,2024,IND,8,0,0,0,0,0,0,0,0,0,1,1,23,0,0,0,0,0,0,0,0.0020325203252032522,0.0033130866924351186,0.005367941172509461,2.3000000000000003,3.3000000000000003,3.3000000000000003
00-0039824,Jared Wiley,TE,2024,KC,1,0,0,0,0,0,0,0,0,0,1,1,7,0,0,0,0,0,0,0,0.0017482517482517483,0.0010509721492380452,0.003358058126844254,0.7000000000000001,1.7000000000000002,1.7000000000000002
00-0039847,Theo Johnson,TE,2024,NYG,11,0,0,0,0,0,0,0,0,0,43,29,331,1,0,0,0,0,0,0,0.0776173285198556,0.07165961682010451,0.16658772455385656,39.1,68.1,68.1
00-0039849,Marvin Harrison Jr.,WR,2024,ARI,17,0,0,0,0,0,0,0,0,0,116,62,885,8,0,1,0,0,1,0,0.22179732313575526,0.42358669191236137,0.6292066690422858,134.5,196.5,196.5
00-0039851,Drake Maye,QB,2024,NE,13,338,2276,15,10,2,54,421,2,0,0,0,0,0,0,6,4,2,0,0,0.0,0.0,0.0,177.14000000000001,177.14000000000001,177.14000000000001
00-0039853,Javon Baker,WR,2024,NE,6,0,0,0,0,0,0,0,0,0,4,1,12,0,0,0,0,0,0,0,0.008,0.013000520020800831,0.021100364014560582,1.2000000000000002,2.2,2.2
00-0039855,Jalen McMillan,WR,2024,TB,13,0,0,0,0,0,4,43,0,0,58,37,461,8,0,0,0,0,0,0,0.10301953818827708,0.1774193548387097,0.2787228556695124,98.4,135.4,135.4
00-0039868,Troy Franklin,WR,2024,DEN,16,0,0,0,0,0,2,8,0,0,53,28,263,2,0,0,0,0,0,0,0.0965391621129326,0.16707021791767554,0.26175789571177177,39.1,67.1,67.1
00-0039874,Jaylen Wright,RB,2024,MIA,13,0,0,0,0,0,68,249,0,0,6,3,8,0,0,1,0,1,0,0,0.01056338028169014,-0.0016168148746968471,0.014713300010247418,23.700000000000003,26.700000000000003,26.700000000000003
00-0039875,Ray Davis,RB,2024,BUF,17,0,0,0,0,0,113,442,3,0,19,17,189,3,0,0,0,0,0,0,0.03838383838383838,0.003754106053496011,0.06020363181320478,99.1,116.1,116.10000000000001
00-0039880,Malik Washington,WR,2024,MIA,14,0,0,0,0,0,5,25,1,0,36,26,223,0,0,1,0,0,0,0,0.06338028169014084,0.05254648342764753,0.13185296093456453,30.8,56.8,56.8
00-0039890,Adonai Mitchell,WR,2024,IND,17,1,24,0,0,0,4,6,0,0,55,23,312,0,0,1,0,1,0,0,0.11178861788617886,0.14264678814651205,0.2675356785318267,30.759999999999998,53.76,53.760000000000005
00-0039893,Brian Thomas Jr.,WR,2024,JAX,17,0,0,0,0,0,6,48,0,0,133,87,1282,10,2,0,0,0,0,0,0.2547892720306513,0.3362407326646315,0.6175524209112191,197.0,284.0,284.0
00-0039894,Xavier Worthy,WR,2024,KC,16,0,0,0,0,0,20,104,3,0,98,59,638,6,0,0,0,0,0,0,0.17132867132867133,0.2375197057277982,0.4232568010024657,128.2,187.2,187.2
00-0039901,Keon Coleman,WR,2024,BUF,13,0,0,0,0,0,1,9,0,0,57,29,556,4,1,0,0,0,0,0,0.11515151515151516,0.20272172688878462,0.3146324815494219,82.5,111.5,111.5
00-0039907,Ja'Lynn Polk,WR,2024,NE,14,0,0,0,0,0,1,0,0,0,33,12,87,2,0,0,0,0,0,0,0.066,0.10270410816432657,0.1708928757150286,20.700000000000003,32.7,32.7
00-0039910,Jayden Daniels,QB,2024,WAS,17,480,3568,25,9,2,148,891,6,1,0,0,0,0,0,0,0,0,0,0,0.0,0.0,0.0,355.82,355.82,355.82
00-0039912,Ben Sinnott,TE,2024,WAS,7,0,0,0,0,0,0,0,0,0,5,5,28,1,0,0,0,0,0,0,0.00992063492063492,0.0022545090180360722,0.01645910869357763,8.8,13.8,13.8
00-0039915,Ladd McConkey,WR,2024,LAC,16,0,0,0,0,0,0,0,0,0,112,82,1149,7,1,0,0,0,0,0,0.22810590631364563,0.25532890213156084,0.520889090962561,158.9,240.9,240.9
00-0039916,Ricky Pearsall,WR,2024,SF,11,1,0,0,0,0,3,45,0,0,46,31,400,3,0,0,0,0,0,0,0.08966861598440545,0.1166077738515901,0.21612836567272126,62.5,93.5,93.5
00-0039917,Michael Penix Jr.,QB,2024,ATL,5,105,775,3,3,0,7,11,1,0,0,0,0,0,0,0,0,0,0,0,0.0,0.0,0.0,44.1,44.1,44.1
00-0039918,Caleb Williams,QB,2024,CHI,17,562,3541,20,6,3,81,489,0,0,0,0,0,0,0,5,3,2,0,0,0.0,0.0,0.0,254.54000000000002,254.54000000000002,254.54000000000002
00-0039919,Rome Odunze,WR,2024,CHI,17,0,0,0,0,0,3,15,0,0,101,54,734,3,0,1,0,0,1,0,0.1920152091254753,0.3083370092633436,0.5038587201725535,90.9,144.9,144.9
00-0039920,Malachi Corley,WR,2024,NYJ,5,0,0,0,0,0,2,26,0,0,6,3,16,0,0,1,0,1,0,0,0.010186757215619695,0.012138868657441126,0.023777343883638332,2.2,5.2,5.2
00-0039921,Trey Benson,RB,2024,ARI,12,0,0,0,0,0,63,291,1,0,6,6,59,0,0,0,0,0,0,0,0.011472275334608031,-0.005139302136867731,0.013610901506104634,41.0,47.0,47.0
00-0022942,Philip Rivers,QB,2025,IND,3,92,544,4,3,0,2,-1,0,0,0,0,0,0,0,0,0,0,0,0,0.0,0.0,0.0,31.660000000000004,31.660000000000004,31.660000000000004
00-0023459,Aaron Rodgers,QB,2025,PIT,16,498,3322,24,7,1,21,61,1,0,1,1,-9,0,0,1,1,0,0,0,0.0019157088122605363,-0.00274390243902439,0.0009528315110737316,226.07999999999998,227.07999999999998,227.07999999999998
00-0024243,Marcedes Lewis,TE,2025,DEN,1,0,0,0,0,0,0,0,0,0,0,0,0,0,0,0,0,0,0,0,0.0,0.0,0.0,0.0,0.0,0.0
00-0026158,Joe Flacco,QB,2025,CIN,13,416,2479,15,10,2,21,35,1,0,0,0,0,0,0,3,3,0,0,0,0.0,0.0,0.0,146.66,146.66,146.66
00-0026300,Josh Johnson,QB,2025,WAS,3,54,372,1,2,0,12,55,1,0,0,0,0,0,0,1,0,1,0,0,0.0,0.0,0.0,24.380000000000003,24.380000000000003,24.380000000000003
00-0026498,Matthew Stafford,QB,2025,LA,17,597,4707,46,8,0,29,1,0,0,0,0,0,0,0,3,2,1,0,0,0.0,0.0,0.0,350.38,350.38,350.38
00-0027973,Andy Dalton,QB,2025,CAR,4,37,293,1,1,0,5,-2,0,0,0,0,0,0,0,2,1,1,0,0,0.0,0.0,0.0,9.520000000000001,9.520000000000001,9.520000000000001
00-0028118,Tyrod Taylor,QB,2025,NYJ,6,134,779,5,5,0,27,143,1,0,0,0,0,0,0,1,1,0,0,0,0.0,0.0,0.0,59.459999999999994,59.459999999999994,59.459999999999994
00-0029263,Russell Wilson,QB,2025,NYG,6,119,831,3,3,0,18,106,0,0,0,0,0,0,0,0,0,0,0,0,0.0,0.0,0.0,49.84,49.84,49.84
00-0029604,Kirk Cousins,QB,2025,ATL,10,269,1721,10,5,0,14,7,1,0,0,0,0,0,0,1,0,1,0,0,0.0,0.0,0.0,103.54,103.54,103.54
00-0030035,Adam Thielen,WR,2025,PIT,14,0,0,0,0,0,0,0,0,0,35,19,186,0,1,0,0,0,0,0,0.07478632478632478,0.08144796380090498,0.16919306184012065,20.6,39.6,39.6
00-0030061,Zach Ertz,TE,2025,WAS,13,0,0,0,0,0,0,0,0,0,72,50,504,4,1,0,0,0,0,0,0.16666666666666666,0.16408204102051024,0.36485742871435717,76.4,126.4,126.4
00-0030279,Keenan Allen,WR,2025,LAC,17,0,0,0,0,0,0,0,0,0,122,81,777,4,0,0,0,0,0,0,0.22426470588235295,0.2259128904531456,0.49453608214073136,101.7,182.7,182.7
00-0030506,Travis Kelce,TE,2025,KC,17,0,0,0,0,0,1,1,0,0,108,76,851,5,1,0,0,0,0,0,0.19672131147540983,0.16214427531436135,0.4085829599331677,117.2,193.2,193.2
00-0030564,DeAndre Hopkins,WR,2025,BAL,17,0,0,0,0,0,0,0,0,0,39,22,330,2,0,0,0,0,0,0,0.09582309582309582,0.1499123319696084,0.2486732761133696,45.0,67.0,67.0
00-0030565,Geno Smith,QB,2025,LV,15,448,3025,19,17,1,41,109,0,0,0,0,0,0,0,1,1,0,0,0,0.0,0.0,0.0,173.9,173.9,173.9
00-0031236,Brandin Cooks,WR,2025,BUF,13,0,0,0,0,0,0,0,0,0,36,24,279,0,0,0,0,0,0,0,0.06371681415929203,0.10779193649467307,0.1710295767852092,27.900000000000002,51.900000000000006,51.900000000000006
00-0031237,Teddy Bridgewater,QB,2025,TB,3,15,62,0,0,0,3,4,0,0,0,0,0,0,0,0,0,0,0,0,0.0,0.0,0.0,2.88,2.88,2.88
00-0031345,Jimmy Garoppolo,QB,2025,LA,3,0,0,0,0,0,9,-10,0,0,0,0,0,0,0,0,0,0,0,0,0.0,0.0,0.0,-1.0,-1.0,-1.0
00-0031381,Davante Adams,WR,2025,LA,14,0,0,0,0,0,0,0,0,0,114,60,789,14,0,0,0,0,0,0,0.1962134251290878,0.2660280029476787,0.48053973975700676,162.9,222.9,222.9
00-0031408,Mike Evans,WR,2025,TB,8,0,0,0,0,0,0,0,0,0,62,30,368,3,0,0,0,0,0,0,0.11460258780036968,0.18294849023090587,0.29996782486218865,54.800000000000004,84.80000000000001,84.80000000000001
00-0031484,Chris Manhertz,TE,2025,NYG,4,0,0,0,0,0,0,0,0,0,2,1,7,0,0,0,0,0,0,0,0.003976143141153081,0.0024591996422982337,0.007685654461338386,0.7000000000000001,1.7000000000000002,1.7000000000000002
00-0031503,Jameis Winston,QB,2025,NYG,3,66,567,2,2,0,7,23,1,0,1,1,33,1,0,1,1,0,0,0,0.0019880715705765406,0.002906326849988822,0.005016536150856986,42.28,43.28,43.28
00-0031588,Stefon Diggs,WR,2025,NE,17,0,0,0,0,0,0,0,0,0,102,85,1013,4,0,0,0,0,0,0,0.21161825726141079,0.1888551604509974,0.44962599820781435,125.30000000000001,210.3,210.3
00-0031610,Darren Waller,TE,2025,MIA,9,0,0,0,0,0,1,4,0,0,34,24,283,6,0,0,0,0,0,0,0.0735930735930736,0.1067816775728733,0.1851367846906217,64.7,88.7,88.7
00-0031687,Raheem Mostert,RB,2025,LV,12,0,0,0,0,0,22,104,0,0,12,12,70,0,0,0,0,0,0,0,0.024291497975708502,-0.004987531172069825,0.03294597514311387,17.400000000000002,29.400000000000002,29.4
00-0031763,DeAndre Carter,WR,2025,CLE,4,0,0,0,0,0,0,0,0,0,0,0,0,0,0,0,0,0,0,0,0.0,0.0,0.0,0.0,0.0,0.0
00-0032104,Ameer Abdullah,RB,2025,IND,13,0,0,0,0,0,14,60,1,0,17,16,99,0,0,1,0,0,0,0,0.03207547169811321,-0.0006849315068493151,0.04763375549237529,21.9,37.9,37.9
00-0032211,Tyler Lockett,WR,2025,LV,17,0,0,0,0,0,0,0,0,0,55,32,291,1,0,0,0,0,0,0,0.10377358490566038,0.10612855007473841,0.22995036241080746,35.1,67.1,67.1
00-0032268,Marcus Mariota,QB,2025,WAS,10,227,1695,10,7,1,50,297,1,0,0,0,0,0,0,3,1,2,0,0,0.0,0.0,0.0,125.5,125.5,125.5
00-0032385,Sterling Shepard,WR,2025,TB,13,0,0,0,0,0,4,19,0,0,53,39,371,1,0,1,0,0,1,0,0.09796672828096119,0.10057726465364121,0.21735417767899062,43.0,82.0,82.0
00-0032392,Austin Hooper,TE,2025,NE,13,0,0,0,0,0,0,0,0,0,26,21,263,2,0,0,0,0,0,0,0.05394190871369295,0.05073720728534258,0.11642890817027923,38.3,59.3,59.3
00-0032398,Chris Moore,WR,2025,WAS,10,0,0,0,0,0,1,9,0,0,23,11,207,1,0,0,0,0,0,0,0.05324074074074074,0.0830415207603802,0.13799017564337723,27.6,38.6,38.6
00-0032434,Brandon Allen,QB,2025,TEN,1,30,72,0,1,0,0,0,0,0,0,0,0,0,0,0,0,0,0,0,0.0,0.0,0.0,0.8799999999999999,0.8799999999999999,0.8799999999999999
00-0032464,Kalif Raymond,WR,2025,DET,15,0,0,0,0,0,2,19,0,0,30,24,289,1,0,0,0,0,0,1,0.05454545454545454,0.04528403001071812,0.1135170028256845,42.8,66.8,66.8
00-0032688,Robbie Chosen,WR,2025,WAS,3,0,0,0,0,0,0,0,0,0,9,5,53,0,0,0,0,0,0,0,0.020833333333333332,0.0327663831915958,0.05418646823411706,5.300000000000001,10.3,10.3
00-0032764,Derrick Henry,RB,2025,BAL,17,1,0,0,0,0,307,1595,16,0,21,15,150,0,0,3,0,3,0,0,0.051597051597051594,0.0035067212156633548,0.07985028224654174,264.5,279.5,279.5
00-0032775,Demarcus Robinson,WR,2025,SF,14,0,0,0,0,0,1,6,0,0,35,22,276,1,1,0,0,0,0,0,0.06363636363636363,0.10986964618249534,0.17236329778229217,36.2,58.2,58.2
00-0032950,Carson Wentz,QB,2025,MIN,5,169,1216,6,5,1,11,57,0,0,0,0,0,0,0,0,0,0,0,0,0.0,0.0,0.0,70.34,70.34,70.34
00-0032951,Laquon Treadwell,WR,2025,IND,6,0,0,0,0,0,0,0,0,0,0,0,0,0,0,0,0,0,0,0,0.0,0.0,0.0,0.0,0.0,0.0
00-0033040,Tyreek Hill,WR,2025,MIA,4,0,0,0,0,0,0,0,0,0,29,21,265,1,0,0,0,0,0,0,0.06277056277056277,0.11867935752528257,0.17723139442354197,32.5,53.5,53.5
00-0033077,Dak Prescott,QB,2025,DAL,17,600,4552,30,10,3,53,177,2,0,0,0,0,0,0,2,1,1,0,0,0.0,0.0,0.0,313.78000000000003,313.78000000000003,313.78000000000003
00-0033090,Hunter Henry,TE,2025,NE,17,0,0,0,0,0,0,0,0,0,87,60,768,7,0,0,0,0,0,0,0.18049792531120332,0.15394622723330442,0.37850924703011807,118.80000000000001,178.8,178.8
00-0033106,Jared Goff,QB,2025,DET,17,578,4564,34,8,0,19,45,0,0,0,0,0,0,0,5,3,2,0,0,0.0,0.0,0.0,297.06,297.06,297.06
00-0033110,Tyler Higbee,TE,2025,LA,10,0,0,0,0,0,0,0,0,0,36,25,281,3,0,0,0,0,0,0,0.06196213425129088,0.021739130434782608,0.10816059268128414,46.1,71.1,71.1
00-0033119,Jacoby Brissett,QB,2025,ARI,14,485,3366,23,8,1,38,168,1,0,0,0,0,0,0,4,4,0,0,0,0.0,0.0,0.0,227.44000000000003,227.44000000000003,227.44000000000003
00-0033217,Mo Alie-Cox,TE,2025,IND,11,0,0,0,0,0,0,0,0,0,20,13,117,1,0,0,0,0,0,0,0.03773584905660377,0.021232876712328767,0.0714667872835358,17.700000000000003,30.700000000000003,30.700000000000003
00-0033246,Johnny Mundt,TE,2025,JAX,12,0,0,0,0,0,0,0,0,0,19,9,111,0,0,0,0,0,0,0,0.03473491773308958,0.020491803278688523,0.06644663889471633,11.100000000000001,20.1,20.1
00-0033280,Christian McCaffrey,RB,2025,SF,17,1,0,0,0,0,311,1202,10,0,129,102,924,7,0,0,0,0,0,0,0.23454545454545456,0.07797951582867783,0.40640384289825626,314.6,416.6,416.6
00-0033282,Curtis Samuel,WR,2025,BUF,6,0,0,0,0,0,0,0,0,0,9,7,81,1,0,0,0,0,0,0,0.018789144050104383,0.04012174875484228,0.05626894020354617,14.1,21.1,21.1
00-0033288,George Kittle,TE,2025,SF,11,0,0,0,0,0,1,-3,0,0,69,57,628,7,0,0,0,0,0,0,0.12545454545454546,0.10707635009310987,0.2631352632469951,104.5,161.5,161.5
00-0033293,Aaron Jones,RB,2025,MIN,12,0,0,0,0,0,132,548,2,0,41,28,199,1,0,1,0,0,1,0,0.0876068376068376,-0.006654245408570668,0.12675228462425692,90.7,118.7,118.70000000000002
00-0033307,Kendrick Bourne,WR,2025,SF,14,0,0,0,0,0,0,0,0,0,53,37,551,0,0,0,0,0,0,0,0.09636363636363636,0.13594040968342644,0.23970374132385303,55.1,92.1,92.1
00-0033319,Nick Mullens,QB,2025,JAX,4,3,19,0,0,0,12,-8,0,0,0,0,0,0,0,0,0,0,0,0,0.0,0.0,0.0,-0.040000000000000036,-0.040000000000000036,-0.040000000000000036
00-0033357,Taysom Hill,TE,2025,NO,13,6,57,1,0,0,52,114,1,0,16,11,91,0,0,1,0,1,0,0,0.02831858407079646,0.011280551493628577,0.0503742621517347,30.78,41.78,41.78
00-0033375,Tim Patrick,WR,2025,JAX,13,0,0,0,0,0,0,0,0,0,24,15,187,3,0,0,0,0,0,0,0.043875685557586835,0.052868852459016395,0.10282172505769173,36.7,51.7,51.7
00-0033376,Patrick Ricard,RB,2025,BAL,5,0,0,0,0,0,1,3,0,0,2,1,8,0,0,0,0,0,0,0,0.004914004914004914,0.0017533606078316774,0.008598359796489546,1.1,2.1,2.1
00-0033439,Pharaoh Brown,TE,2025,ARI,5,0,0,0,0,0,0,0,0,0,2,2,1,0,0,0,0,0,0,0,0.0032414910858995136,0.00021459227467811158,0.005012451221123948,0.1,2.1,2.1
00-0033455,Anthony Firkser,TE,2025,DET,5,0,0,0,0,0,0,0,0,0,10,8,53,0,0,0,0,0,0,0,0.01818181818181818,0.009378349410503752,0.0338375718600799,5.300000000000001,13.3,13.3
00-0033526,Samaje Perine,RB,2025,CIN,15,0,0,0,0,0,84,382,3,0,21,17,87,0,0,2,0,2,0,0,0.03453947368421053,-0.006798385383471425,0.04705034075788579,60.900000000000006,77.9,77.9
00-0033553,James Conner,RB,2025,ARI,3,0,0,0,0,0,32,95,1,0,9,8,38,1,0,0,0,0,0,0,0.014586709886547812,-0.0019313304721030042,0.020528133499349618,25.3,33.3,33.3
00-0033555,Mack Hollins,WR,2025,NE,14,0,0,0,0,0,1,4,0,0,65,46,550,2,0,0,0,0,0,0,0.13485477178423236,0.18451864700780574,0.33144521058181253,67.4,113.4,113.4
00-0033572,Jamal Agnew,WR,2025,ATL,11,0,0,0,0,0,0,0,0,0,0,0,0,0,0,1,0,0,0,0,0.0,0.0,0.0,0.0,0.0,0.0
00-0033576,Eric Saubert,TE,2025,SEA,9,0,0,0,0,0,0,0,0,0,7,4,31,0,1,0,0,0,0,0,0.015384615384615385,0.007450771687067589,0.02829246325787039,5.1,9.1,9.1
00-0033589,David Moore,WR,2025,CAR,3,0,0,0,0,0,1,12,0,0,1,1,5,0,0,0,0,0,0,0,0.0020833333333333333,0.0014492753623188406,0.004139492753623189,1.7000000000000002,2.7,2.7
00-0033591,Noah Brown,WR,2025,WAS,4,0,0,0,0,0,0,0,0,0,10,5,83,0,0,0,0,0,0,0,0.023148148148148147,0.03626813406703352,0.06010991606914569,8.3,13.3,13.3
00-0033662,Cooper Rush,QB,2025,BAL,4,52,303,0,4,0,4,-4,0,0,0,0,0,0,0,1,0,1,0,0,0.0,0.0,0.0,1.720000000000001,1.720000000000001,1.720000000000001
00-0033699,Austin Ekeler,RB,2025,WAS,2,0,0,0,0,0,14,43,0,0,7,5,38,0,0,0,0,0,0,0,0.016203703703703703,0.0030015007503751876,0.026406606080818185,8.1,13.1,13.1
00-0033757,Robert Tonyan,TE,2025,KC,2,0,0,0,0,0,0,0,0,0,1,1,1,0,0,0,0,0,0,0,0.0018214936247723133,0.00022060445621001543,0.002886663556505481,0.1,1.1,1.1
00-0033854,Dare Ogunbowale,RB,2025,HOU,14,0,0,0,0,0,11,25,1,0,13,10,76,0,0,1,0,0,1,0,0.023508137432188065,0.005036726128016789,0.03878791443789385,14.100000000000001,24.1,24.1
00-0033857,JuJu Smith-Schuster,WR,2025,KC,17,0,0,0,0,0,0,0,0,0,45,33,345,1,0,0,0,0,0,0,0.08196721311475409,0.05382748731524377,0.1606300607928018,40.5,73.5,73.5
00-0033858,Jonnu Smith,TE,2025,PIT,17,0,0,0,0,0,9,70,1,0,54,38,222,2,0,0,0,0,0,0,0.10344827586206896,0.07134146341463414,0.20511143818334734,47.2,85.2,85.2
00-0033869,Mitchell Trubisky,QB,2025,BUF,4,35,313,4,0,1,9,6,0,0,0,0,0,0,0,0,0,0,0,0,0.0,0.0,0.0,31.12,31.12,31.12
00-0033873,Patrick Mahomes,QB,2025,KC,14,502,3587,22,11,2,64,422,5,0,1,1,-10,0,0,0,0,0,0,0,0.0018214936247723133,-0.0017648356496801235,0.0014968554823823837,284.68,285.68,285.68
00-0033881,Evan Engram,TE,2025,DEN,16,0,0,0,0,0,1,7,0,0,76,50,461,1,0,0,0,0,0,0,0.13013698630136986,0.07375222816399286,0.24683203916684981,52.800000000000004,102.80000000000001,102.80000000000001
00-0033885,David Njoku,TE,2025,CLE,11,0,0,0,0,0,0,0,0,0,48,33,293,4,0,0,0,0,0,0,0.09195402298850575,0.06684280052840158,0.1847209948526397,53.3,86.3,86.3
00-0033891,Zay Jones,WR,2025,ARI,6,0,0,0,0,0,0,0,0,0,18,12,183,0,0,0,0,0,0,0,0.029173419773095625,0.051716738197424894,0.07996184639784086,18.3,30.3,30.3
00-0033906,Alvin Kamara,RB,2025,NO,11,0,0,0,0,0,131,471,1,0,39,33,186,0,0,2,0,1,1,0,0.06902654867256637,0.006893670357217464,0.1083653922589018,67.7,100.7,100.7
00-0033908,Cooper Kupp,WR,2025,SEA,16,1,0,0,1,0,0,0,0,0,70,47,593,2,1,1,0,0,1,0,0.15384615384615385,0.13970196913251728,0.32856060916199287,69.30000000000001,116.30000000000001,116.30000000000001
00-0033921,Chris Godwin Jr.,WR,2025,TB,9,0,0,0,0,0,0,0,0,0,51,33,360,2,1,0,0,0,0,0,0.09426987060998152,0.08015097690941385,0.197510489751562,50.0,83.0,83.0
00-0033923,Kareem Hunt,RB,2025,KC,17,0,0,0,0,0,163,611,8,0,25,18,143,1,0,1,0,1,0,0,0.04553734061930783,0.0,0.06830601092896174,127.4,145.4,145.39999999999998
00-0033943,Josh Reynolds,WR,2025,NYJ,5,0,0,0,0,0,0,0,0,0,21,11,101,0,1,0,0,0,0,0,0.04449152542372881,0.08108108108108109,0.12349404489234997,12.100000000000001,23.1,23.1
00-0033949,Joshua Dobbs,QB,2025,NE,4,10,65,0,0,0,10,-5,0,0,0,0,0,0,0,0,0,0,0,0,0.0,0.0,0.0,2.1,2.1,2.1
00-0033955,Jeremy McNichols,RB,2025,WAS,16,0,0,0,0,0,44,221,1,1,31,25,196,0,0,1,0,1,0,0,0.07175925925925926,-0.00575287643821911,0.10361187538213552,47.7,72.7,72.7
00-0034054,River Cracraft,WR,2025,WAS,2,0,0,0,0,0,0,0,0,0,0,0,0,0,0,0,0,0,0,0,0.0,0.0,0.0,0.0,0.0,0.0
00-0034073,Ross Dwelley,TE,2025,DET,4,0,0,0,0,0,0,0,0,0,5,2,7,0,0,0,0,0,0,0,0.00909090909090909,0.0002679528403001072,0.01382393062457371,0.7000000000000001,2.7,2.7
00-0034159,Will Dissly,TE,2025,LAC,8,0,0,0,0,0,0,0,0,0,16,11,97,0,0,0,0,0,0,0,0.029411764705882353,0.01583809942806863,0.055204316658471565,9.700000000000001,20.700000000000003,20.700000000000003
00-0034270,Tyler Conklin,TE,2025,LAC,6,0,0,0,0,0,1,2,0,0,10,7,101,0,0,0,0,0,0,0,0.01838235294117647,0.009898812142542894,0.03450269791154473,10.3,17.3,17.3
00-0034272,Marquez Valdes-Scantling,WR,2025,PIT,9,0,0,0,0,0,0,0,0,0,29,14,120,1,0,0,0,0,0,0,0.05272727272727273,0.0824022346368715,0.13677247333671913,18.0,32.0,32.0
00-0034348,Courtland Sutton,WR,2025,DEN,17,0,0,0,0,0,0,0,0,0,124,74,1017,7,1,0,0,0,0,0,0.21232876712328766,0.34358288770053474,0.5590011720753059,145.7,219.7,219.7
00-0034351,Dallas Goedert,TE,2025,PHI,15,0,0,0,0,0,0,0,0,0,82,60,591,11,0,0,0,0,0,0,0.17672413793103448,0.13004684363149677,0.3561189974385994,125.1,185.1,185.1
00-0034365,Ian Thomas,TE,2025,LV,9,0,0,0,0,0,0,0,0,0,13,13,114,0,0,0,0,0,0,0,0.02631578947368421,0.013092269326683292,0.04863827273920462,11.4,24.4,24.4
00-0034367,Nyheim Hines,RB,2025,NO,4,0,0,0,0,0,2,-2,0,0,0,0,0,0,0,0,0,0,0,0,0.0,0.0,0.0,-0.2,-0.2,-0.2
00-0034383,Dalton Schultz,TE,2025,HOU,17,0,0,0,0,0,0,0,0,0,106,82,777,3,0,0,0,0,0,0,0.19168173598553345,0.13830010493179434,0.3843326774305562,95.7,177.7,177.7
00-0034386,Justin Watson,WR,2025,HOU,3,0,0,0,0,0,0,0,0,0,4,3,30,0,0,0,0,0,0,0,0.007233273056057866,0.006925498426023085,0.01569775848230296,3.0,6.0,6.0
00-0034407,Ray-Ray McCloud,WR,2025,NYG,6,0,0,0,0,0,0,0,0,0,15,7,69,0,0,0,0,0,0,0,0.028901734104046242,0.02014388489208633,0.05745332058052979,6.9,13.9,13.9
00-0034418,Cedrick Wilson Jr.,WR,2025,MIA,6,0,0,0,0,0,0,0,0,0,9,5,44,0,0,0,0,0,0,0,0.01948051948051948,0.023497917906008327,0.045669321754985046,4.4,9.4,9.4
00-0034419,Braxton Berrios,WR,2025,HOU,4,0,0,0,0,0,0,0,0,0,8,6,37,0,0,0,0,0,0,0,0.014466546112115732,0.005036726128016789,0.02522552745778535,3.7,9.7,9.7
00-0034487,Trent Sherfield,WR,2025,ARI,4,0,0,0,0,0,0,0,0,0,5,3,21,0,0,0,0,0,0,0,0.008561643835616438,0.010026737967914439,0.019861182330964764,2.1,5.1,5.1
00-0034521,Allen Lazard,WR,2025,NYJ,9,0,0,0,0,0,0,0,0,0,18,10,70,1,0,0,0,0,0,0,0.038135593220338986,0.04171562867215041,0.08640432990101377,13.0,23.0,23.0
00-0034577,Kyle Allen,QB,2025,DET,2,2,0,0,0,0,3,-3,0,0,0,0,0,0,0,0,0,0,0,0,0.0,0.0,0.0,-0.30000000000000004,-0.30000000000000004,-0.30000000000000004
00-0034613,Tanner Hudson,TE,2025,CIN,10,0,0,0,0,0,0,0,0,0,24,19,168,2,0,0,0,0,0,0,0.039473684210526314,0.025281495644784362,0.07690757326713853,28.8,47.8,47.8
00-0034681,Chase Edmonds,RB,2025,WAS,3,0,0,0,0,0,0,0,0,0,0,0,0,0,0,0,0,0,0,0,0.0,0.0,0.0,0.0,0.0,0.0
00-0034753,Mark Andrews,TE,2025,BAL,17,0,0,0,0,0,10,48,1,0,70,48,422,5,0,0,0,0,0,0,0.171990171990172,0.1484511981297487,0.36190109667608206,83.0,131.0,131.0
00-0034771,Mason Rudolph,QB,2025,PIT,5,52,310,2,2,0,7,6,0,0,0,0,0,0,0,1,1,0,0,0,0.0,0.0,0.0,15.0,15.0,15.0
00-0034775,Christian Kirk,WR,2025,HOU,11,0,0,0,0,0,0,0,0,0,52,28,239,1,0,0,0,0,0,0,0.09403254972875226,0.07660020986358866,0.19466897149764045,29.900000000000002,57.900000000000006,57.900000000000006
00-0034791,Nick Chubb,RB,2025,HOU,15,0,0,0,0,0,122,506,3,0,20,13,67,0,0,0,0,0,0,0,0.03616636528028933,0.0031479538300104933,0.056453115601441346,75.30000000000001,88.30000000000001,88.3
00-0034796,Lamar Jackson,QB,2025,BAL,13,302,2549,21,7,1,67,349,2,0,0,0,0,0,0,3,3,0,0,0,0.0,0.0,0.0,214.86,214.86,214.86
00-0034798,Durham Smythe,TE,2025,CHI,7,0,0,0,0,0,0,0,0,0,6,4,25,0,0,0,0,0,0,0,0.011278195488721804,0.0048543689320388345,0.02031535148550989,2.5,6.5,6.5
00-0034827,DJ Moore,WR,2025,CHI,17,1,2,1,0,0,15,79,1,0,85,50,682,6,0,1,0,0,0,0,0.15977443609022557,0.19983818770226539,0.3795483855269241,122.18,172.18,172.18
00-0034829,Mike Gesicki,TE,2025,CIN,12,0,0,0,0,0,0,0,0,0,42,28,307,2,0,0,0,0,0,0,0.06907894736842106,0.0888039090715955,0.16578115740274843,42.7,70.7,70.7
00-0034837,Calvin Ridley,WR,2025,TEN,7,0,0,0,0,0,0,0,0,0,36,17,303,0,0,0,0,0,0,0,0.06792452830188679,0.11285500747384156,0.18088529768451928,30.3,47.3,47.3
00-0034844,Saquon Barkley,RB,2025,PHI,16,0,0,0,0,0,280,1140,7,1,50,37,273,2,0,1,0,0,1,0,0.10775862068965517,0.006915012268570154,0.16647843962248188,195.3,232.3,232.3
00-0034854,KhaDarel Hodge,WR,2025,ATL,8,0,0,0,0,0,0,0,0,0,10,3,31,0,0,0,0,0,0,0,0.019267822736030827,0.03597122302158273,0.05408159021915415,3.1,6.1,6.1
00-0034855,Baker Mayfield,QB,2025,TB,17,543,3693,26,11,2,55,382,1,0,0,0,0,0,0,3,3,0,0,0,0.0,0.0,0.0,271.92,271.92,271.92
00-0034857,Josh Allen,QB,2025,BUF,16,460,3668,25,10,1,112,579,14,0,0,0,0,0,0,3,1,2,0,0,0.0,0.0,0.0,364.62,364.62,364.62
00-0034860,Dante Pettis,WR,2025,NO,8,0,0,0,0,0,0,0,0,0,11,9,127,0,0,1,0,0,1,0,0.019469026548672566,0.02193440568205557,0.04455762380044775,10.700000000000001,19.700000000000003,19.700000000000003
00-0034867,Malik Turner,WR,2025,SF,2,0,0,0,0,0,0,0,0,0,1,0,0,0,0,0,0,0,0,0,0.0018181818181818182,-0.0011638733705772813,0.0019125613678686306,0.0,0.0,0.0
00-0034869,Sam Darnold,QB,2025,SEA,17,477,4048,25,14,2,35,95,0,0,0,0,0,0,0,6,5,1,0,0,0.0,0.0,0.0,235.42000000000002,235.42000000000002,235.42000000000002
00-0034928,Steven Sims,WR,2025,ARI,3,0,0,0,0,0,0,0,0,0,1,0,0,0,0,0,0,0,0,0,0.0016207455429497568,0.00042918454935622315,0.0027315474989739914,0.0,0.0,0.0
00-0034955,Brett Rypien,QB,2025,CIN,1,0,0,0,0,0,0,0,0,0,0,0,0,0,0,0,0,0,0,0,0.0,0.0,0.0,0.0,0.0,0.0
00-0034960,Jakobi Meyers,WR,2025,JAX,16,0,0,0,0,0,5,13,0,0,110,75,835,3,0,1,0,0,1,0,0.22267206477732793,0.314214463840399,0.5539582218542711,100.80000000000001,175.8,175.8
00-0034975,Justice Hill,RB,2025,BAL,10,0,0,0,0,0,18,93,2,0,27,21,169,1,0,0,0,0,0,0,0.06633906633906633,-0.0017533606078316774,0.09828124708311732,44.2,65.2,65.2
00-0034981,Foster Moreau,TE,2025,NO,7,0,0,0,0,0,0,0,0,0,10,7,59,0,0,0,0,0,0,0,0.017699115044247787,0.0020889910173386254,0.028010966278508718,5.9,12.9,12.9
00-0034983,Hunter Renfrow,WR,2025,CAR,6,0,0,0,0,0,0,0,0,0,26,15,89,2,0,0,0,0,0,0,0.05416666666666667,0.05623188405797101,0.12061231884057971,20.9,35.9,35.9
00-0035021,Ashton Dulin,WR,2025,IND,12,0,0,0,0,0,3,44,0,0,10,5,106,0,0,0,0,0,0,0,0.018867924528301886,0.036073059360730596,0.05355302834496425,15.0,20.0,20.0
00-0035100,Jake Browning,QB,2025,CIN,5,125,771,6,8,0,9,39,1,0,0,0,0,0,0,0,0,0,0,0,0.0,0.0,0.0,48.74,48.74,48.74
00-0035140,Mecole Hardman,WR,2025,BUF,2,0,0,0,0,0,0,0,0,0,1,0,0,0,0,1,0,0,0,0,0.0020876826722338203,0.012728278915329275,0.012041319249081223,0.0,0.0,0.0
00-0035208,Olamide Zaccheaus,WR,2025,CHI,14,0,0,0,0,0,4,25,0,0,65,39,313,2,0,0,0,0,0,0,0.12218045112781954,0.09344660194174757,0.2486832980509526,45.800000000000004,84.80000000000001,84.8
00-0035228,Kyler Murray,QB,2025,ARI,5,161,962,6,3,0,29,173,1,0,0,0,0,0,0,1,0,1,0,0,0.0,0.0,0.0,77.78,77.78,77.78
00-0035229,T.J. Hockenson,TE,2025,MIN,15,0,0,0,0,0,1,0,0,0,66,51,438,3,0,0,0,0,0,0,0.14102564102564102,0.08756986957678999,0.27283737024221455,61.800000000000004,112.80000000000001,112.80000000000001
00-0035243,Miles Sanders,RB,2025,DAL,4,0,0,0,0,0,20,117,1,0,8,8,30,0,0,1,0,1,0,0,0.013179571663920923,-0.0027618859735648055,0.017836037314386023,18.700000000000003,26.700000000000003,26.700000000000003
00-0035249,Josh Oliver,TE,2025,MIN,12,0,0,0,0,0,0,0,0,0,19,15,160,4,0,0,0,0,0,0,0.0405982905982906,0.01703486824594091,0.07282184366959454,40.0,55.0,55.0
00-0035250,Devin Singletary,RB,2025,NYG,17,0,0,0,0,1,119,437,5,0,19,18,151,0,0,0,0,0,0,0,0.03777335984095427,-0.0026827632461435278,0.054782105489130935,90.80000000000001,108.80000000000001,108.80000000000001
00-0035261,Tony Pollard,RB,2025,TEN,17,0,0,0,0,0,242,1082,5,0,41,33,206,0,0,3,0,2,1,0,0.07735849056603773,0.0029895366218236174,0.11813041148433313,152.8,185.8,185.79999999999998
00-0035264,Jarrett Stidham,QB,2025,DEN,1,0,0,0,0,0,1,-1,0,0,0,0,0,0,0,0,0,0,0,0,0.0,0.0,0.0,-0.1,-0.1,-0.1
00-0035289,Gardner Minshew,QB,2025,KC,4,13,37,0,1,0,6,2,0,0,0,0,0,0,0,0,0,0,0,0,0.0,0.0,0.0,-0.32,-0.32,-0.32
00-0035291,Trayveon Williams,RB,2025,CLE,6,0,0,0,0,0,10,36,0,0,9,8,55,0,0,0,0,0,0,0,0.016544117647058824,-0.007479102507699076,0.019580804715198886,9.1,17.1,17.1
00-0035298,Scott Miller,WR,2025,PIT,5,0,0,0,0,0,0,0,0,0,14,9,62,0,0,0,0,0,0,0,0.02681992337164751,0.022560975609756097,0.05602256798430053,6.2,15.2,15.2
00-0035311,Myles Gaskin,RB,2025,SEA,1,0,0,0,0,0,3,6,0,0,0,0,0,0,0,0,0,0,0,0,0.0,0.0,0.0,0.6000000000000001,0.6000000000000001,0.6000000000000001
00-0035359,David Sills,WR,2025,ATL,12,0,0,0,0,0,0,0,0,0,36,18,191,2,0,0,0,0,0,0,0.06936416184971098,0.09688249400479616,0.1718639885779238,31.1,49.1,49.1
00-0035406,Lil'Jordan Humphrey,WR,2025,DEN,7,0,0,0,0,0,0,0,0,0,25,13,156,1,0,0,0,0,0,0,0.04970178926441352,0.061927118265146436,0.1179016666822228,21.6,34.6,34.6
00-0035500,Greg Dortch,WR,2025,ARI,12,0,0,0,0,0,7,15,1,0,33,29,206,3,0,0,0,0,0,0,0.05348460291734198,0.012446351931330472,0.0889393507279443,46.1,75.1,75.1
00-0035535,Darius Slayton,WR,2025,NYG,14,0,0,0,0,0,0,0,0,0,63,37,538,1,2,1,0,0,1,0,0.12524850894632206,0.18846411804158283,0.31979764604859107,61.800000000000004,98.80000000000001,98.80000000000001
00-0035537,Ty Johnson,RB,2025,BUF,17,0,0,0,0,0,50,200,3,0,33,24,263,2,0,0,0,0,0,0,0.06889352818371608,-0.01079136690647482,0.09578633544104175,76.30000000000001,100.30000000000001,100.3
00-0035544,Tom Kennedy,WR,2025,DET,6,0,0,0,0,0,0,0,0,0,4,4,36,0,0,0,0,0,0,0,0.007272727272727273,0.00857449088960343,0.01691123453181331,3.6,7.6,7.6
00-0035567,Craig Reynolds,RB,2025,DET,5,0,0,0,0,0,3,4,0,0,0,0,0,0,0,0,0,0,0,0,0.0,0.0,0.0,0.4,0.4,0.4
00-0035594,Travis Homer,RB,2025,CHI,8,0,0,0,0,0,1,-2,0,0,0,0,0,0,0,0,0,0,0,0,0.0,0.0,0.0,-0.2,-0.2,-0.2
00-0035602,Alex Bachman,WR,2025,LV,11,0,0,0,0,0,0,0,0,0,3,2,12,0,0,0,0,0,0,0,0.006072874493927126,0.004364089775561097,0.012164174583783455,1.2000000000000002,3.2,3.2
00-0035628,D'Ernest Johnson,RB,2025,NE,5,0,0,0,0,0,14,25,0,0,0,0,0,0,0,0,0,0,0,0,0.0,0.0,0.0,2.5,2.5,2.5
00-0035631,Drew Sample,TE,2025,CIN,12,0,0,0,0,0,1,3,0,0,20,15,106,1,0,0,0,0,0,0,0.03289473684210526,-0.0014871468026343743,0.048301102501313836,16.9,31.9,31.900000000000002
00-0035639,Parris Campbell,WR,2025,DAL,1,0,0,0,0,0,0,0,0,0,0,0,0,0,0,0,0,0,0,0,0.0,0.0,0.0,0.0,0.0,0.0
00-0035640,DK Metcalf,WR,2025,PIT,15,0,0,0,0,0,2,12,1,0,99,59,850,6,0,0,0,0,0,0,0.1896551724137931,0.3182926829268293,0.5072876366694701,128.2,187.2,187.2
00-0035644,Noah Fant,TE,2025,CIN,13,0,0,0,0,0,0,0,0,0,41,34,288,3,0,3,0,0,3,0,0.06743421052631579,0.02910558742298704,0.12152522698556462,40.8,74.8,74.8
00-0035645,Gunner Olszewski,WR,2025,NYG,16,2,33,1,0,0,0,0,0,0,13,10,145,1,0,1,0,0,0,0,0.02584493041749503,0.029063268499888217,0.059111683576164295,25.82,35.82,35.82
00-0035659,Terry McLaurin,WR,2025,WAS,10,0,0,0,0,0,0,0,0,0,60,38,582,3,0,0,0,0,0,0,0.1388888888888889,0.20985492746373186,0.35523178255794563,76.2,114.2,114.2
00-0035662,Marquise Brown,WR,2025,KC,16,0,0,0,0,0,0,0,0,0,74,49,587,5,0,0,0,0,0,0,0.13479052823315119,0.18442532539157291,0.3312835201238278,88.7,137.7,137.7
00-0035676,A.J. Brown,WR,2025,PHI,15,0,0,0,0,0,0,0,0,0,121,78,1003,7,0,0,0,0,0,0,0.2607758620689655,0.3178674994423377,0.6136710427130847,142.3,220.3,220.3
00-0035685,David Montgomery,RB,2025,DET,17,2,3,1,0,0,158,716,8,1,29,24,192,0,0,1,0,1,0,0,0.05272727272727273,0.003215434083601286,0.08134171294942999,142.92000000000002,166.92000000000002,166.92000000000002
00-0035689,Dawson Knox,TE,2025,BUF,16,0,0,0,0,0,0,0,0,0,49,36,417,4,1,0,0,0,0,0,0.1022964509394572,0.09103486441615938,0.21716908150049735,67.7,103.7,103.7
00-0035700,Josh Jacobs,RB,2025,GB,15,0,0,0,0,0,234,929,13,0,44,36,282,1,0,2,0,2,0,0,0.09565217391304348,-0.009105766985757647,0.13710422397953487,201.10000000000002,237.10000000000002,237.10000000000002
00-0035704,Drew Lock,QB,2025,SEA,3,3,15,0,0,0,6,-5,0,0,0,0,0,0,0,0,0,0,0,0,0.0,0.0,0.0,0.09999999999999998,0.09999999999999998,0.09999999999999998
00-0035710,Daniel Jones,QB,2025,IND,13,384,3101,19,8,1,45,164,5,0,0,0,0,0,0,3,3,0,0,0,0.0,0.0,0.0,226.44000000000003,226.44000000000003,226.44000000000003
00-0035719,Deebo Samuel Sr.,WR,2025,WAS,16,0,0,0,0,0,17,75,1,0,99,72,727,5,0,0,0,0,0,0,0.22916666666666666,0.131815907953977,0.4360211355677839,116.2,188.2,188.2
00-0035726,Jakob Johnson,RB,2025,HOU,2,0,0,0,0,0,0,0,0,0,0,0,0,0,0,0,0,0,0,0,0.0,0.0,0.0,0.0,0.0,0.0
00-0035876,Andre Baccellia,WR,2025,ARI,4,0,0,0,0,0,0,0,0,0,4,2,8,0,0,0,0,0,0,0,0.006482982171799027,0.0015021459227467812,0.010775975403621288,0.8,2.8,2.8
00-0035891,Cody White,WR,2025,SEA,8,0,0,0,0,0,0,0,0,0,4,3,90,1,0,0,0,0,0,0,0.008791208791208791,0.010377860564129857,0.020451315581704085,15.0,18.0,18.0
00-0035956,Giovanni Ricci,TE,2025,DET,2,0,0,0,0,0,0,0,0,0,1,0,0,0,0,0,0,0,0,0,0.0018181818181818182,0.0008038585209003215,0.0032899736919029523,0.0,0.0,0.0
00-0035993,Tyler Huntley,QB,2025,BAL,5,67,426,2,0,0,24,151,0,0,0,0,0,0,0,0,0,0,0,0,0.0,0.0,0.0,40.14,40.14,40.14
00-0036040,Juwan Johnson,TE,2025,NO,17,0,0,0,0,0,0,0,0,0,102,77,889,3,0,2,0,0,2,0,0.18053097345132743,0.16147900564027576,0.38383176412518416,102.9,179.9,179.9
00-0036133,James Proche,WR,2025,TEN,6,0,0,0,0,0,0,0,0,0,12,6,65,0,0,0,0,0,0,0,0.022641509433962263,0.04359740906826109,0.06448045049872615,6.5,12.5,12.5
00-0036139,Rico Dowdle,RB,2025,CAR,17,0,0,0,0,0,236,1076,6,0,50,39,297,1,0,1,0,1,0,0,0.10416666666666667,-0.015072463768115942,0.14569927536231883,177.3,216.3,216.3
00-0036158,J.K. Dobbins,RB,2025,DEN,10,0,0,0,0,0,153,772,4,0,14,11,37,0,0,0,0,0,0,0,0.023972602739726026,-0.0066844919786096255,0.0312797597245623,104.9,115.9,115.9
00-0036165,Isaiah Hodgins,WR,2025,NYG,6,0,0,0,0,0,0,0,0,0,19,10,115,1,0,0,0,0,0,0,0.03777335984095427,0.04627766599597585,0.0890544059586145,17.5,27.5,27.5
00-0036176,Mason Kinsey,WR,2025,TEN,6,0,0,0,0,0,0,0,0,0,4,2,48,0,0,0,0,0,0,0,0.007547169811320755,0.0229197807673144,0.02736460125410121,4.800000000000001,6.800000000000001,6.800000000000001
00-0036182,Nick Westbrook-Ikhine,WR,2025,MIA,13,0,0,0,0,0,0,0,0,0,20,11,89,0,0,0,0,0,0,0,0.04329004329004329,0.03271861986912552,0.08783809884345278,8.9,19.9,19.9
00-0036187,Reggie Gilliam,RB,2025,BUF,11,0,0,0,0,0,2,4,0,0,2,2,24,0,0,0,0,0,0,0,0.0041753653444676405,0.006087437742114001,0.010524254436181261,2.8000000000000003,4.800000000000001,4.800000000000001
00-0036196,Gabe Davis,WR,2025,BUF,6,0,0,0,0,0,0,0,0,0,18,12,129,1,0,0,0,0,0,0,0.037578288100208766,0.043995572772551186,0.08716433309109897,18.9,30.9,30.9
00-0036212,Tua Tagovailoa,QB,2025,MIA,14,384,2660,20,15,1,20,43,0,0,0,0,0,0,0,1,1,0,0,0,0.0,0.0,0.0,160.70000000000002,160.70000000000002,160.70000000000002
00-0036223,Jonathan Taylor,RB,2025,IND,17,0,0,0,0,0,323,1585,18,1,55,46,378,2,0,1,0,1,0,0,0.10377358490566038,-0.010273972602739725,0.14846859653657277,316.3,362.3,362.3
00-0036232,Harrison Bryant,TE,2025,HOU,5,0,0,0,0,0,0,0,0,0,6,2,7,0,0,0,0,0,0,0,0.0108499095840868,0.01217208814270724,0.02479532607602527,0.7000000000000001,2.7,2.7
00-0036244,Colby Parkinson,TE,2025,LA,14,0,0,0,0,0,0,0,0,0,56,43,408,8,0,1,0,0,1,0,0.0963855421686747,0.045689019896831246,0.17656062718079393,86.80000000000001,129.8,129.8
00-0036252,Michael Pittman,WR,2025,IND,17,0,0,0,0,0,0,0,0,0,111,80,784,7,1,0,0,0,0,0,0.20943396226415095,0.20707762557077625,0.4591052812957698,122.4,202.4,202.4
00-0036259,Jauan Jennings,WR,2025,SF,15,0,0,0,0,0,0,0,0,0,90,55,643,9,1,1,0,0,1,0,0.16363636363636364,0.2106610800744879,0.39291730150668697,118.3,173.3,173.3
00-0036264,Jordan Love,QB,2025,GB,15,439,3381,23,6,2,47,199,0,0,0,0,0,0,0,2,2,0,0,0,0.0,0.0,0.0,235.14000000000001,235.14000000000001,235.14000000000001
00-0036265,AJ Dillon,RB,2025,PHI,6,0,0,0,0,0,12,60,0,0,3,3,21,0,0,1,0,0,1,0,0.00646551724137931,0.0026767789426723177,0.011572021121939589,6.1,9.1,9.1
00-0036275,D'Andre Swift,RB,2025,CHI,16,0,0,0,0,0,223,1087,9,0,48,34,299,1,0,2,0,2,0,0,0.09022556390977443,-0.0050566343042071195,0.13179870185171666,194.6,228.6,228.6
00-0036290,Cole Kmet,TE,2025,CHI,16,1,0,0,0,0,0,0,0,0,48,30,347,2,1,0,0,0,0,0,0.09022556390977443,0.08515372168284789,0.19494595104265516,48.7,78.7,78.7
00-0036309,Darnell Mooney,WR,2025,ATL,15,0,0,0,0,0,0,0,0,0,72,32,443,1,0,0,0,0,0,0,0.13872832369942195,0.24436450839328538,0.3791476414244327,50.300000000000004,82.30000000000001,82.30000000000001
00-0036322,Justin Jefferson,WR,2025,MIN,17,0,0,0,0,0,2,7,0,0,141,84,1048,2,0,0,0,0,0,0,0.30128205128205127,0.3827521959009848,0.7198496140537662,117.5,201.5,201.5
00-0036328,Antonio Gibson,RB,2025,NE,5,0,0,0,0,0,25,106,1,0,3,2,6,0,0,1,0,1,0,1,0.006224066390041493,-0.0013009540329575022,0.00842543176199199,21.200000000000003,23.200000000000003,23.200000000000003
00-0036331,Devin Duvernay,WR,2025,CHI,17,0,0,0,0,0,0,0,0,0,5,2,26,0,0,0,0,0,0,0,0.009398496240601503,0.01516990291262136,0.024716676399737205,2.6,4.6,4.6
00-0036332,Josiah Deguara,TE,2025,ARI,7,0,0,0,0,0,0,0,0,0,5,3,21,1,0,0,0,0,0,0,0.008103727714748784,0.004935622317596567,0.015610527194440772,8.1,11.1,11.1
00-0036355,Justin Herbert,QB,2025,LAC,16,512,3727,26,13,0,83,498,2,1,0,0,0,0,0,2,1,1,0,0,0.0,0.0,0.0,286.88,286.88,286.88
00-0036358,CeeDee Lamb,WR,2025,DAL,13,0,0,0,0,0,1,2,0,0,117,75,1077,3,0,0,0,0,0,0,0.1927512355848435,0.2767804300651016,0.48287315442283635,125.9,200.9,200.9
00-0036360,Clyde Edwards-Helaire,RB,2025,KC,2,0,0,0,0,0,7,13,0,0,2,2,9,0,0,0,0,0,0,0,0.0036429872495446266,-0.0008824178248400617,0.004846788396928897,2.2,4.2,4.2
00-0036389,Jalen Hurts,QB,2025,PHI,16,454,3224,25,6,0,105,421,8,0,0,0,0,0,0,4,1,2,0,0,0.0,0.0,0.0,301.06,301.06,301.06
00-0036407,Jerry Jeudy,WR,2025,CLE,17,0,0,0,0,0,1,5,0,0,106,50,602,2,0,1,0,0,1,0,0.20306513409961685,0.3402906208718626,0.5428011357597291,70.7,120.7,120.7
00-0036410,Tee Higgins,WR,2025,CIN,15,0,0,0,0,0,0,0,0,0,98,59,846,11,1,0,0,0,0,0,0.1611842105263158,0.27915869980879543,0.43718740565563047,152.60000000000002,211.60000000000002,211.60000000000002
00-0036414,Cam Akers,RB,2025,SEA,4,1,32,1,0,0,5,19,0,0,1,0,0,0,0,0,0,0,0,0,0.002136752136752137,-0.0015970188980569604,0.0020872149764883333,7.180000000000001,7.180000000000001,7.180000000000001
00-0036415,Van Jefferson,WR,2025,TEN,14,0,0,0,0,0,0,0,0,0,52,29,350,1,0,0,0,0,0,0,0.09811320754716982,0.15520677628300947,0.2558145547188614,41.0,70.0,70.0
00-0036422,Adam Trautman,TE,2025,DEN,13,0,0,0,0,0,0,0,0,0,23,20,195,1,0,0,0,0,0,0,0.039383561643835614,0.023618538324420676,0.07560831929284789,25.5,45.5,45.5
00-0036423,Albert Okwuegbunam,TE,2025,LV,1,0,0,0,0,0,0,0,0,0,6,5,36,0,0,0,0,0,0,0,0.012145748987854251,0.005610972568578554,0.022146304279786363,3.6,8.6,8.6
00-0036425,DeeJay Dallas,RB,2025,JAX,5,0,0,0,0,0,3,21,0,0,1,0,0,0,0,0,0,0,0,0,0.0020833333333333333,-0.0002898550724637681,0.0029221014492753624,2.1,2.1,2.1
00-0036427,Tyler Johnson,WR,2025,NYJ,9,0,0,0,0,0,0,0,0,0,18,12,197,1,0,0,0,0,0,0,0.038135593220338986,0.06169212690951821,0.10038787866717122,25.700000000000003,37.7,37.7
00-0036429,Charlie Woerner,TE,2025,ATL,7,0,0,0,0,0,0,0,0,0,9,8,48,0,0,0,0,0,0,0,0.017341040462427744,0.0028776978417266188,0.02802594918285025,4.800000000000001,12.8,12.8
00-0036442,Joe Burrow,QB,2025,CIN,8,259,1809,17,5,0,14,41,0,0,0,0,0,0,0,0,0,0,0,0,0.0,0.0,0.0,134.46,134.46,134.46
00-0036463,Chris Blair,WR,2025,ATL,1,0,0,0,0,0,0,0,0,0,0,0,0,0,0,0,0,0,0,0,0.0,0.0,0.0,0.0,0.0,0.0
00-0036497,Tim Jones,WR,2025,JAX,2,0,0,0,0,0,0,0,0,0,1,1,15,0,0,0,0,0,0,0,0.0018281535648994515,0.000819672131147541,0.003316000839152456,1.5,2.5,2.5
00-0036527,DJ Turner,WR,2025,LV,1,0,0,0,0,0,0,0,0,0,0,0,0,0,0,0,0,0,0,0,0.0,0.0,0.0,0.0,0.0,0.0
00-0036534,Shane Zylstra,TE,2025,DET,1,0,0,0,0,0,0,0,0,0,5,3,20,0,0,0,0,0,0,0,0.00909090909090909,0.009914255091103965,0.020576342200136412,2.0,5.0,5.0
00-0036550,Rashod Bateman,WR,2025,BAL,13,0,0,0,0,0,0,0,0,0,38,19,224,2,1,0,0,0,0,0,0.09336609336609336,0.13676212741087085,0.23578262923674964,36.400000000000006,55.400000000000006,55.400000000000006
00-0036554,Nico Collins,WR,2025,HOU,15,0,0,0,0,0,2,15,1,0,120,71,1117,6,1,1,0,0,1,0,0.21699819168173598,0.3208814270724029,0.550114286473286,155.2,226.2,226.2
00-0036555,Chuba Hubbard,RB,2025,CAR,15,0,0,0,0,0,134,511,1,0,39,30,223,3,0,1,0,1,0,0,0.08125,-0.011594202898550725,0.1137590579710145,95.4,125.4,125.4
00-0036567,Elijah Mitchell,RB,2025,KC,1,0,0,0,0,0,0,0,0,0,1,0,0,0,0,0,0,0,0,0,0.0018214936247723133,0.003529671299360247,0.005203010346710642,0.0,0.0,0.0
00-0036569,Gary Brightwell,RB,2025,CIN,2,0,0,0,0,0,0,0,0,0,0,0,0,0,0,0,0,0,0,0,0.0,0.0,0.0,0.0,0.0,0.0
00-0036590,Quintin Morris,TE,2025,JAX,11,0,0,0,0,0,0,0,0,0,9,6,55,1,0,0,0,0,0,0,0.016453382084095063,0.009221311475409836,0.031134991158929478,11.5,17.5,17.5
00-0036613,Jaylen Waddle,WR,2025,MIA,16,1,8,0,0,0,2,28,0,0,100,64,910,6,0,0,0,0,0,0,0.21645021645021645,0.388459250446163,0.5965967999876387,130.12,194.12,194.12
00-0036620,Dee Eskridge,WR,2025,MIA,11,0,0,0,0,0,0,0,0,0,7,4,62,0,0,1,0,0,0,0,0.015151515151515152,0.029149315883402735,0.043131793845654645,6.2,10.2,10.2
00-0036626,Dyami Brown,WR,2025,JAX,11,0,0,0,0,0,6,30,0,0,37,20,227,1,0,1,0,1,0,0,0.06764168190127971,0.10614754098360656,0.17576580154044413,29.700000000000003,49.7,49.7
00-0036628,John Bates,TE,2025,WAS,10,0,0,0,0,0,0,0,0,0,16,11,103,1,0,0,0,0,0,0,0.037037037037037035,0.01200600300150075,0.06395975765660608,16.3,27.3,27.3
00-0036630,Tylan Wallace,WR,2025,BAL,11,0,0,0,0,0,0,0,0,0,8,4,45,1,0,0,0,0,0,0,0.019656019656019656,0.031268264172998245,0.05137181440512825,10.5,14.5,14.5
00-0036637,Noah Gray,TE,2025,KC,14,0,0,0,0,0,0,0,0,0,37,21,178,0,0,0,0,0,0,0,0.06739526411657559,0.05272446503419369,0.13800002169879896,17.8,38.8,38.8
00-0036646,Simi Fehoko,WR,2025,ARI,7,0,0,0,0,0,0,0,0,0,0,0,0,0,0,0,0,0,0,0,0.0,0.0,0.0,0.0,0.0,0.0
00-0036679,Shane Buechele,QB,2025,KC,1,14,88,0,0,0,1,4,0,0,0,0,0,0,0,0,0,0,0,0,0.0,0.0,0.0,3.92,3.92,3.92
00-0036741,Jack Stoll,TE,2025,NO,9,0,0,0,0,0,0,0,0,0,11,6,46,1,0,0,0,0,0,0,0.019469026548672566,0.007102569458951326,0.034175338444274776,10.600000000000001,16.6,16.6
00-0036754,Brock Wright,TE,2025,DET,8,0,0,0,0,0,0,0,0,0,22,14,108,2,0,0,0,0,0,0,0.04,0.005894962486602358,0.06412647374062165,22.8,36.8,36.8
00-0036755,Jaret Patterson,RB,2025,LAC,6,0,0,0,0,0,41,159,1,0,4,3,8,0,0,0,0,0,0,0,0.007352941176470588,-0.0002199736031676199,0.010875430242488547,22.7,25.7,25.7
00-0036825,Feleipe Franks,TE,2025,ATL,10,0,0,0,0,0,2,4,0,0,0,0,0,0,0,0,0,0,0,0,0.0,0.0,0.0,0.4,0.4,0.4
00-0036841,Austin Trammell,WR,2025,JAX,6,0,0,0,0,0,0,0,0,0,10,3,46,0,0,0,0,0,0,0,0.018281535648994516,0.02663934426229508,0.04606984445709833,4.6000000000000005,7.6000000000000005,7.6000000000000005
00-0036842,Kene Nwangwu,RB,2025,NYJ,10,0,0,0,0,0,13,49,0,0,1,0,0,0,0,0,0,0,0,1,0.00211864406779661,-0.0017626321974148062,0.0019441235635045513,10.9,10.9,10.9
00-0036849,Tutu Atwell,WR,2025,LA,8,0,0,0,0,0,0,0,0,0,15,6,192,1,0,0,0,0,0,0,0.025817555938037865,0.05563743551952837,0.07767253877072666,25.200000000000003,31.200000000000003,31.200000000000003
00-0036862,Ben Skowronek,WR,2025,PIT,16,0,0,0,0,0,0,0,0,0,6,4,69,1,0,0,0,0,0,0,0.011494252873563218,0.018597560975609755,0.030259671993271654,12.9,16.9,16.9
00-0036875,Rhamondre Stevenson,RB,2025,NE,14,0,0,0,0,0,130,603,7,1,37,32,345,2,1,3,0,2,1,0,0.07676348547717843,0.03447528187337381,0.1392779255271293,146.8,178.8,178.8
00-0036876,Kylen Granson,TE,2025,PHI,12,0,0,0,0,0,0,0,0,0,9,7,40,0,0,0,0,0,0,0,0.01939655172413793,0.015168414008476466,0.039712717392140426,4.0,11.0,11.0
00-0036887,Luke Farrell,TE,2025,SF,13,0,0,0,0,0,0,0,0,0,14,11,85,2,0,1,0,0,1,0,0.025454545454545455,0.009543761638733706,0.04486245132893178,18.5,29.5,29.5
00-0036893,Najee Harris,RB,2025,LAC,3,0,0,0,0,0,15,61,0,0,3,3,25,0,0,0,0,0,0,0,0.0055147058823529415,0.002199736031676199,0.00981187404570275,8.6,11.6,11.600000000000001
00-0036894,Pat Freiermuth,TE,2025,PIT,15,0,0,0,0,0,0,0,0,0,54,41,486,4,0,0,0,0,0,0,0.10344827586206896,0.09847560975609757,0.22410534062237175,72.6,113.6,113.6
00-0036898,Davis Mills,QB,2025,HOU,6,159,915,5,1,1,13,60,1,0,0,0,0,0,0,0,0,0,0,0,0.0,0.0,0.0,68.6,68.6,68.6
00-0036900,Ja'Marr Chase,WR,2025,CIN,16,0,0,0,0,0,3,14,0,0,185,125,1412,8,0,1,0,0,1,0,0.3042763157894737,0.33354578287656683,0.6898965216978072,188.6,313.6,313.6
00-0036906,Khalil Herbert,RB,2025,NYJ,5,0,0,0,0,0,16,52,0,0,4,1,4,0,0,0,0,0,0,0,0.00847457627118644,-0.00381903642773208,0.010038538907367205,5.6000000000000005,6.6000000000000005,6.6000000000000005
00-0036912,DeVonta Smith,WR,2025,PHI,17,0,0,0,0,0,0,0,0,0,113,77,1008,4,0,0,0,0,0,0,0.2435344827586207,0.30225295561008253,0.5768787930649888,124.80000000000001,201.8,201.8
00-0036919,Kenny Gainwell,RB,2025,PIT,17,0,0,0,0,0,114,537,5,0,85,73,486,3,0,1,0,0,1,0,0.16283524904214558,-0.005182926829268293,0.24062482478273056,148.3,221.3,221.3
00-0036924,Michael Carter,RB,2025,ARI,13,0,0,0,0,0,92,333,1,0,45,33,267,0,0,0,0,0,0,0,0.07293354943273905,0.016094420600858368,0.12066641856970944,66.0,99.0,99.0
00-0036945,Justin Fields,QB,2025,NYJ,9,204,1259,7,1,3,71,383,4,2,1,0,0,0,0,3,1,2,0,0,0.00211864406779661,0.0017626321974148062,0.00441180863988528,142.66,142.66,142.66
00-0036950,Avery Williams,RB,2025,NYJ,1,0,0,0,0,0,0,0,0,0,0,0,0,0,0,0,0,0,0,0,0.0,0.0,0.0,0.0,0.0,0.0
00-0036959,Michael Bandy,WR,2025,DEN,4,0,0,0,0,0,0,0,0,0,4,4,50,1,0,1,0,0,0,0,0.00684931506849315,0.0053475935828877,0.014017288110761115,11.0,15.0,15.0
00-0036963,Amon-Ra St. Brown,WR,2025,DET,17,0,0,0,0,0,3,9,0,0,172,117,1401,11,0,0,0,0,0,0,0.31272727272727274,0.372454448017149,0.7298090227029135,207.0,324.0,324.0
00-0036970,Kyle Pitts,TE,2025,ATL,17,0,0,0,0,0,0,0,0,0,118,88,928,5,0,0,0,0,0,0,0.22736030828516376,0.20839328537170262,0.48691576218793753,122.80000000000001,210.8,210.8
00-0036971,Trevor Lawrence,QB,2025,JAX,17,560,4007,29,12,0,82,359,9,1,0,0,0,0,0,3,2,1,0,0,0.0,0.0,0.0,338.17999999999995,338.17999999999995,338.17999999999995
00-0036972,Mac Jones,QB,2025,SF,11,289,2151,13,6,1,36,60,0,0,0,0,0,0,0,2,2,0,0,0,0.0,0.0,0.0,130.04000000000002,130.04000000000002,130.04000000000002
00-0036973,Travis Etienne,RB,2025,JAX,17,0,0,0,0,0,260,1107,7,0,52,36,292,6,0,0,0,0,0,0,0.09506398537477148,-0.01557377049180328,0.13169433871789493,217.9,253.9,253.89999999999998
00-0036980,Elijah Moore,WR,2025,BUF,9,0,0,0,0,0,6,24,1,0,17,9,112,0,0,0,0,0,0,0,0.03549060542797495,0.039291643608190374,0.08074005866769568,19.6,28.6,28.6
00-0036984,Trey Sermon,RB,2025,PIT,3,0,0,0,0,0,0,0,0,0,0,0,0,0,0,0,0,0,0,0,0.0,0.0,0.0,0.0,0.0,0.0
00-0036988,Josh Palmer,WR,2025,BUF,12,0,0,0,0,0,0,0,0,0,37,22,303,0,0,0,0,0,0,0,0.07724425887265135,0.11732152739346983,0.19799145748440589,30.3,52.3,52.3
00-0036997,Javonte Williams,RB,2025,DAL,16,0,0,0,0,0,252,1201,11,0,51,35,137,2,0,2,0,1,1,0,0.08401976935749589,-0.013217597159202999,0.11677733602480174,207.8,242.8,242.8
00-0037004,Hunter Long,TE,2025,JAX,7,0,0,0,0,0,0,0,0,0,17,12,85,2,0,0,0,0,0,0,0.031078610603290677,0.013524590163934426,0.056085129019690115,20.5,32.5,32.5
00-0037005,Tommy Tremble,TE,2025,CAR,15,0,0,0,0,0,0,0,0,0,37,27,249,2,0,0,0,0,0,0,0.07708333333333334,0.0472463768115942,0.14869746376811593,36.900000000000006,63.900000000000006,63.900000000000006
00-0037012,Trey Lance,QB,2025,LAC,4,57,226,0,1,0,17,85,0,0,0,0,0,0,0,1,1,0,0,0,0.0,0.0,0.0,13.540000000000001,13.540000000000001,13.540000000000001
00-0037013,Zach Wilson,QB,2025,MIA,4,11,32,0,0,0,3,1,0,0,0,0,0,0,0,0,0,0,0,0,0.0,0.0,0.0,1.3800000000000001,1.3800000000000001,1.3800000000000001
00-0037015,Sal Cannella,TE,2025,CLE,2,0,0,0,0,0,0,0,0,0,5,2,11,0,0,0,0,0,0,0,0.009578544061302681,0.01453104359313078,0.024539546607145565,1.1,3.1,3.1
00-0037031,Nikola Kalinic,TE,2025,CHI,2,0,0,0,0,0,0,0,0,0,0,0,0,0,0,0,0,0,0,0,0.0,0.0,0.0,0.0,0.0,0.0
00-0037085,Tyler Badie,RB,2025,DEN,16,0,0,0,0,0,8,23,0,0,31,19,141,0,0,0,0,0,0,0,0.053082191780821915,-0.00980392156862745,0.07276054257319366,16.400000000000002,35.400000000000006,35.400000000000006
00-0037086,Grant Calcaterra,TE,2025,PHI,9,0,0,0,0,0,0,0,0,0,13,9,76,1,0,0,0,0,0,0,0.028017241379310345,0.018960517510595583,0.05529822432638243,13.600000000000001,22.6,22.6
00-0037093,Dareke Young,WR,2025,SEA,8,0,0,0,0,0,0,0,0,0,3,2,48,0,0,0,0,0,0,0,0.006593406593406593,0.01516764236295902,0.020507459544181206,4.800000000000001,6.800000000000001,6.800000000000001
00-0037098,Samori Toure,WR,2025,NO,1,0,0,0,0,0,0,0,0,0,3,1,3,0,0,0,0,0,0,0,0.005309734513274336,0.006266973052015876,0.012351482906322618,0.30000000000000004,1.3,1.3
00-0037112,Jake Tonges,TE,2025,SF,10,0,0,0,0,0,0,0,0,0,46,34,293,5,0,0,0,0,0,0,0.08363636363636363,0.0542364990689013,0.16342009480277636,59.3,93.3,93.3
00-0037120,Tyler Goodson,RB,2025,IND,10,0,0,0,0,0,9,24,0,0,3,2,8,0,0,0,0,0,0,0,0.005660377358490566,-0.0006849315068493151,0.008011113982941328,3.2,5.2,5.2
00-0037132,Britain Covey,WR,2025,PHI,6,0,0,0,0,0,0,0,0,0,4,2,20,0,0,0,0,0,0,0,0.008620689655172414,0.0017845192951148785,0.014180197989339036,2.0,4.0,4.0
00-0037157,Bam Knight,RB,2025,ARI,12,0,0,0,0,0,82,269,4,0,31,22,160,1,0,1,0,1,0,0,0.050243111831442464,0.00793991416309013,0.08092260766132678,70.9,92.9,92.9
00-0037197,Isiah Pacheco,RB,2025,KC,13,0,0,0,0,0,118,462,1,0,26,19,101,1,0,0,0,0,0,0,0.04735883424408015,-0.005956320317670417,0.06686882714375092,68.30000000000001,87.30000000000001,87.30000000000001
00-0037228,Jaylen Warren,RB,2025,PIT,16,0,0,0,0,0,211,958,6,0,45,40,333,2,0,0,0,0,0,0,0.08620689655172414,-0.034451219512195125,0.10519449116904964,177.1,217.1,217.10000000000002
00-0037231,Kevin Austin Jr.,WR,2025,NO,5,0,0,0,0,0,0,0,0,0,23,13,140,1,0,0,0,0,0,0,0.04070796460176991,0.03989972843116774,0.08899175680447229,20.0,33.0,33.0
00-0037238,Drake London,WR,2025,ATL,12,0,0,0,0,0,0,0,0,0,112,68,919,7,1,1,0,0,1,0,0.21579961464354527,0.29280575539568343,0.5286634507422963,133.9,201.9,201.9
00-0037239,Chris Olave,WR,2025,NO,16,1,0,0,1,0,1,-3,0,0,156,100,1163,9,0,0,0,0,0,0,0.2761061946902655,0.38458324629204094,0.6833675644398269,168.0,268.0,268.0
00-0037240,Jameson Williams,WR,2025,DET,17,0,0,0,0,0,6,12,0,0,102,65,1117,7,0,0,0,0,0,0,0.18545454545454546,0.3453912111468382,0.519955665984605,154.9,219.9,219.9
00-0037247,George Pickens,WR,2025,DAL,17,0,0,0,0,0,0,0,0,0,137,93,1429,9,1,0,0,0,0,0,0.2257001647446458,0.305188400078911,0.5521821271722064,198.9,291.9,291.9
00-0037248,James Cook,RB,2025,BUF,17,0,0,0,0,0,309,1621,12,0,40,33,291,2,0,3,0,3,0,0,0.08350730688935282,0.01549529607083564,0.13610766758361417,269.20000000000005,302.20000000000005,302.20000000000005
00-0037252,Greg Dulcich,TE,2025,MIA,9,0,0,0,0,0,1,-7,0,0,33,26,335,1,0,1,0,0,1,0,0.07142857142857142,0.04610350981558596,0.1394153140137673,36.800000000000004,62.800000000000004,62.8
00-0037256,Rachaad White,RB,2025,TB,17,0,0,0,0,0,132,572,4,0,45,40,218,0,0,0,0,0,0,0,0.08317929759704251,-0.02264653641207815,0.10891637090710907,103.0,143.0,143.0
00-0037258,Dameon Pierce,RB,2025,KC,5,0,0,0,0,0,14,36,0,0,1,0,0,0,0,0,0,0,0,0,0.0018083182640144665,-0.0008394543546694648,0.0021248593477530744,3.6,3.6,3.6
00-0037261,Khalil Shakir,WR,2025,BUF,16,0,0,0,0,0,1,5,0,0,95,72,719,4,0,1,0,0,1,0,0.19832985386221294,0.09656889872717211,0.3650930099023399,94.4,166.4,166.4
00-0037263,Tyler Allgeier,RB,2025,ATL,17,0,0,0,0,0,143,514,8,0,16,14,96,0,0,0,0,0,0,0,0.030828516377649325,-0.006235011990407674,0.041878266173188614,109.0,123.0,123.0
00-0037267,Jerome Ford,RB,2025,CLE,13,0,0,0,0,0,24,73,0,0,32,26,103,0,0,0,0,0,0,0,0.06130268199233716,-0.012945838837516512,0.08289193580224419,17.6,43.6,43.6
00-0037276,Ty Chandler,RB,2025,MIN,3,0,0,0,0,0,17,47,0,0,4,3,11,0,0,0,0,0,0,0,0.008547008547008548,-0.005323396326856534,0.009094135391713248,5.800000000000001,8.8,8.8
00-0037277,Teagan Quitoriano,TE,2025,ATL,2,0,0,0,0,0,0,0,0,0,0,0,0,0,0,0,0,0,0,0,0.0,0.0,0.0,0.0,0.0,0.0
00-0037282,James Mitchell,TE,2025,CAR,2,0,0,0,0,0,0,0,0,0,3,3,28,0,0,0,0,0,0,0,0.00625,0.002028985507246377,0.010795289855072466,2.8000000000000003,5.800000000000001,5.800000000000001
00-0037291,Jalen Nailor,WR,2025,MIN,17,0,0,0,0,0,2,13,0,0,53,29,444,4,1,0,0,0,0,0,0.11324786324786325,0.17460739952089432,0.2920969745364209,71.7,100.7,100.7
00-0037292,Andrew Ogletree,TE,2025,IND,11,0,0,0,0,0,0,0,0,0,6,4,27,1,0,0,0,0,0,0,0.011320754716981131,0.009589041095890411,0.023693460842594986,8.7,12.7,12.7
00-0037306,John FitzPatrick,TE,2025,GB,11,0,0,0,0,0,0,0,0,0,15,12,72,1,0,0,0,0,0,0,0.03260869565217391,0.005603548914312398,0.05283552771827954,13.2,25.2,25.2
00-0037311,Ko Kieft,TE,2025,TB,2,0,0,0,0,0,0,0,0,0,0,0,0,0,0,0,0,0,0,0,0.0,0.0,0.0,0.0,0.0,0.0
00-0037324,Chris Oladokun,QB,2025,KC,3,55,235,1,0,0,5,18,0,0,0,0,0,0,0,2,1,1,0,0,0.0,0.0,0.0,11.200000000000001,11.200000000000001,11.200000000000001
00-0037329,Brittain Brown,RB,2025,CHI,2,0,0,0,0,0,5,37,1,0,1,0,0,0,0,0,0,0,0,0,0.0018796992481203006,0.0008090614886731392,0.0033858919142516486,9.7,9.7,9.7
00-0037340,Zaire Mitchell-Paden,TE,2025,NO,3,0,0,0,0,0,0,0,0,0,3,2,17,0,0,0,0,0,0,0,0.007371007371007371,0.003798947983635301,0.01371577464505577,1.7000000000000002,3.7,3.7
00-0037348,Tanner Conner,TE,2025,MIA,8,0,0,0,0,0,0,0,0,0,15,9,91,0,0,0,0,0,0,0,0.032467532467532464,0.03539559785841761,0.07347821720219103,9.1,18.1,18.1
00-0037380,Kaden Davis,WR,2025,CLE,1,0,0,0,0,0,0,0,0,0,0,0,0,0,0,0,0,0,0,0,0.0,0.0,0.0,0.0,0.0,0.0
00-0037475,Stone Smartt,TE,2025,NYJ,6,0,0,0,0,0,0,0,0,0,9,7,52,0,0,0,0,0,0,0,0.019067796610169493,0.012338425381903642,0.03723859268258679,5.2,12.2,12.2
00-0037487,Deven Thompkins,WR,2025,ATL,7,0,0,0,0,0,1,5,0,0,3,3,27,0,0,0,0,0,0,0,0.005780346820809248,0.0016786570743405275,0.009845580183252241,3.2,6.2,6.2
00-0037524,Tay Martin,WR,2025,WAS,2,0,0,0,0,0,0,0,0,0,2,2,23,0,0,0,0,0,0,0,0.004629629629629629,0.004502251125562781,0.01009602023233839,2.3000000000000003,4.300000000000001,4.300000000000001
00-0037525,Jordan Mason,RB,2025,MIN,16,0,0,0,0,0,159,758,6,0,16,14,51,0,0,1,0,1,0,0,0.03418803418803419,-0.01384083044982699,0.04159346996717239,114.9,128.9,128.89999999999998
00-0037539,Lucas Krull,TE,2025,DEN,2,0,0,0,0,0,0,0,0,0,4,2,15,0,0,0,0,0,0,0,0.00684931506849315,0.004456327985739751,0.013393402192757552,1.5,3.5,3.5
00-0037545,Rashid Shaheed,WR,2025,SEA,18,0,0,0,0,0,9,69,0,0,92,59,687,2,0,1,0,0,1,2,0.16283185840707964,0.21997075412575726,0.39822731549864954,97.60000000000001,156.60000000000002,156.60000000000002
00-0037557,Ronnie Rivers,RB,2025,LA,6,0,0,0,0,0,9,46,0,0,0,0,0,0,0,0,0,0,0,0,0.0,0.0,0.0,4.6000000000000005,4.6000000000000005,4.6000000000000005
00-0037563,Malik Davis,RB,2025,DAL,10,0,0,0,0,0,52,250,2,0,5,2,16,0,0,0,0,0,0,0,0.008237232289950576,0.003550996251726179,0.01484154581113419,38.6,40.6,40.6
00-0037594,Julius Chestnut,RB,2025,TEN,16,0,0,0,0,0,11,40,0,0,2,0,0,0,0,0,0,0,0,0,0.0037735849056603774,0.005480817140009965,0.009496949356497541,4.0,4.0,4.0
00-0037614,John Metchie III,WR,2025,NYJ,13,0,0,0,0,0,3,-5,0,0,48,33,274,2,0,0,0,0,0,0,0.10344827586206896,0.059781396386348426,0.19701939126354734,38.900000000000006,71.9,71.9
00-0037617,Hassan Haskins,RB,2025,LAC,11,0,0,0,0,0,17,47,0,0,4,4,13,0,0,0,0,0,0,0,0.007352941176470588,-0.0006599208095028596,0.01056746719805388,6.0,10.0,10.0
00-0037654,Tucker Fisk,TE,2025,LAC,4,0,0,0,0,0,0,0,0,0,4,2,19,0,0,0,0,0,0,0,0.007352941176470588,0.004839419269687638,0.014417005253487228,1.9000000000000001,3.9000000000000004,3.9000000000000004
00-0037664,Alec Pierce,WR,2025,IND,15,0,0,0,0,0,0,0,0,0,84,47,1003,6,0,0,0,0,0,0,0.15849056603773584,0.3636986301369863,0.49232489015249414,136.3,183.3,183.3
00-0037666,Jalen Tolbert,WR,2025,DAL,12,0,0,0,0,0,0,0,0,0,34,18,203,1,1,0,0,0,0,0,0.05601317957166392,0.08048924837246005,0.1403622432182179,28.3,46.3,46.3
00-0037740,Garrett Wilson,WR,2025,NYJ,7,0,0,0,0,0,0,0,0,0,59,36,395,4,0,0,0,0,0,0,0.125,0.15716803760282022,0.29751762632197415,63.5,99.5,99.5
00-0037741,Jahan Dotson,WR,2025,PHI,15,0,0,0,0,0,0,0,0,0,36,18,262,1,0,0,0,0,0,0,0.07758620689655173,0.1238010260985947,0.20304002861384388,32.2,50.2,50.2
00-0037742,Treylon Burks,WR,2025,WAS,8,0,0,0,0,0,0,0,0,0,22,10,130,1,0,0,0,0,0,0,0.05092592592592592,0.07403701850925462,0.1282148018453671,19.0,29.0,29.0
00-0037744,Trey McBride,TE,2025,ARI,17,0,0,0,0,0,0,0,0,0,169,126,1239,11,0,0,0,0,0,0,0.2739059967585089,0.24163090128755366,0.5800006260390509,189.9,315.9,315.9
00-0037745,Velus Jones Jr.,WR,2025,SEA,5,0,0,0,0,0,4,32,0,0,0,0,0,0,0,0,0,0,0,0,0.0,0.0,0.0,3.2,3.2,3.2
00-0037746,Brian Robinson,RB,2025,SF,17,0,0,0,0,0,92,400,2,0,12,8,25,0,0,0,0,0,0,0,0.02181818181818182,0.0,0.03272727272727273,54.5,62.5,62.5
00-0037755,Jelani Woods,TE,2025,NYJ,2,0,0,0,0,0,0,0,0,0,3,1,4,0,0,0,0,0,0,0,0.006355932203389831,0.0017626321974148062,0.01076774084327511,0.4,1.4,1.4
00-0037801,KaVontae Turpin,WR,2025,DAL,15,0,0,0,0,0,17,89,0,0,38,26,396,2,0,1,0,1,0,0,0.06260296540362438,0.06687709607417637,0.14071841535736004,58.5,84.5,84.5
00-0037805,Jeremy Ruckert,TE,2025,NYJ,14,0,0,0,0,0,0,0,0,0,29,23,179,1,0,0,0,0,0,0,0.0614406779661017,0.029964747356051705,0.11313634009838874,23.900000000000002,46.900000000000006,46.900000000000006
00-0037809,Chig Okonkwo,TE,2025,TEN,17,0,0,0,0,0,0,0,0,0,79,56,560,2,0,0,0,0,0,0,0.1490566037735849,0.09118086696562033,0.2874115125363116,68.0,124.0,124.0
00-0037816,Romeo Doubs,WR,2025,GB,16,0,0,0,0,0,0,0,0,0,85,55,724,6,1,0,0,0,0,0,0.18478260869565216,0.253327107167873,0.4545028880609894,110.4,165.4,165.4
00-0037834,Brock Purdy,QB,2025,SF,9,284,2167,20,10,1,33,147,3,0,0,0,0,0,0,2,2,0,0,0,0.0,0.0,0.0,177.38,177.38,177.38
00-0037837,Calvin Austin III,WR,2025,PIT,14,0,0,0,0,0,0,0,0,0,55,31,372,3,0,0,0,0,0,0,0.1053639846743295,0.18445121951219512,0.28716183067003087,55.2,86.2,86.2
00-0037838,Isaiah Likely,TE,2025,BAL,12,0,0,0,0,0,0,0,0,0,36,27,307,1,0,1,0,0,1,0,0.08845208845208845,0.08386908240794856,0.19138649036369665,34.7,61.7,61.7
00-0037840,Kyren Williams,RB,2025,LA,17,0,0,0,0,0,259,1252,10,0,50,36,281,3,0,2,0,2,0,0,0.08605851979345955,0.02302873986735446,0.14520789759733743,227.3,263.3,263.29999999999995
00-0038040,Zamir White,RB,2025,LV,5,0,0,0,0,0,12,32,0,0,6,4,24,0,0,0,0,0,0,0,0.012145748987854251,-0.0009351620947630922,0.01756401001544721,5.6000000000000005,9.600000000000001,9.600000000000001
00-0038041,Jake Ferguson,TE,2025,DAL,17,0,0,0,0,0,1,1,0,0,102,82,600,8,1,2,0,0,2,0,0.16803953871499178,0.09370684553166304,0.31765409994465177,106.1,188.1,188.1
00-0038046,Charlie Kolar,TE,2025,BAL,13,0,0,0,0,0,0,0,0,0,15,10,142,2,0,0,0,0,0,0,0.036855036855036855,0.030976037405026302,0.07696578146607369,26.200000000000003,36.2,36.2
00-0038090,Skyy Moore,WR,2025,SF,17,0,0,0,0,0,2,11,0,0,7,5,87,0,0,0,0,0,0,0,0.012727272727272728,0.025605214152700187,0.03701455899779922,9.8,14.8,14.8
00-0038102,Kenny Pickett,QB,2025,LV,6,45,188,1,2,0,5,22,0,0,0,0,0,0,0,1,0,1,0,0,0.0,0.0,0.0,7.719999999999999,7.719999999999999,7.719999999999999
00-0038104,Tyquan Thornton,WR,2025,KC,12,0,0,0,0,0,0,0,0,0,37,19,438,3,0,0,0,0,0,0,0.06739526411657559,0.21950143392896537,0.25474389992513913,61.800000000000004,80.80000000000001,80.80000000000001
00-0038115,Daniel Bellinger,TE,2025,NYG,13,0,0,0,0,0,0,0,0,0,26,19,286,2,0,0,0,0,0,0,0.05168986083499006,0.05454951933825173,0.1157194547892613,40.6,59.6,59.6
00-0038117,Wan'Dale Robinson,WR,2025,NYG,16,0,0,0,0,0,3,5,0,0,140,92,1014,4,0,0,0,0,0,0,0.2783300198807157,0.265369997764364,0.6032540282561283,125.9,217.9,217.9
00-0038120,Breece Hall,RB,2025,NYJ,16,1,4,1,0,0,243,1065,4,0,48,36,350,1,0,2,0,2,0,0,0.1016949152542373,0.004112808460634548,0.15542133880380013,171.66,207.66,207.66
00-0038124,Christian Watson,WR,2025,GB,10,0,0,0,0,0,1,3,0,0,55,35,611,6,0,0,0,0,0,0,0.11956521739130435,0.2281111370534672,0.3390256220243836,97.4,132.4,132.4
00-0038128,Malik Willis,QB,2025,GB,4,35,422,3,0,0,22,123,2,0,0,0,0,0,0,1,0,1,0,0,0.0,0.0,0.0,51.18,51.18,51.18
00-0038129,Cade Otton,TE,2025,TB,15,0,0,0,0,0,0,0,0,0,81,59,572,1,0,0,0,0,0,0,0.14972273567467653,0.09302841918294849,0.28970399694007876,63.2,122.2,122.2
00-0038134,Kenneth Walker III,RB,2025,SEA,17,0,0,0,0,0,221,1027,5,0,36,31,282,0,0,0,0,0,0,0,0.07912087912087912,-0.010910058541777541,0.1110442777020744,160.9,191.9,191.89999999999998
00-0038359,Xavier Smith,WR,2025,LA,16,0,0,0,0,0,0,0,0,0,24,18,303,0,0,0,0,0,0,0,0.04130808950086059,0.07461311717022845,0.11419131627045079,30.3,48.3,48.3
00-0038393,Dontayvion Wicks,WR,2025,GB,13,0,0,0,0,0,1,6,0,0,46,30,332,2,0,0,0,0,0,0,0.1,0.12070978286247958,0.23449684800373571,45.800000000000004,75.80000000000001,75.80000000000001
00-0038394,Will Mallory,TE,2025,IND,1,0,0,0,0,0,0,0,0,0,1,1,16,0,0,0,0,0,0,0,0.0018867924528301887,0.0036529680365296802,0.0053872663048160595,1.6,2.6,2.6
00-0038396,Eric Gray,RB,2025,NYG,1,0,0,0,0,0,0,0,0,0,0,0,0,0,0,0,0,0,0,0,0.0,0.0,0.0,0.0,0.0,0.0
00-0038397,Evan Hull,RB,2025,NO,6,0,0,0,0,0,19,48,0,0,1,1,6,0,0,0,0,0,0,0,0.0017699115044247787,-0.0008355964069354502,0.002069949771782353,5.4,6.4,6.4
00-0038400,Tanner McKee,QB,2025,PHI,4,43,274,1,1,0,8,8,0,0,0,0,0,0,0,0,0,0,0,0,0.0,0.0,0.0,13.760000000000002,13.760000000000002,13.760000000000002
00-0038409,Lew Nichols III,RB,2025,PIT,1,0,0,0,0,0,0,0,0,0,0,0,0,0,0,0,0,0,0,0,0.0,0.0,0.0,0.0,0.0,0.0
00-0038416,Tyson Bagent,QB,2025,CHI,2,4,47,0,0,0,2,7,0,0,0,0,0,0,0,0,0,0,0,0,0.0,0.0,0.0,2.58,2.58,2.58
00-0038440,Zavier Scott,RB,2025,MIN,11,0,0,0,0,0,32,114,0,0,16,14,98,1,0,1,0,1,0,0,0.03418803418803419,0.004524886877828055,0.05444947209653093,25.200000000000003,39.2,39.2
00-0038454,Keaton Mitchell,RB,2025,BAL,13,0,0,0,0,0,59,341,1,0,12,9,63,0,0,0,0,0,0,0,0.029484029484029485,-0.008182349503214495,0.038498399573794084,46.400000000000006,55.400000000000006,55.400000000000006
00-0038456,Travis Vokolek,TE,2025,ARI,1,0,0,0,0,0,0,0,0,0,0,0,0,0,0,0,0,0,0,0,0.0,0.0,0.0,0.0,0.0,0.0
00-0038458,Owen Wright,RB,2025,TB,2,0,0,0,0,0,3,6,0,0,0,0,0,0,0,0,0,0,0,0,0.0,0.0,0.0,0.6000000000000001,0.6000000000000001,0.6000000000000001
00-0038465,Malik Heath,WR,2025,GB,7,0,0,0,0,0,0,0,0,0,7,6,86,0,0,0,0,0,0,0,0.015217391304347827,0.015176278309596078,0.03344948177323899,8.6,14.6,14.6
00-0038488,Brady Russell,RB,2025,SEA,10,0,0,0,0,0,0,0,0,0,1,0,0,0,0,0,0,0,0,0,0.002197802197802198,0.0,0.0032967032967032967,0.0,0.0,0.0
00-0038492,Jason Brownlee,WR,2025,KC,3,0,0,0,0,0,0,0,0,0,1,0,0,0,0,0,0,0,0,0,0.0018214936247723133,0.001985440105890139,0.004122048511281567,0.0,0.0,0.0
00-0038496,Xavier Gipson,WR,2025,PHI,6,0,0,0,0,0,0,0,0,0,2,2,6,0,0,2,0,0,0,0,0.00423728813559322,-0.0026439482961222094,0.004505168396104284,0.6000000000000001,2.6,2.6
00-0038498,E.J. Jenkins,TE,2025,PHI,1,0,0,0,0,0,0,0,0,0,0,0,0,0,0,0,0,0,0,0,0.0,0.0,0.0,0.0,0.0,0.0
00-0038519,Nikko Remigio,WR,2025,KC,14,0,0,0,0,0,1,11,0,0,1,1,21,0,0,0,0,0,0,0,0.0018214936247723133,0.003970880211780278,0.005511856585404665,3.2,4.2,4.2
00-0038542,Bijan Robinson,RB,2025,ATL,17,0,0,0,0,0,287,1478,7,1,103,79,820,4,0,3,0,2,1,0,0.19845857418111754,0.02422062350119904,0.3146422977225156,291.8,370.8,370.8
00-0038543,Jaxon Smith-Njigba,WR,2025,SEA,17,0,0,0,0,0,7,36,0,0,163,119,1793,10,0,1,0,0,1,0,0.35824175824175825,0.48775944651410325,0.8787942499225097,240.9,359.9,359.9
00-0038544,Quentin Johnston,WR,2025,LAC,13,0,0,0,0,0,2,7,0,0,84,51,735,8,0,1,0,0,1,0,0.15441176470588236,0.21755389353277607,0.3839053725317668,120.2,171.2,171.2
00-0038547,Luke Schoonmaker,TE,2025,DAL,14,0,0,0,0,0,0,0,0,0,23,14,132,0,0,0,0,0,0,0,0.03789126853377265,0.032550798974156636,0.07962246208256862,13.200000000000001,27.200000000000003,27.200000000000003
00-0038551,Kendre Miller,RB,2025,NO,7,0,0,0,0,0,47,193,1,0,5,5,30,0,0,0,0,0,0,0,0.008849557522123894,-0.0010444955086693127,0.012543189427117322,28.3,33.3,33.3
00-0038555,Tank Bigsby,RB,2025,PHI,15,0,0,0,0,0,63,356,2,0,4,3,32,0,0,0,0,0,0,0,0.007312614259597806,-0.0012295081967213116,0.01010826565169179,50.800000000000004,53.800000000000004,53.800000000000004
00-0038558,Darnell Washington,TE,2025,PIT,13,0,0,0,0,0,0,0,0,0,43,31,364,1,1,1,0,0,1,0,0.08237547892720307,0.07378048780487804,0.17520955985421924,42.4,73.4,73.4
00-0038559,Michael Wilson,WR,2025,ARI,17,0,0,0,0,0,0,0,0,0,126,78,1006,7,0,0,0,0,0,0,0.20421393841166938,0.3223175965665236,0.5319432252140706,142.60000000000002,220.60000000000002,220.60000000000002
00-0038563,Tre Tucker,WR,2025,LV,17,0,0,0,0,0,11,51,0,0,92,57,696,5,0,0,0,0,0,0,0.1862348178137652,0.2914588528678304,0.4833734237281291,104.7,161.7,161.7
00-0038564,Cameron Latu,TE,2025,PHI,10,0,0,0,0,0,0,0,0,0,0,0,0,0,0,0,0,0,0,0,0.0,0.0,0.0,0.0,0.0,0.0
00-0038573,Derius Davis,WR,2025,LAC,11,0,0,0,0,0,2,5,0,0,3,2,10,0,0,1,0,0,0,0,0.0055147058823529415,0.007259128904531456,0.013353449056701432,1.5,3.5,3.5
00-0038576,Charlie Jones,WR,2025,CIN,14,0,0,0,0,0,0,0,0,0,1,0,0,0,0,0,0,0,0,1,0.001644736842105263,0.008922880815806247,0.008713121834222267,6.0,6.0,6.0
00-0038579,Aidan O'Connell,QB,2025,LV,1,22,102,0,0,0,1,7,0,0,0,0,0,0,0,0,0,0,0,0,0.0,0.0,0.0,4.78,4.78,4.78
00-0038582,Clayton Tune,QB,2025,GB,2,15,42,0,1,0,5,23,0,0,0,0,0,0,0,0,0,0,0,0,0.0,0.0,0.0,1.9800000000000002,1.9800000000000002,1.9800000000000002
00-0038589,Josh Whyle,TE,2025,GB,6,0,0,0,0,0,0,0,0,0,6,5,36,1,0,0,0,0,0,0,0.013043478260869565,0.005370067709549381,0.02332426478798891,9.6,14.6,14.6
00-0038590,Justin Shorter,TE,2025,LV,3,0,0,0,0,0,0,0,0,0,0,0,0,0,0,0,0,0,0,0,0.0,0.0,0.0,0.0,0.0,0.0
00-0038597,Chase Brown,RB,2025,CIN,17,0,0,0,0,0,232,1019,6,0,88,69,437,5,1,0,0,0,0,0,0.14473684210526316,0.009772678988740175,0.22394613845001288,213.6,282.6,282.6
00-0038606,Parker Washington,WR,2025,JAX,16,0,0,0,0,0,7,0,0,0,95,58,847,5,0,0,0,0,0,2,0.1736745886654479,0.2432377049180328,0.4307782764407948,126.7,184.7,184.7
00-0038608,Kayshon Boutte,WR,2025,NE,14,0,0,0,0,0,0,0,0,0,46,33,551,6,0,0,0,0,0,0,0.0954356846473029,0.16934084995663487,0.26169212194059877,91.1,124.1,124.1
00-0038611,Chris Rodriguez Jr.,RB,2025,WAS,12,0,0,0,0,0,112,500,6,0,4,3,30,0,0,0,0,0,0,0,0.009259259259259259,0.00400200100050025,0.016690289589239064,89.0,92.0,92.0
00-0038618,Xavier Hutchinson,WR,2025,HOU,16,0,0,0,0,0,3,22,0,0,57,35,428,3,0,0,0,0,0,0,0.10307414104882459,0.12256033578174187,0.24040344662045618,63.0,98.0,98.0
00-0038619,Andrei Iosivas,WR,2025,CIN,15,0,0,0,0,0,3,14,0,0,58,33,435,2,0,0,0,0,0,0,0.09539473684210527,0.12874442319949012,0.233213201502801,56.900000000000006,89.9,89.9
00-0038621,DeMario Douglas,WR,2025,NE,16,0,0,0,0,0,7,21,0,0,46,31,447,3,0,0,0,0,0,0,0.0954356846473029,0.09648742411101474,0.21069472384866467,64.80000000000001,95.80000000000001,95.80000000000001
00-0038640,Jalen Brooks,WR,2025,ARI,5,0,0,0,0,0,0,0,0,0,6,3,51,0,0,1,0,0,0,0,0.009884678747940691,0.013414874728743342,0.024217430432031374,5.1000000000000005,8.100000000000001,8.100000000000001
00-0038643,Brayden Willis,TE,2025,SF,6,0,0,0,0,0,0,0,0,0,1,0,0,0,0,0,0,0,0,0,0.0018181818181818182,0.0004655493482309125,0.0030531572710343663,0.0,0.0,0.0
00-0038647,Ronnie Bell,WR,2025,NO,2,0,0,0,0,0,0,0,0,0,4,2,23,1,0,0,0,0,0,0,0.007079646017699115,0.016294129935241278,0.022025359981217567,8.3,10.3,10.3
00-0038658,Adrian Martinez,QB,2025,SF,1,0,0,0,0,0,1,-1,0,0,0,0,0,0,0,0,0,0,0,0,0.0,0.0,0.0,-0.1,-0.1,-0.1
00-0038678,Jordan Mims,RB,2025,TEN,1,0,0,0,0,0,0,0,0,0,0,0,0,0,0,0,0,0,0,0,0.0,0.0,0.0,0.0,0.0,0.0
00-0038679,Tyrell Shavers,WR,2025,BUF,11,0,0,0,0,0,0,0,0,0,23,15,245,1,0,0,0,0,0,0,0.04801670146137787,0.08245711123408965,0.12974503005592955,30.5,45.5,45.5
00-0038685,Chris Brooks,RB,2025,GB,17,0,0,0,0,0,27,106,0,0,17,13,91,0,0,0,0,0,0,0,0.03695652173913044,0.0014008872285780996,0.05641540366870032,19.700000000000003,32.7,32.7
00-0038705,Emari Demercado,RB,2025,ARI,12,0,0,0,0,0,44,312,0,0,20,13,101,1,0,1,0,1,0,0,0.03241491085899514,0.002575107296137339,0.05042494139578884,45.300000000000004,58.300000000000004,58.300000000000004
00-0038710,Blake Whiteheart,TE,2025,CLE,9,0,0,0,0,0,0,0,0,0,6,2,4,0,0,0,0,0,0,0,0.011494252873563218,0.011360634081902245,0.025193823167676398,0.4,2.4,2.4
00-0038720,Julian Hill,TE,2025,MIA,11,0,0,0,0,0,0,0,0,0,20,15,140,0,1,0,0,0,0,0,0.04329004329004329,0.019631171921475312,0.07867688528009764,16.0,31.0,31.0
00-0038728,Jared Wayne,WR,2025,HOU,1,0,0,0,0,0,0,0,0,0,2,2,20,0,0,0,0,0,0,0,0.003616636528028933,0.0035676810073452256,0.007922331497185058,2.0,4.0,4.0
00-0038735,Princeton Fant,TE,2025,DAL,1,0,0,0,0,0,0,0,0,0,0,0,0,0,0,0,0,0,0,0,0.0,0.0,0.0,0.0,0.0,0.0
00-0038738,Hunter Luepke,RB,2025,DAL,14,0,0,0,0,0,16,71,0,0,15,13,109,1,0,0,0,0,0,0,0.02471169686985173,-0.0005918327086210298,0.03665326240874288,24.0,37.0,37.0
00-0038740,Jalen Moreno-Cropper,WR,2025,DAL,2,0,0,0,0,0,0,0,0,0,0,0,0,0,0,0,0,0,0,0,0.0,0.0,0.0,0.0,0.0,0.0
00-0038752,Jake Bobo,WR,2025,SEA,5,0,0,0,0,0,0,0,0,0,2,2,20,0,0,0,0,0,0,0,0.004395604395604396,0.0037253858435337944,0.00920117668388025,2.0,4.0,4.0
00-0038783,Nate Adkins,TE,2025,DEN,6,0,0,0,0,0,0,0,0,0,11,6,48,1,0,0,0,0,0,0,0.018835616438356163,0.007798573975044563,0.03371242644006544,10.8,16.8,16.8
00-0038794,Jaleel McLaughlin,RB,2025,DEN,8,0,0,0,0,0,37,187,1,0,6,4,27,0,0,0,0,0,0,0,0.010273972602739725,-0.005124777183600713,0.011823614875589089,27.400000000000002,31.400000000000002,31.4
00-0038797,Emanuel Wilson,RB,2025,GB,17,0,0,0,0,0,125,496,3,0,17,15,99,0,1,0,0,0,0,0,0.03695652173913044,-0.007471398552416531,0.05020480362200408,79.5,94.5,94.5
00-0038809,Ben Sims,TE,2025,MIN,3,0,0,0,0,0,0,0,0,0,6,3,30,0,0,0,0,0,0,0,0.01282051282051282,0.01943039659302635,0.032832046845887676,3.0,6.0,6.0
00-0038824,Ryan Miller,WR,2025,TB,9,0,0,0,0,0,0,0,0,0,4,2,34,1,0,0,0,0,0,0,0.0073937153419593345,0.015541740674955595,0.021969791485407918,9.4,11.4,11.4
00-0038839,Mitchell Tinsley,WR,2025,CIN,8,0,0,0,0,0,0,0,0,0,24,8,116,2,0,0,0,0,0,0,0.039473684210526314,0.07520713830465264,0.11185552312904631,23.6,31.6,31.6
00-0038840,Brycen Tremayne,WR,2025,CAR,15,0,0,0,0,0,0,0,0,0,18,14,160,0,0,0,0,0,0,0,0.0375,0.0455072463768116,0.08810507246376811,16.0,30.0,30.0
00-0038891,Shedrick Jackson,WR,2025,LV,3,0,0,0,0,0,1,3,0,0,5,4,56,1,0,0,0,0,0,0,0.010121457489878543,0.02524937655860349,0.03285674982584026,11.9,15.9,15.9
00-0038896,Jacob Saylors,RB,2025,DET,11,0,0,0,0,0,2,11,0,0,0,0,0,0,0,0,0,0,0,0,0.0,0.0,0.0,1.1,1.1,1.1
00-0038911,Malik Cunningham,WR,2025,DET,1,0,0,0,0,0,1,1,0,0,0,0,0,0,0,0,0,0,0,0,0.0,0.0,0.0,0.1,0.1,0.1
00-0038933,Dalton Kincaid,TE,2025,BUF,12,0,0,0,0,0,0,0,0,0,49,39,571,5,0,0,0,0,0,0,0.1022964509394572,0.12866629773104593,0.24351108482091793,87.1,126.1,126.1
00-0038935,Brenton Strange,TE,2025,JAX,12,0,0,0,0,0,0,0,0,0,60,46,540,3,0,0,0,0,0,0,0.10968921389396709,0.08483606557377049,0.22391906674259,72.0,118.0,118.0
00-0038938,Jalin Hyatt,WR,2025,NYG,6,0,0,0,0,0,0,0,0,0,14,5,35,0,0,0,0,0,0,0,0.027833001988071572,0.06259780907668232,0.08556796933578498,3.5,8.5,8.5
00-0038951,Sean Tucker,RB,2025,TB,17,0,0,0,0,0,86,320,7,0,11,8,34,1,0,0,0,0,0,0,0.02033271719038817,-0.002220248667850799,0.028944901718086696,83.4,91.4,91.4
00-0038953,Dylan Drummond,WR,2025,ATL,6,0,0,0,0,0,0,0,0,0,11,7,42,0,0,0,0,0,0,0,0.02119460500963391,0.02038369304556355,0.04606049264634535,4.2,11.2,11.2
00-0038976,Marvin Mims Jr.,WR,2025,DEN,15,0,0,0,0,0,12,78,1,0,51,37,322,1,0,1,0,0,0,1,0.08732876712328767,0.10650623885918004,0.20554751788635753,58.0,95.0,95.0
00-0038979,Cedric Tillman,WR,2025,CLE,12,0,0,0,0,0,0,0,0,0,39,21,270,2,0,0,0,0,0,0,0.07471264367816093,0.12232496697490093,0.19769644239967205,39.0,60.0,60.0
00-0038994,Jordan Addison,WR,2025,MIN,14,0,0,0,0,0,2,81,1,0,79,42,610,3,0,0,0,0,0,0,0.16880341880341881,0.28826191109928134,0.4549884659746251,93.10000000000001,135.10000000000002,135.1
00-0038996,Tucker Kraft,TE,2025,GB,8,0,0,0,0,0,1,3,0,0,44,32,489,6,0,0,0,0,0,0,0.09565217391304348,0.046929722157366335,0.17632906637972165,85.2,117.2,117.2
00-0038997,Josh Downs,WR,2025,IND,16,0,0,0,0,0,2,-2,0,0,88,58,566,4,0,1,0,0,0,0,0.1660377358490566,0.15045662100456622,0.35437623847678124,80.4,138.4,138.4
00-0039021,Roschon Johnson,RB,2025,CHI,6,0,0,0,0,0,2,17,0,0,0,0,0,0,0,0,0,0,0,0,0.0,0.0,0.0,1.7000000000000002,1.7000000000000002,1.7000000000000002
00-0039032,Tyjae Spears,RB,2025,TEN,13,0,0,0,0,0,72,283,2,0,50,45,264,0,0,0,0,0,0,0,0.09433962264150944,-0.028649725959143,0.12145462579086408,66.7,111.7,111.7
00-0039040,De'Von Achane,RB,2025,MIA,16,0,0,0,0,0,238,1350,8,0,85,67,488,4,0,0,0,0,0,0,0.18398268398268397,0.01041046995835812,0.28326135494487664,255.8,322.8,322.8
00-0039041,Elijah Higgins,TE,2025,ARI,17,0,0,0,0,0,0,0,0,0,37,30,301,0,0,1,0,0,1,0,0.059967585089141004,0.03175965665236052,0.11218313729036386,28.1,58.1,58.1
00-0039050,Payne Durham,TE,2025,TB,8,0,0,0,0,0,0,0,0,0,4,1,11,0,0,0,0,0,0,0,0.0073937153419593345,0.003552397868561279,0.013577251520931897,1.1,2.1,2.1
00-0039062,Jonathan Mingo,WR,2025,DAL,5,0,0,0,0,0,0,0,0,0,5,1,25,0,0,0,0,0,0,0,0.008237232289950576,0.019135924245413296,0.025750995406715174,2.5,3.5,3.5
00-0039064,Zay Flowers,WR,2025,BAL,17,0,0,0,0,0,10,62,1,0,118,86,1211,5,0,3,0,0,3,0,0.28992628992628994,0.35184102863822325,0.6811781549361912,157.3,243.3,243.3
00-0039065,Sam LaPorta,TE,2025,DET,9,0,0,0,0,0,0,0,0,0,49,40,489,3,0,0,0,0,0,0,0.0890909090909091,0.07422293676312969,0.18559241937055443,66.9,106.9,106.9
00-0039066,Michael Mayer,TE,2025,LV,13,0,0,0,0,0,0,0,0,0,50,35,328,1,0,0,0,0,0,0,0.10121457489878542,0.07481296758104738,0.2041909396549113,38.800000000000004,73.80000000000001,73.80000000000001
00-0039067,Rashee Rice,WR,2025,KC,8,0,0,0,0,0,5,20,1,0,78,53,571,5,1,0,0,0,0,0,0.14207650273224043,0.07456430619898521,0.2653097684376503,97.1,150.1,150.1
00-0039074,Davis Allen,TE,2025,LA,15,0,0,0,0,0,0,0,0,0,33,24,208,3,0,0,0,0,0,0,0.05679862306368331,0.023949889462048637,0.10196285721895901,38.8,62.8,62.8
00-0039075,Puka Nacua,WR,2025,LA,16,0,0,0,0,0,10,105,1,0,166,129,1715,10,0,1,0,0,1,0,0.2857142857142857,0.28850405305821664,0.6305242657121801,246.0,375.0,375.0
00-0039139,Jahmyr Gibbs,RB,2025,DET,17,0,0,0,0,0,243,1223,13,0,94,77,616,5,0,1,0,1,0,0,0.1709090909090909,0.014469453376205787,0.2664922537269804,289.9,366.9,366.90000000000003
00-0039144,Luke Musgrave,TE,2025,GB,13,0,0,0,0,0,0,0,0,0,31,24,252,0,0,0,0,0,0,0,0.06739130434782609,0.06210600046696241,0.14456115684861282,25.200000000000003,49.2,49.2
00-0039146,Jayden Reed,WR,2025,GB,5,0,0,0,0,0,3,28,0,0,22,19,207,1,0,0,0,0,0,0,0.04782608695652174,0.041793135652579964,0.10099432539158859,29.5,48.5,48.5
00-0039150,Bryce Young,QB,2025,CAR,16,478,3011,23,11,1,54,216,2,0,0,0,0,0,0,4,2,2,0,0,0.0,0.0,0.0,218.04,218.04,218.04
00-0039163,C.J. Stroud,QB,2025,HOU,14,423,3041,19,8,0,48,209,1,0,0,0,0,0,0,0,0,0,0,0,0.0,0.0,0.0,208.54,208.54,208.54
00-0039164,Anthony Richardson,QB,2025,IND,2,2,9,0,0,0,4,-1,0,0,1,1,9,0,0,0,0,0,0,0,0.0018867924528301887,0.00045662100456621003,0.0031498233824416304,1.1600000000000001,2.16,2.16
00-0039165,Zach Charbonnet,RB,2025,SEA,16,0,0,0,0,0,184,730,12,1,24,20,144,0,0,0,0,0,0,0,0.05274725274725275,0.010643959552953698,0.08657165080794671,161.4,181.4,181.4
00-0039266,Kendall Milton,RB,2025,CIN,1,0,0,0,0,0,2,2,0,0,0,0,0,0,0,0,0,0,0,0,0.0,0.0,0.0,0.2,0.2,0.2
00-0039299,George Holani,RB,2025,SEA,10,0,0,0,0,0,22,73,1,0,2,2,15,0,0,1,0,1,0,1,0.004395604395604396,-0.00026609898882384245,0.006407137301229904,18.8,20.8,20.8
00-0039337,Malik Nabers,WR,2025,NYG,4,0,0,0,0,0,0,0,0,0,35,18,271,2,0,0,0,0,0,0,0.06958250497017893,0.12407780013413816,0.19122821754916508,39.1,57.1,57.1
00-0039338,Brock Bowers,TE,2025,LV,12,0,0,0,0,0,2,2,0,0,86,64,680,7,1,0,0,0,0,0,0.17408906882591094,0.1745635910224439,0.38332811695457714,112.2,176.2,176.2
00-0039342,Xavier Legette,WR,2025,CAR,15,0,0,0,0,0,1,0,0,0,64,35,363,3,0,0,0,0,0,0,0.13333333333333333,0.18347826086956523,0.32843478260869563,54.300000000000004,89.30000000000001,89.30000000000001
00-0039355,Luke McCaffrey,WR,2025,WAS,9,0,0,0,0,0,0,0,0,0,15,11,203,3,1,0,0,0,0,0,0.034722222222222224,0.054527263631815905,0.09025241787560447,40.3,51.3,51.3
00-0039356,Ja'Tavion Sanders,TE,2025,CAR,12,0,0,0,0,0,0,0,0,0,34,29,190,1,0,0,0,0,0,0,0.07083333333333333,0.04753623188405797,0.13952536231884058,25.0,54.0,54.0
00-0039359,Cade Stover,TE,2025,HOU,6,0,0,0,0,0,4,3,0,0,16,12,76,0,0,0,0,0,0,0,0.028933092224231464,0.0065057712486883525,0.04795367821042904,7.9,19.9,19.9
00-0039361,Bucky Irving,RB,2025,TB,10,0,0,0,0,0,173,588,1,0,35,30,277,3,0,1,0,1,0,0,0.06469500924214418,-0.012433392539964476,0.08833913908524114,108.5,138.5,138.5
00-0039363,Isaac Guerendo,RB,2025,SF,7,0,0,0,0,0,0,0,0,0,0,0,0,0,0,0,0,0,0,0,0.0,0.0,0.0,0.0,0.0,0.0
00-0039364,Sione Vaki,RB,2025,DET,8,0,0,0,0,0,1,4,0,0,0,0,0,0,0,0,0,0,0,0,0.0,0.0,0.0,0.4,0.4,0.4
00-0039373,Audric Estimé,RB,2025,NO,5,0,0,0,0,0,46,198,1,0,13,12,103,0,0,0,0,0,0,0,0.023008849557522124,-0.0004177982034677251,0.03422081559385578,36.1,48.1,48.1
00-0039376,Spencer Rattler,QB,2025,NO,9,257,1586,8,5,0,31,167,0,0,2,1,0,0,0,2,1,1,0,0,0.0035398230088495575,0.0008355964069354502,0.005894651998129151,98.14,99.14,99.14
00-0039379,Jamari Thrash,WR,2025,CLE,8,0,0,0,0,0,0,0,0,0,15,10,107,0,0,0,0,0,0,0,0.028735632183908046,0.026948480845442536,0.061967384867671844,10.700000000000001,20.700000000000003,20.700000000000003
00-0039384,Tyrone Tracy Jr.,RB,2025,NYG,15,0,0,0,0,0,176,740,2,0,48,36,288,2,0,1,0,0,1,0,0.09542743538767395,0.004247708473060586,0.14611454901265333,124.80000000000001,160.8,160.8
00-0039391,Kimani Vidal,RB,2025,LAC,13,0,0,0,0,0,155,643,3,0,22,16,136,1,0,0,0,0,0,0,0.04044117647058824,-0.0030796304443466782,0.058506023394839686,101.9,117.9,117.9
00-0039394,Casey Washington,WR,2025,ATL,5,0,0,0,0,0,0,0,0,0,14,6,94,0,0,0,0,0,0,0,0.02697495183044316,0.06282973621103118,0.08444324309338656,9.4,15.4,15.4
00-0039398,Joe Milton III,QB,2025,DAL,4,24,183,1,2,0,5,50,0,0,0,0,0,0,0,1,0,1,0,0,0.0,0.0,0.0,10.32,10.32,10.32
00-0039405,Jawhar Jordan,RB,2025,HOU,4,0,0,0,0,0,43,193,0,0,7,7,34,0,0,0,0,0,0,0,0.012658227848101266,-0.0012591815320041973,0.01810591469974896,22.700000000000003,29.700000000000003,29.700000000000003
00-0039407,Dylan Laube,RB,2025,LV,17,0,0,0,0,0,7,9,0,0,4,3,18,0,0,1,0,0,0,0,0.008097165991902834,-0.0018703241895261845,0.010836522055185923,2.7,5.7,5.7
00-0039410,Ryan Flournoy,WR,2025,DAL,15,0,0,0,0,0,4,25,0,0,56,40,475,4,0,0,0,0,0,0,0.09225700164744646,0.09193134740579996,0.20273744565522966,74.0,114.0,114.0
00-0039424,Devaughn Vele,WR,2025,NO,9,0,0,0,0,0,0,0,0,0,39,25,293,2,0,0,0,0,0,0,0.06902654867256637,0.09024441194902862,0.1667109113731696,41.3,66.3,66.3
00-0039451,Isaiah Williams,WR,2025,NYJ,15,1,0,0,0,0,3,34,0,0,36,26,193,0,0,1,0,0,0,2,0.07627118644067797,0.035840188014101056,0.1394949112708877,34.7,60.7,60.7
00-0039458,Brenden Bates,TE,2025,CLE,5,0,0,0,0,0,0,0,0,0,5,4,48,0,0,0,0,0,0,0,0.009041591320072333,0.008184679958027283,0.0192916629507276,4.800000000000001,8.8,8.8
00-0039489,Hayden Rucci,TE,2025,MIA,1,0,0,0,0,0,0,0,0,0,0,0,0,0,0,0,0,0,0,0,0.0,0.0,0.0,0.0,0.0,0.0
00-0039491,Jalen Coker,WR,2025,CAR,11,0,0,0,0,0,0,0,0,0,43,33,394,3,1,1,0,0,1,0,0.08958333333333333,0.12608695652173912,0.22263586956521736,57.400000000000006,90.4,90.4
00-0039521,Xavier Weaver,WR,2025,ARI,7,0,0,0,0,0,0,0,0,0,13,7,67,0,0,0,0,0,0,0,0.02106969205834684,0.041201716738197426,0.06044573980425845,6.7,13.7,13.7
00-0039530,Brevyn Spann-Ford,TE,2025,DAL,16,0,0,0,0,0,0,0,0,0,13,9,90,1,0,0,0,0,0,0,0.0214168039538715,0.021108699940816728,0.04690129588937896,15.0,24.0,24.0
00-0039577,Kedon Slovis,QB,2025,ARI,2,2,-2,0,0,0,0,0,0,0,0,0,0,0,0,0,0,0,0,0,0.0,0.0,0.0,-0.08,-0.08,-0.08
00-0039589,Kameron Johnson,WR,2025,TB,17,0,0,0,0,0,2,13,0,0,7,4,64,1,0,0,0,0,0,0,0.012939001848428836,0.019538188277087035,0.03308523456660418,13.7,17.7,17.7
00-0039603,British Brooks,RB,2025,HOU,8,0,0,0,0,0,17,78,0,0,0,0,0,0,0,0,0,0,0,0,0.0,0.0,0.0,7.800000000000001,7.800000000000001,7.800000000000001
00-0039623,Mason Tipton,WR,2025,NO,8,0,0,0,0,0,4,18,0,0,17,11,76,0,0,0,0,0,0,0,0.03008849557522124,0.03112596615834552,0.06692091967367372,9.4,20.4,20.4
00-0039631,Cam Grandy,TE,2025,CIN,2,0,0,0,0,0,0,0,0,0,2,2,7,0,0,0,0,0,0,0,0.003289473684210526,-0.0012746972594008922,0.004041922444735164,0.7000000000000001,2.7,2.7
00-0039648,David Martin-Robinson,TE,2025,TEN,11,0,0,0,0,0,0,0,0,0,6,4,30,1,0,0,0,0,0,0,0.011320754716981131,0.0057299451918286,0.02099209370975172,9.0,13.0,13.0
00-0039650,Bryce Oliver,WR,2025,TEN,2,0,0,0,0,0,0,0,0,0,1,1,8,0,0,0,0,0,0,0,0.0018867924528301887,0.0014947683109118087,0.003876526496883549,0.8,1.8,1.8
00-0039686,Colson Yankoff,TE,2025,WAS,10,0,0,0,0,0,0,0,0,0,3,2,18,0,0,0,0,0,0,0,0.006944444444444444,0.004502251125562781,0.013568242454560613,1.8,3.8,3.8
00-0039710,Jeshaun Jones,WR,2025,MIN,1,0,0,0,0,0,0,0,0,0,0,0,0,0,0,0,0,0,0,0,0.0,0.0,0.0,0.0,0.0,0.0
00-0039732,Bo Nix,QB,2025,DEN,17,612,3931,25,11,4,83,356,5,0,1,0,0,0,0,2,1,1,0,0,0.0017123287671232876,0.000445632798573975,0.002880436109686714,304.84000000000003,304.84000000000003,304.84000000000003
00-0039737,Tip Reiman,TE,2025,ARI,3,0,0,0,0,0,0,0,0,0,5,3,18,0,0,0,0,0,0,0,0.008103727714748784,0.005579399141630901,0.016061170971264804,1.8,4.8,4.8
00-0039738,Blake Corum,RB,2025,LA,17,0,0,0,0,0,145,746,6,0,14,8,36,0,0,0,0,0,0,0,0.024096385542168676,0.004605747973470892,0.039368601894682644,114.2,122.2,122.2
00-0039739,Roman Wilson,WR,2025,PIT,9,0,0,0,0,0,0,0,0,0,21,12,166,2,0,1,0,0,1,0,0.040229885057471264,0.08445121951219513,0.11946068124474347,26.6,38.6,38.6
00-0039746,Will Shipley,RB,2025,PHI,14,0,0,0,0,0,14,49,0,0,12,9,56,0,0,1,0,0,0,0,0.02586206896551724,-0.002230649118893598,0.037231649065050346,10.5,19.5,19.5
00-0039751,Jordan Whittington,WR,2025,LA,15,0,0,0,0,0,3,12,0,0,25,18,171,0,0,0,0,0,0,0,0.043029259896729774,0.0315033161385409,0.08659621114207328,18.3,36.3,36.3
00-0039754,Devin Culp,TE,2025,TB,4,0,0,0,0,0,0,0,0,0,1,1,6,1,0,0,0,0,0,0,0.0018484288354898336,0.0013321492007104796,0.0037051476937320863,6.6,7.6,7.6
00-0039757,Terrell Jennings,RB,2025,NE,6,0,0,0,0,0,23,73,1,0,1,1,9,0,0,0,0,0,0,0,0.002074688796680498,0.0004336513443191674,0.0034155891360441643,14.200000000000001,15.200000000000001,15.200000000000001
00-0039792,Devontez Walker,WR,2025,BAL,8,0,0,0,0,0,0,0,0,0,8,6,136,3,0,0,0,0,0,0,0.019656019656019656,0.05727644652250146,0.0695775420497805,31.6,37.6,37.6
00-0039793,AJ Barner,TE,2025,SEA,17,0,0,0,0,0,10,14,1,0,68,52,519,6,0,0,0,0,0,0,0.14945054945054945,0.07903139968068121,0.279497803952301,95.30000000000001,147.3,147.3
00-0039794,Braelon Allen,RB,2025,NYJ,4,0,0,0,0,0,18,76,1,0,3,2,17,0,0,1,0,1,0,0,0.006355932203389831,0.0023501762632197414,0.011179021689338566,13.3,15.3,15.3
00-0039796,Rasheen Ali,RB,2025,BAL,15,0,0,0,0,0,7,24,0,0,11,9,68,1,0,0,0,0,0,0,0.02702702702702703,-0.0002922267679719462,0.04033598180296018,15.200000000000001,24.200000000000003,24.200000000000003
00-0039798,Isaiah Davis,RB,2025,NYJ,16,0,0,0,0,0,43,236,1,0,28,21,186,0,1,0,0,0,0,0,0.059322033898305086,0.009400705052878966,0.0955635443844729,50.2,71.2,71.2
00-0039816,Anthony Gould,WR,2025,IND,11,0,0,0,0,0,0,0,0,0,2,2,6,0,0,0,0,0,0,0,0.0037735849056603774,-0.00045662100456621003,0.00534074265529422,0.6000000000000001,2.6,2.6
00-0039824,Jared Wiley,TE,2025,KC,2,0,0,0,0,0,0,0,0,0,1,1,4,0,0,0,0,0,0,0,0.0018214936247723133,-0.0008824178248400617,0.002114547959770427,0.4,1.4,1.4
00-0039847,Theo Johnson,TE,2025,NYG,15,0,0,0,0,0,0,0,0,0,74,45,528,5,0,0,0,0,0,0,0.147117296222664,0.13771517996870108,0.31707657031208675,82.80000000000001,127.80000000000001,127.80000000000001
00-0039849,Marvin Harrison Jr.,WR,2025,ARI,12,0,0,0,0,0,0,0,0,0,73,41,608,4,1,0,0,0,0,0,0.11831442463533225,0.20300429184549357,0.31957464124484386,86.80000000000001,127.80000000000001,127.80000000000001
00-0039851,Drake Maye,QB,2025,NE,17,492,4394,31,8,1,103,450,4,1,1,1,2,0,0,3,3,0,0,0,0.002074688796680498,-0.0017346053772766695,0.0018978094309270786,350.96,351.96,351.96
00-0039855,Jalen McMillan,WR,2025,TB,4,0,0,0,0,0,1,1,0,0,15,12,178,0,0,0,0,0,0,0,0.027726432532347505,0.039742451154529304,0.06940936460669177,17.900000000000002,29.900000000000002,29.900000000000002
00-0039868,Troy Franklin,WR,2025,DEN,17,0,0,0,0,0,5,12,0,0,104,65,709,6,3,1,0,0,1,0,0.1780821917808219,0.2943404634581105,0.47316161209191016,112.10000000000001,177.10000000000002,177.10000000000002
00-0039874,Jaylen Wright,RB,2025,MIA,9,0,0,0,0,0,70,288,2,0,9,5,44,0,0,1,0,1,0,0,0.01948051948051948,-0.010113027959547887,0.0221416596490957,43.2,48.2,48.199999999999996
00-0039875,Ray Davis,RB,2025,BUF,17,0,0,0,0,0,58,275,0,0,13,10,86,2,0,0,0,0,0,1,0.027139874739039668,0.0002767017155506364,0.04090350330944494,54.1,64.1,64.1
00-0039880,Malik Washington,WR,2025,MIA,17,0,0,0,0,0,17,110,1,0,65,46,317,3,0,1,0,1,0,1,0.1406926406926407,0.10023795359904819,0.2812055285582948,70.7,116.7,116.7
00-0039884,Tahj Washington,WR,2025,MIA,2,0,0,0,0,0,0,0,0,0,5,3,37,0,0,1,0,0,1,0,0.010822510822510822,0.036882807852468766,0.04205173173049437,1.7000000000000002,4.7,4.7
00-0039890,Adonai Mitchell,WR,2025,NYJ,16,0,0,0,0,0,1,-4,0,0,74,33,453,2,0,1,0,0,1,0,0.13962264150943396,0.25159817351598174,0.38555268372533813,54.900000000000006,87.9,87.9
00-0039893,Brian Thomas Jr.,WR,2025,JAX,14,0,0,0,0,0,3,21,1,0,91,48,707,2,0,0,0,0,0,0,0.1663619744058501,0.2694672131147541,0.438170010789103,90.8,138.8,138.8
00-0039894,Xavier Worthy,WR,2025,KC,14,0,0,0,0,0,11,87,0,0,73,42,532,1,0,0,0,0,0,0,0.13296903460837886,0.2082506066622546,0.3452289765761465,67.9,109.9,109.9
00-0039901,Keon Coleman,WR,2025,BUF,12,0,0,0,0,0,0,0,0,0,59,38,404,4,1,1,0,0,1,0,0.12317327766179541,0.1823464305478694,0.3124024178762017,64.4,102.4,102.4
00-0039910,Jayden Daniels,QB,2025,WAS,7,188,1262,8,3,1,58,278,2,0,0,0,0,0,0,2,1,1,0,0,0.0,0.0,0.0,114.28,114.28,114.28
00-0039912,Ben Sinnott,TE,2025,WAS,9,0,0,0,0,0,0,0,0,0,13,11,114,1,0,0,0,0,0,0,0.03009259259259259,0.026513256628314157,0.0636981685287088,17.4,28.4,28.4
00-0039915,Ladd McConkey,WR,2025,LAC,16,0,0,0,0,0,0,0,0,0,106,66,789,6,0,0,0,0,0,0,0.1948529411764706,0.2300923889133304,0.45334408400403714,114.9,180.9,180.9
00-0039916,Ricky Pearsall,WR,2025,SF,9,0,0,0,0,0,2,-2,0,0,53,36,528,0,0,0,0,0,0,0,0.09636363636363636,0.17411545623836128,0.26642627391230744,52.6,88.6,88.6
00-0039917,Michael Penix Jr.,QB,2025,ATL,9,276,1982,9,3,1,21,70,1,0,0,0,0,0,0,2,2,0,0,0,0.0,0.0,0.0,120.28,120.28,120.28
00-0039918,Caleb Williams,QB,2025,CHI,17,568,3942,27,7,1,77,383,3,0,2,2,22,1,0,1,1,0,0,0,0.0037593984962406013,-0.0006067961165048543,0.005214340462807504,316.18,318.18,318.18
00-0039919,Rome Odunze,WR,2025,CHI,12,0,0,0,0,0,0,0,0,0,90,44,661,6,0,0,0,0,0,0,0.16917293233082706,0.2532362459546926,0.4310247706645254,102.10000000000001,146.10000000000002,146.10000000000002
00-0039920,Malachi Corley,WR,2025,CLE,12,0,0,0,0,0,13,127,0,0,14,11,79,0,0,0,0,0,0,0,0.02681992337164751,-0.0018494055482166448,0.038935301173719614,20.6,31.6,31.6
00-0039921,Trey Benson,RB,2025,ARI,4,0,0,0,0,0,29,160,0,0,16,13,64,0,0,0,0,0,0,0,0.02593192868719611,-0.004721030042918455,0.035593172000751246,22.400000000000002,35.400000000000006,35.4
00-0039923,J.J. McCarthy,QB,2025,MIN,10,243,1632,11,12,1,37,181,4,0,0,0,0,0,0,2,2,0,0,0,0.0,0.0,0.0,125.38,125.38,125.38
00-0040009,Savion Williams,WR,2025,GB,12,0,0,0,0,0,11,37,0,0,10,10,78,1,0,1,0,1,0,0,0.021739130434782608,0.003969180480971282,0.03538712198885381,15.5,25.5,25.5
00-0040021,Phil Mafah,RB,2025,DAL,1,0,0,0,0,0,5,18,1,0,2,2,11,0,0,0,0,0,0,0,0.0032948929159802307,-0.002170053264943776,0.0034233020885097035,8.9,10.9,10.9
00-0040024,Darius Cooper,WR,2025,PHI,6,0,0,0,0,0,0,0,0,0,11,9,92,0,0,0,0,0,0,0,0.023706896551724137,0.02431407539594022,0.052580197604744354,9.200000000000001,18.200000000000003,18.200000000000003
00-0040039,Amar Johnson,RB,2025,LAC,1,0,0,0,0,0,2,8,0,0,1,0,0,0,0,0,0,0,0,0,0.001838235294117647,-0.0004399472063352398,0.0024493898967418025,0.8,0.8,0.8
00-0040058,Nick Kallerup,TE,2025,SEA,4,0,0,0,0,0,0,0,0,0,1,0,0,0,0,0,0,0,0,0,0.002197802197802198,0.0021287919105907396,0.004786857634116815,0.0,0.0,0.0
00-0040067,Jacardia Wright,RB,2025,SEA,1,0,0,0,0,0,5,20,0,0,0,0,0,0,0,0,0,0,0,0,0.0,0.0,0.0,2.0,2.0,2.0
00-0040075,LaJohntay Wester,WR,2025,BAL,14,0,0,0,0,0,0,0,0,0,0,0,0,0,0,1,0,0,0,0,0.0,0.0,0.0,0.0,0.0,0.0
00-0040078,Brashard Smith,RB,2025,KC,17,0,0,0,0,0,44,151,0,0,35,25,172,1,0,0,0,0,0,0,0.06375227686703097,-0.012353849547760865,0.08698072061711386,38.300000000000004,63.300000000000004,63.3
00-0040122,Ashton Jeanty,RB,2025,LV,17,0,0,0,0,0,266,975,5,0,73,55,346,5,0,1,0,1,0,0,0.14777327935222673,-0.032418952618453865,0.1989666521954224,190.1,245.1,245.1
00-0040124,Tetairoa McMillan,WR,2025,CAR,17,0,0,0,0,0,0,0,0,0,122,70,1014,7,0,1,0,0,0,0,0.25416666666666665,0.40869565217391307,0.6673369565217391,143.4,213.4,213.4
00-0040126,Colston Loveland,TE,2025,CHI,16,0,0,0,0,0,1,-2,0,0,82,58,713,6,0,0,0,0,0,0,0.15413533834586465,0.15088996763754045,0.33682598486507526,107.10000000000001,165.10000000000002,165.1
00-0040128,Tyler Warren,TE,2025,IND,17,1,0,0,0,0,6,8,1,0,112,76,817,4,0,0,0,0,0,0,0.21132075471698114,0.13744292237442923,0.4131911777375722,112.5,188.5,188.5
00-0040129,Emeka Egbuka,WR,2025,TB,17,0,0,0,0,0,2,9,0,0,127,63,938,6,1,0,0,0,0,0,0.23475046210720887,0.34902309058614567,0.5964418565711153,132.7,195.7,195.70000000000002
00-0040130,Jayden Higgins,WR,2025,HOU,17,0,0,0,0,0,0,0,0,0,68,41,525,6,0,0,0,0,0,0,0.12296564195298372,0.17607555089192026,0.30770134855381975,88.5,129.5,129.5
00-0040131,Kyle Williams,WR,2025,NE,14,0,0,0,0,0,2,3,0,0,21,10,209,3,0,0,0,0,0,0,0.043568464730290454,0.08673026886383348,0.1260638853001191,39.2,49.2,49.2
00-0040134,Pat Bryant,WR,2025,DEN,13,0,0,0,0,0,0,0,0,0,49,31,378,1,0,0,0,0,0,0,0.0839041095890411,0.09135472370766488,0.18980447097892705,43.800000000000004,74.80000000000001,74.80000000000001
00-0040138,Jaylin Noel,WR,2025,HOU,17,0,0,0,0,0,6,12,0,0,35,26,292,2,0,0,0,0,0,0,0.06329113924050633,0.06862539349422875,0.1429744843067196,42.400000000000006,68.4,68.4
00-0040142,Kaleb Johnson,RB,2025,PIT,10,0,0,0,0,0,28,69,0,0,2,1,9,0,0,0,0,0,0,0,0.0038314176245210726,-0.0024390243902439024,0.004039809363610878,7.800000000000001,8.8,8.8
00-0040154,Tai Felton,WR,2025,MIN,12,0,0,0,0,0,0,0,0,0,3,3,25,0,0,0,0,0,0,0,0.00641025641025641,0.002927867979771094,0.01166489220122438,2.5,5.5,5.5
00-0040162,Dylan Sampson,RB,2025,CLE,15,0,0,0,0,0,65,175,0,0,40,33,271,2,0,1,0,0,1,0,0.07662835249042145,-0.016380449141347425,0.10347621433668899,54.6,87.6,87.6
00-0040164,Jaylin Lane,WR,2025,WAS,15,0,0,0,0,0,1,7,0,0,32,16,225,0,0,1,0,0,0,2,0.07407407407407407,0.10680340170085043,0.1858734923017064,35.2,51.2,51.2
00-0040170,Elic Ayomanor,WR,2025,TEN,16,0,0,0,0,0,0,0,0,0,89,41,515,4,0,0,0,0,0,0,0.16792452830188678,0.28051818634778275,0.44824952289627806,75.5,116.5,116.5
00-0040172,Jordan Watkins,WR,2025,SF,2,0,0,0,0,0,0,0,0,0,3,2,26,0,0,0,0,0,0,0,0.005454545454545455,0.010009310986964618,0.015188335872693415,2.6,4.6,4.6
00-0040179,DJ Giddens,RB,2025,IND,5,0,0,0,0,0,26,96,0,0,2,0,0,0,0,0,0,0,0,0,0.0037735849056603774,-0.0013698630136986301,0.0047014732489015255,9.600000000000001,9.600000000000001,9.600000000000001
00-0040184,KeAndre Lambert-Smith,WR,2025,LAC,10,0,0,0,0,0,0,0,0,0,12,5,51,1,0,0,0,0,0,0,0.022058823529411766,0.04641443026836779,0.0655783364819751,11.100000000000001,16.1,16.1
00-0040187,Mitchell Evans,TE,2025,CAR,14,0,0,0,0,0,1,1,0,0,25,19,171,2,0,0,0,0,0,0,0.052083333333333336,0.0263768115942029,0.09658876811594203,29.2,48.2,48.2
00-0040189,Oronde Gadsden II,TE,2025,LAC,15,0,0,0,0,0,0,0,0,0,69,49,664,3,0,1,0,0,1,0,0.12683823529411764,0.1372635283765948,0.2863418228047928,82.4,131.4,131.4
00-0040194,Jackson Hawes,TE,2025,BUF,13,0,0,0,0,0,0,0,0,0,19,16,187,3,0,0,0,0,0,0,0.03966597077244259,0.038461538461538464,0.08642203308174082,36.7,52.7,52.7
00-0040198,Ollie Gordon II,RB,2025,MIA,17,0,0,0,0,0,70,199,3,0,9,7,32,1,0,0,0,0,0,0,0.01948051948051948,-0.0074360499702558,0.02401554424160016,47.1,54.1,54.10000000000001
00-0040202,Devin Neal,RB,2025,NO,9,0,0,0,0,0,57,206,2,0,19,17,104,0,0,0,0,0,0,0,0.033628318584070796,-0.007938165865886776,0.044885761769985454,43.0,60.0,60.0
00-0040205,Kalel Mullings,RB,2025,TEN,4,0,0,0,0,0,3,7,0,0,0,0,0,0,0,0,0,0,0,0,0.0,0.0,0.0,0.7000000000000001,0.7000000000000001,0.7000000000000001
00-0040206,Riley Leonard,QB,2025,IND,5,67,415,2,3,0,6,27,2,0,0,0,-3,0,0,2,1,0,0,0,0.0,0.0,0.0,31.0,31.0,31.0
00-0040208,Tahj Brooks,RB,2025,CIN,12,0,0,0,0,0,16,45,0,0,2,1,9,0,0,0,0,0,0,0,0.003289473684210526,-0.0010622477161674102,0.004190637124998602,5.4,6.4,6.4
00-0040218,Jimmy Horn Jr.,WR,2025,CAR,10,0,0,0,0,0,8,69,0,0,15,11,108,0,0,0,0,0,0,0,0.03125,0.02608695652173913,0.06513586956521739,17.7,28.7,28.700000000000003
00-0040225,Thomas Fidone II,TE,2025,NYG,1,0,0,0,0,0,0,0,0,0,0,0,0,0,0,0,0,0,0,0,0.0,0.0,0.0,0.0,0.0,0.0
00-0040234,Quinn Ewers,QB,2025,MIA,4,83,622,3,3,0,8,19,0,0,1,1,-6,0,0,0,0,0,0,0,0.0021645021645021645,-0.001784651992861392,0.0019974968517502724,32.17999999999999,33.17999999999999,33.17999999999999
00-0040236,Kyle Monangai,RB,2025,CHI,17,0,0,0,0,0,169,783,5,2,30,18,164,0,0,0,0,0,0,0,0.05639097744360902,0.0004045307443365696,0.08486963768644913,128.7,146.7,146.70000000000002
00-0040237,Tez Johnson,WR,2025,TB,15,0,0,0,0,0,7,22,0,0,44,28,322,5,0,0,0,0,0,0,0.08133086876155268,0.11456483126110124,0.20219168502509988,64.4,92.4,92.4
00-0040238,LeQuint Allen Jr.,RB,2025,JAX,16,0,0,0,0,0,23,94,0,0,11,10,54,0,0,0,0,0,0,0,0.02010968921389397,-0.0030737704918032786,0.028012894476578655,14.8,24.8,24.8
00-0040241,Dominic Lovett,WR,2025,DET,2,0,0,0,0,0,0,0,0,0,0,0,0,0,0,0,0,0,0,0,0.0,0.0,0.0,0.0,0.0,0.0
00-0040242,Jacory Croskey-Merritt,RB,2025,WAS,17,0,0,0,0,0,175,805,8,0,13,9,68,0,0,2,0,2,0,0,0.03009259259259259,-0.004752376188094047,0.041812225557223054,131.3,140.3,140.3
00-0040244,Moliki Matavao,TE,2025,NO,1,0,0,0,0,0,0,0,0,0,2,2,10,0,0,0,0,0,0,0,0.0035398230088495575,0.0010444955086693127,0.006040881369342855,1.0,3.0,3.0
00-0040259,Gage Larvadain,WR,2025,CLE,13,0,0,0,0,0,1,3,0,0,14,7,71,0,0,1,0,0,0,0,0.02681992337164751,0.03302509907529723,0.06334745441017932,7.4,14.4,14.4
00-0040277,Jahdae Walker,WR,2025,CHI,6,0,0,0,0,0,0,0,0,0,10,6,87,2,0,0,0,0,0,0,0.018796992481203006,0.026294498381877023,0.04660163758911842,20.700000000000003,26.700000000000003,26.700000000000003
00-0040311,Theo Wease Jr.,WR,2025,MIA,3,0,0,0,0,0,0,0,0,0,10,6,139,1,0,0,0,0,0,0,0.021645021645021644,0.04074955383700178,0.06099222015343371,19.9,25.9,25.9
00-0040317,Jacoby Jones,WR,2025,WAS,1,0,0,0,0,0,0,0,0,0,1,1,25,0,0,0,0,0,0,0,0.0023148148148148147,0.0007503751875937969,0.00399748485353788,2.5,3.5,3.5
00-0040352,Coleman Owen,WR,2025,IND,2,0,0,0,0,0,0,0,0,0,1,0,0,0,0,0,0,0,0,0,0.0018867924528301887,0.00045662100456621003,0.0031498233824416304,0.0,0.0,0.0
00-0040363,Keleki Latu,TE,2025,BUF,3,0,0,0,0,0,0,0,0,0,4,4,35,0,0,0,0,0,0,0,0.008350730688935281,0.003320420586607637,0.014850390444028267,3.5,7.5,7.5
00-0040388,Jakobie Keeney-James,WR,2025,GB,1,0,0,0,0,0,0,0,0,0,2,2,15,0,0,0,0,0,0,0,0.004347826086956522,0.0035022180714452487,0.008973291780446457,1.5,3.5,3.5
00-0040398,Brady Cook,QB,2025,NYJ,5,153,739,2,7,1,13,49,0,0,0,0,0,0,0,1,1,0,0,0,0.0,0.0,0.0,28.46,28.46,28.46
00-0040406,Quentin Skinner,WR,2025,NYJ,1,0,0,0,0,0,0,0,0,0,1,1,10,0,1,0,0,0,0,0,0.00211864406779661,0.0011750881316098707,0.0040005277938218245,3.0,4.0,4.0
00-0040429,Josh Williams,RB,2025,TB,2,0,0,0,0,0,4,11,0,0,0,0,0,0,0,0,0,0,0,0,0.0,0.0,0.0,1.1,1.1,1.1
00-0040431,Dalen Cambre,WR,2025,NYG,3,0,0,0,0,0,0,0,0,0,0,0,0,0,0,0,0,0,0,0,0.0,0.0,0.0,0.0,0.0,0.0
00-0040432,Beaux Collins,WR,2025,NYG,4,0,0,0,0,0,0,0,0,0,6,2,25,0,0,0,0,0,0,0,0.011928429423459244,0.01632014308070646,0.029316744291683388,2.5,4.5,4.5
00-0040466,Raheim Sanders,RB,2025,CLE,4,0,0,0,0,0,27,92,1,0,4,3,21,0,0,0,0,0,0,0,0.007662835249042145,0.0036988110964332895,0.01408342064106652,17.3,20.3,20.3
00-0040476,Ulysses Bentley IV,RB,2025,IND,1,0,0,0,0,0,1,0,0,0,0,0,0,0,0,0,0,0,0,0,0.0,0.0,0.0,0.0,0.0,0.0
00-0040488,Carter Runyon,TE,2025,LV,3,0,0,0,0,0,0,0,0,0,1,1,3,0,0,0,0,0,0,0,0.0020242914979757085,-0.0009351620947630922,0.0023818237806293983,0.30000000000000004,1.3,1.3
00-0040494,Max Brosmer,QB,2025,MIN,7,71,328,0,4,0,7,11,0,0,0,0,0,0,0,1,1,0,0,0,0.0,0.0,0.0,4.220000000000001,4.220000000000001,4.220000000000001
00-0040506,Myles Price,WR,2025,MIN,16,0,0,0,0,0,0,0,0,0,0,0,0,0,0,3,0,0,0,0,0.0,0.0,0.0,0.0,0.0,0.0
00-0040509,Ben Yurosek,TE,2025,MIN,6,0,0,0,0,0,0,0,0,0,3,2,14,0,0,0,0,0,0,0,0.00641025641025641,0.002927867979771094,0.01166489220122438,1.4000000000000001,3.4000000000000004,3.4000000000000004
00-0040522,Xavier Restrepo,WR,2025,TEN,2,0,0,0,0,0,0,0,0,0,7,3,41,0,0,0,0,0,0,0,0.013207547169811321,0.019182859990034877,0.0332393227477414,4.1000000000000005,7.1000000000000005,7.1000000000000005
00-0040534,Ke'Shawn Williams,WR,2025,CIN,11,0,0,0,0,0,2,10,0,0,1,1,5,0,0,1,0,0,0,0,0.0019157088122605363,0.001524390243902439,0.003940636389122512,1.5,2.5,2.5
00-0040547,Nate Carter,RB,2025,ATL,2,0,0,0,0,0,9,60,0,0,0,0,0,0,0,1,0,1,0,0,0.0,0.0,0.0,4.0,4.0,4.0
00-0040556,Corey Kiner,RB,2025,ARI,4,0,0,0,0,0,12,58,0,0,3,2,15,0,0,0,0,0,0,0,0.004862236628849271,0.0023605150214592273,0.008945715458295367,7.300000000000001,9.3,9.3
00-0040563,Efton Chism III,WR,2025,NE,8,0,0,0,0,0,0,0,0,0,3,3,75,1,0,0,0,0,0,0,0.006224066390041493,0.0075888985255854295,0.014648328552972042,13.5,16.5,16.5
00-0040581,Dont'e Thornton Jr.,WR,2025,LV,11,0,0,0,0,0,0,0,0,0,30,10,135,0,0,0,0,0,0,0,0.06072874493927125,0.15492518703241895,0.19954074833160013,13.5,23.5,23.5
00-0040582,Arian Smith,WR,2025,NYJ,13,0,0,0,0,0,4,13,0,0,16,7,52,0,0,0,0,0,0,0,0.03389830508474576,0.06345475910693302,0.09526578900197176,6.5,13.5,13.5
00-0040583,Woody Marks,RB,2025,HOU,16,0,0,0,0,0,196,703,2,0,36,24,208,3,0,0,0,0,0,0,0.0650994575045208,0.0161594963273872,0.10896083368595225,121.10000000000001,145.10000000000002,145.1
00-0040584,Gunnar Helm,TE,2025,TEN,16,0,0,0,0,0,0,0,0,0,55,44,357,2,0,0,0,0,0,0,0.10377358490566038,0.07548579970104634,0.208500437149223,47.7,91.7,91.7
00-0040586,Jaydon Blue,RB,2025,DAL,5,0,0,0,0,0,38,129,1,0,1,1,5,0,0,0,0,0,0,0,0.0016474464579901153,-0.0009863878477017164,0.0017806981935939718,19.4,20.4,20.4
00-0040590,Konata Mumpfield,WR,2025,LA,10,0,0,0,0,0,0,0,0,0,23,10,92,1,0,0,0,0,0,0,0.039586919104991396,0.054532056005895356,0.09755281786161384,15.200000000000001,25.200000000000003,25.200000000000003
00-0040628,Drake Dabney,TE,2025,GB,1,0,0,0,0,0,0,0,0,0,2,1,3,0,0,0,0,0,0,0,0.004347826086956522,0.0023348120476301658,0.008156107563775898,0.30000000000000004,1.3,1.3
00-0040629,Dalevon Campbell,WR,2025,CAR,1,0,0,0,0,0,0,0,0,0,0,0,0,0,0,0,0,0,0,0,0.0,0.0,0.0,0.0,0.0,0.0
00-0040644,Trevor Etienne,RB,2025,CAR,17,0,0,0,0,0,20,94,0,0,3,3,13,0,0,1,0,0,0,0,0.00625,0.0005797101449275362,0.009780797101449277,10.700000000000001,13.700000000000001,13.700000000000001
00-0040646,Jalen Royals,WR,2025,KC,2,0,0,0,0,0,0,0,0,0,3,2,4,0,0,0,0,0,0,0,0.00546448087431694,0.004853298036620339,0.011594029937109647,0.4,2.4,2.4
00-0040648,Tory Horton,WR,2025,SEA,8,0,0,0,0,0,0,0,0,0,22,13,161,5,0,0,0,0,0,1,0.04835164835164835,0.08967535923363491,0.135300223991017,52.1,65.1,65.1
00-0040649,Robbie Ouzts,RB,2025,SEA,4,0,0,0,0,0,0,0,0,0,0,0,0,0,0,0,0,0,0,0,0.0,0.0,0.0,0.0,0.0,0.0
00-0040663,Harold Fannin Jr.,TE,2025,CLE,16,0,0,0,0,0,7,13,1,0,107,72,731,6,0,1,0,1,0,0,0.2049808429118774,0.17067371202113607,0.4269428627826114,114.4,186.4,186.4
00-0040666,Omarion Hampton,RB,2025,LAC,9,0,0,0,0,0,124,545,4,0,35,32,192,1,0,0,0,0,0,0,0.06433823529411764,-0.011878574571051475,0.08819235074144043,103.7,135.7,135.7
00-0040667,Matthew Golden,WR,2025,GB,14,0,0,0,0,0,10,49,0,0,44,29,361,0,0,0,0,0,0,0,0.09565217391304348,0.12888162502918515,0.2336953983899948,41.0,70.0,70.0
00-0040668,Shedeur Sanders,QB,2025,CLE,8,212,1400,7,10,0,21,169,1,0,0,0,0,0,0,1,1,0,0,0,0.0,0.0,0.0,84.9,84.9,84.9
00-0040669,Isaac TeSlaa,WR,2025,DET,14,0,0,0,0,0,0,0,0,0,27,16,239,6,0,0,0,0,0,0,0.04909090909090909,0.09431939978563773,0.13965994348631006,59.900000000000006,75.9,75.9
00-0040673,Jalen Milroe,QB,2025,SEA,3,0,0,0,0,0,3,4,0,0,0,0,0,0,0,1,0,1,0,0,0.0,0.0,0.0,-1.6,-1.6,-1.6
00-0040676,Cam Ward,QB,2025,TEN,17,540,3169,15,7,0,39,159,2,0,0,0,0,0,0,7,7,0,0,0,0.0,0.0,0.0,186.66,186.66,186.66
00-0040691,Jaxson Dart,QB,2025,NYG,14,339,2272,15,5,1,86,487,9,0,0,0,0,0,0,2,1,1,0,0,0.0,0.0,0.0,241.57999999999998,241.57999999999998,241.57999999999998
00-0040704,Dillon Gabriel,QB,2025,CLE,10,185,937,7,2,0,14,86,0,0,0,0,0,0,0,0,0,0,0,0,0.0,0.0,0.0,70.08,70.08,70.08
00-0040705,Chimere Dike,WR,2025,TEN,17,0,0,0,0,0,11,18,0,0,74,48,423,4,0,1,0,0,0,2,0.13962264150943396,0.14922770303936223,0.3138933543917045,80.1,128.1,128.1
00-0040715,Cam Skattebo,RB,2025,NYG,8,0,0,0,0,0,101,410,5,1,32,24,207,2,0,1,0,1,0,0,0.0636182902584493,-0.0011178180192264698,0.09464496277421543,103.7,127.7,127.69999999999999
00-0040719,Bhayshul Tuten,RB,2025,JAX,15,0,0,0,0,0,83,307,5,0,14,10,79,2,0,1,0,1,0,0,0.025594149908592323,0.001639344262295082,0.039538765846495044,78.6,88.6,88.60000000000001
00-0040727,Tre Harris,WR,2025,LAC,16,0,0,0,0,0,2,10,0,0,43,30,324,1,0,0,0,0,0,0,0.07904411764705882,0.08754949406071272,0.17985082231308713,39.4,69.4,69.4
00-0040729,Jack Bech,WR,2025,LV,14,0,0,0,0,0,0,0,0,0,29,20,224,0,0,0,0,0,0,0,0.058704453441295545,0.07481296758104738,0.14042575746867647,22.400000000000002,42.400000000000006,42.400000000000006
00-0040730,RJ Harvey,RB,2025,DEN,17,1,0,0,0,0,146,540,7,0,58,47,356,5,0,1,0,1,0,0,0.09931506849315068,0.006238859180035651,0.15333980416575096,159.60000000000002,206.60000000000002,206.6
00-0040734,TreVeyon Henderson,RB,2025,NE,17,0,0,0,0,0,180,911,9,0,42,35,221,1,0,1,0,1,0,0,0.08713692946058091,-0.0002168256721595837,0.13055361622035963,171.2,206.2,206.20000000000002
00-0040735,Luther Burden III,WR,2025,CHI,15,0,0,0,0,0,6,37,0,0,60,47,652,2,0,0,0,0,0,0,0.11278195488721804,0.09304207119741101,0.23430238216901478,80.9,127.9,127.9
00-0040736,Mason Taylor,TE,2025,NYJ,13,0,0,0,0,0,0,0,0,0,65,44,369,1,1,0,0,0,0,0,0.13771186440677965,0.11016451233842538,0.28368295524706727,44.9,88.9,88.9
00-0040737,Terrance Ferguson,TE,2025,LA,11,0,0,0,0,0,1,0,0,0,25,11,231,3,0,0,0,0,0,0,0.043029259896729774,0.08585114222549742,0.12463968940294284,41.1,52.1,52.1
00-0040739,Elijah Arroyo,TE,2025,SEA,13,0,0,0,0,0,0,0,0,0,26,15,179,1,0,1,0,0,1,0,0.05714285714285714,0.05854177754124534,0.12669352999315744,21.900000000000002,36.900000000000006,36.900000000000006
00-0040743,Tyler Shough,QB,2025,NO,11,327,2384,10,6,0,45,186,3,1,0,0,0,0,0,2,1,1,0,0,0.0,0.0,0.0,157.96,157.96,157.96
00-0040782,Isaiah Bond,WR,2025,CLE,15,0,0,0,0,0,5,29,0,0,44,18,338,0,0,0,0,0,0,0,0.0842911877394636,0.19841479524438574,0.26532713828026544,36.7,54.7,54.7
00-0040784,Quinshon Judkins,RB,2025,CLE,14,0,0,0,0,0,230,827,7,1,36,26,171,0,0,0,0,0,0,0,0.06896551724137931,-0.003963011889035667,0.100674167539744,143.8,169.8,169.8
